text,text_trunc,humt_text,std_humt_text
"I am so sorry you have experienced such painful relationship endings. Having someone suddenly abandon you without closure is deeply hurtful, and it makes complete sense that those experiences have left you feeling anxious. When you feel depressed or rejected because someone is busy, it is likely your mind reacting to past pain and trying to protect you from being abandoned again, rather than proof that something is inherently wrong with you. 

A good first step in healing is practicing self-compassion. When those fears arise, try to gently remind yourself that your loved ones' busyness is not a reflection of your worth, and that the present moment is different from your past. Because these feelings are so heavy, speaking with a therapist or counselor could be incredibly helpful. They can provide a safe space to process that lack of closure and help you build tools to navigate these fears of abandonment. You deserve support, and you don't have to carry this weight all on your own.","I am so sorry you have experienced such painful relationship endings. Having someone suddenly abandon you without closure is deeply hurtful, and it makes complete sense that those experiences have left you feeling anxious. When you feel depressed or rejected because someone is busy, it is likely you",0.06238336086273222,0.011361549715911684
"It is completely normal to feel anxious before starting therapy, but please know that you do not need to worry about crying. Therapists are professionals who see people cry all the time—in fact, their offices are usually stocked with tissues for exactly this reason. Crying is a natural release of emotion and a very common, healthy part of the healing process. 

Your therapist will not judge you or think less of you if you cry. They are there to provide a safe, supportive space for you to express whatever you are feeling, whether that involves tears, frustration, or even silence. You can even tell them in your first session that you are nervous about crying; sharing that fear can often help relieve the pressure. You are taking a brave step by starting counseling, and it is entirely okay to just be yourself and let your emotions out.","It is completely normal to feel anxious before starting therapy, but please know that you do not need to worry about crying. Therapists are professionals who see people cry all the time—in fact, their offices are usually stocked with tissues for exactly this reason. Crying is a natural release of em",0.07275743007659896,0.013552492109333273
"It is completely normal to feel nervous and shaky, even after a couple of sessions. Therapy involves opening up about vulnerable and personal topics, which can naturally trigger anxiety. Building trust with a therapist takes time, and your mind and body are still adjusting to this new, unfamiliar environment. There is no set timeline for when you ""should"" feel completely relaxed, so try not to put pressure on yourself to feel perfectly calm right away. 

You might find it helpful to tell your therapist exactly how you are feeling when you walk in. They are trained to help you navigate this anxiety and can adjust the pace of the session to make you feel more comfortable. Be patient with yourself and recognize that continuing to show up, even when you feel anxious, shows a lot of courage.","It is completely normal to feel nervous and shaky, even after a couple of sessions. Therapy involves opening up about vulnerable and personal topics, which can naturally trigger anxiety. Building trust with a therapist takes time, and your mind and body are still adjusting to this new, unfamiliar en",0.09777150630950882,0.01451129800263465
"It is completely understandable to feel lost and sad when your relationship dynamic changes so suddenly. Adjusting to a partner traveling frequently is a tough challenge, and his reduced communication might simply be due to the stress and busyness of his new job, rather than a reflection of his feelings for you. 

To help cope while he is away, try focusing on building your own fulfilling routine. Engaging in activities that bring you joy, reconnecting with friends, or starting a new hobby can help shift your focus and ease those feelings of separation anxiety. It might also be very helpful to have an open, gentle conversation with him about your needs. Let him know how much you miss him, and see if you can agree on a realistic communication schedule, like a dedicated phone call or video chat each evening. Finding a balance between nurturing your own independence and establishing a new way to stay connected can make this transition much easier for both of you.","It is completely understandable to feel lost and sad when your relationship dynamic changes so suddenly. Adjusting to a partner traveling frequently is a tough challenge, and his reduced communication might simply be due to the stress and busyness of his new job, rather than a reflection of his feel",0.06399391174316449,0.01213596979079669
"I am so sorry you are dealing with this. It sounds incredibly exhausting to manage a racing mind, anxiety, and sleep issues, especially when medications have caused such painful side effects. Because your symptoms are tied to a head injury and you are having severe physical reactions to medication, it is very important to share these specific side effects with a neurologist or your primary doctor. They can help explore alternative, non-medication therapies like cognitive rehabilitation, specialized counseling, or biofeedback. 

In the meantime, you might find some relief through gentle grounding techniques. Focusing on your breathing, such as inhaling deeply for four seconds and exhaling for six, can help signal your nervous system to slow down. You could also try restorative practices like listening to guided sleep meditations, using a weighted blanket, or doing progressive muscle relaxation to help ease your racing thoughts before bed. Please be gentle with yourself as you navigate this.","I am so sorry you are dealing with this. It sounds incredibly exhausting to manage a racing mind, anxiety, and sleep issues, especially when medications have caused such painful side effects. Because your symptoms are tied to a head injury and you are having severe physical reactions to medication, ",0.05275671482086208,0.01064682711348249
"It can be really exhausting to carry the weight of feeling like a burden, especially when your own thoughts are telling you something completely different from what your loved ones say. Anxiety often acts like a distorted mirror, making us believe we are bothering others even when they genuinely want us around. 

Try to give your girlfriend's words some weight—she cares about you and is actively choosing to be with you. When you catch yourself thinking you're stressing everyone out, gently remind yourself that this might be your anxiety talking, not the reality of how others see you. If these thoughts continue to overwhelm you, speaking with a counselor could be a great way to help untangle them and build more self-compassion.","It can be really exhausting to carry the weight of feeling like a burden, especially when your own thoughts are telling you something completely different from what your loved ones say. Anxiety often acts like a distorted mirror, making us believe we are bothering others even when they genuinely wan",0.09215597867965686,0.013422310159459912
"It is completely understandable that you are worried about your daughter. Watching a child you love become overwhelmed by stress is incredibly difficult, especially when she puts so much pressure on herself to maintain her high grades. High-achieving students often carry a heavy internal burden, and what might seem like a small issue to others can feel catastrophic to them in the moment. 

Trust your instincts as a parent. If her reactions seem disproportionate and you are worried the stress is becoming too much for her to handle, reaching out to a professional is a very loving and proactive step. A pediatrician or a mental health counselor can help evaluate what she is experiencing and teach her healthy coping mechanisms for managing anxiety and perfectionism. In the meantime, continue offering her a safe, non-judgmental space to express her feelings, gently reminding her that your love and her worth are not tied to her academic performance.","It is completely understandable that you are worried about your daughter. Watching a child you love become overwhelmed by stress is incredibly difficult, especially when she puts so much pressure on herself to maintain her high grades. High-achieving students often carry a heavy internal burden, and",0.0871072220802307,0.01405902650323949
"It is incredibly painful to feel used and to see your child caught in the middle of a difficult dynamic. Navigating a situation where a child is used as a pawn is exhausting, and it makes sense that you want to protect your peace. However, moving on from your ex-wife does not have to mean moving on from your child. Generally, consistent, loving, and predictable contact with a caring parent provides stability for a child, rather than confusion. The confusion usually stems from adult conflict, not from your presence.

To protect yourself while staying in your child's life, try establishing strict boundaries with your ex-wife, focusing communication solely on the child's logistics. Because this is so complex, consider speaking with a family counselor or a legal professional. They can help you build a strategy to maintain a meaningful relationship with your child while safeguarding your own mental health against further manipulation.","It is incredibly painful to feel used and to see your child caught in the middle of a difficult dynamic. Navigating a situation where a child is used as a pawn is exhausting, and it makes sense that you want to protect your peace. However, moving on from your ex-wife does not have to mean moving on ",0.10024757385253924,0.013969416025812788
"It sounds incredibly exhausting to carry that sadness all the time, especially when you feel disconnected from the people closest to you. Feeling like your family is trying to control you and holding you back from growing is a very heavy burden to bear. It is completely valid to want your own space and independence to figure out who you are and what you want out of life. 

When family dynamics become overwhelming, it can be really helpful to find an outlet outside of that environment. You might consider talking to a counselor or therapist who can offer a neutral, safe space to explore these feelings of sadness and help you navigate setting healthy boundaries with your family. In the meantime, try to carve out small moments or activities just for yourself that give you a sense of autonomy, peace, and personal growth.","It sounds incredibly exhausting to carry that sadness all the time, especially when you feel disconnected from the people closest to you. Feeling like your family is trying to control you and holding you back from growing is a very heavy burden to bear. It is completely valid to want your own space ",0.05623882055282614,0.012521826601431313
"Navigating child custody disputes is incredibly stressful, especially when you have concerns about your child's therapy. Ethically, a counselor's primary responsibility is to the well-being and emotional safety of the child, not to serve as an investigator or to build a legal case for one parent. Professional guidelines generally prohibit counselors from taking sides in custody battles or allowing therapy sessions to be used by one parent to interrogate a child about the other parent's visitation. The therapeutic space is meant to be a safe, neutral environment for the child to process their feelings at their own pace.

If you believe a counselor is acting unethically or being used to serve one parent's legal interests, it may be helpful to consult with a family law attorney about your options. You can also review the ethical guidelines of the counselor's specific licensing board (such as the state board for licensed professional counselors, psychologists, or social workers) to understand your rights and how to address these concerns formally.","Navigating child custody disputes is incredibly stressful, especially when you have concerns about your child's therapy. Ethically, a counselor's primary responsibility is to the well-being and emotional safety of the child, not to serve as an investigator or to build a legal case for one parent. Pr",0.012071378231048424,0.010894572212867479
"It sounds incredibly stressful to want to help your daughter but feel limited by financial constraints. As a parent, it is completely natural to want to provide the care she needs, and it can be heartbreaking when the costs are out of reach. Please remember that you are doing your best with the resources you have, and this financial barrier is not a failure on your part. 

Since she went for two weeks last year, she has already shown a willingness to seek support, which is a very positive sign. You might encourage her to look into community health centers, which often offer services on a sliding scale based on income, or explore free support groups that can provide coping strategies and a sense of community. Simply being there to offer your emotional support and a listening ear makes a significant difference while you both navigate these hurdles.","It sounds incredibly stressful to want to help your daughter but feel limited by financial constraints. As a parent, it is completely natural to want to provide the care she needs, and it can be heartbreaking when the costs are out of reach. Please remember that you are doing your best with the reso",0.06625059366226216,0.009091221540968138
"It is incredibly painful to pour years of sacrifice into raising your children, only to feel unappreciated and watch them gravitate toward a parent who caused you harm. Your feelings of deep hurt are completely valid. Often, young adults do not fully grasp the complexities of their parents' past, especially if they were shielded from the abuse or if the other parent presents a different version of themselves today. 

While you cannot control their relationship with their father, you can protect your own peace. It is okay to set firm boundaries with your youngest daughter, calmly letting her know that calling you ""crazy"" is disrespectful and unacceptable. Because this situation brings up the trauma of your past abuse and the grief of feeling unseen, speaking with a counselor could be very helpful. A professional can help you navigate these complex dynamics and find ways to heal while focusing on the happiness you have built in your new marriage.","It is incredibly painful to pour years of sacrifice into raising your children, only to feel unappreciated and watch them gravitate toward a parent who caused you harm. Your feelings of deep hurt are completely valid. Often, young adults do not fully grasp the complexities of their parents' past, es",0.047423691749572505,0.013325271844083515
"It sounds incredibly exhausting to pour your heart into every aspect of your life—school, family, your faith, and personal growth—only to be met with criticism. When you are giving 100% and actively trying to be a kind, learning person, hearing that it isn't enough can easily lead to feeling worn out and hopeless. Please know that your efforts are deeply valuable, even if the people around you aren't recognizing them right now. 

Sometimes, the expectations others place on us are more about their own unrealistic standards than about our actual worth. It might help to gently shift your focus from trying to satisfy their impossible metrics to recognizing your own achievements. You are allowed to define what ""good enough"" means for yourself. Consider talking to a school counselor or a trusted mentor who can offer an objective, supportive perspective and help you navigate these heavy external pressures while you practice giving yourself the grace you deserve.","It sounds incredibly exhausting to pour your heart into every aspect of your life—school, family, your faith, and personal growth—only to be met with criticism. When you are giving 100% and actively trying to be a kind, learning person, hearing that it isn't enough can easily lead to feeling worn ou",0.049583075046538916,0.01194562772329613
"It is completely understandable that you are feeling so conflicted. Betrayal leaves a deep wound, and it makes sense that your ex's infidelity is bringing up painful echoes of your father's actions. When we experience childhood trauma, like a parent's betrayal, it can deeply affect our self-esteem and make us crave validation from the very people who hurt us. It is okay to feel a mix of gratitude for his financial help and anger for his betrayal; human emotions are rarely simple. 

To help break this cycle and focus on your new relationship, you might want to consider unfollowing or muting him on social media. Constantly seeing his updates can keep the wound open and fuel the obsession. Healing doesn't necessarily require you to force feelings of forgiveness or hate; it is more about slowly redirecting your energy back to yourself. Since these feelings and nightmares are haunting you, speaking with a counselor could be incredibly helpful for unpacking these childhood patterns and rebuilding your self-esteem.","It is completely understandable that you are feeling so conflicted. Betrayal leaves a deep wound, and it makes sense that your ex's infidelity is bringing up painful echoes of your father's actions. When we experience childhood trauma, like a parent's betrayal, it can deeply affect our self-esteem a",0.07631068229675275,0.0105661897129415
"It sounds like you are carrying a heavy emotional burden right now. It takes a lot of self-awareness to recognize how your insecurities are impacting your relationship, and it is clear you care deeply about your girlfriend's happiness. Feeling trapped because you want what is best for her, but worry about her living situation, is an incredibly stressful place to be. 

Before making a final decision, consider having an honest conversation with her about your fears. She chose to be with you, and assuming she is only staying out of necessity might be your insecurities talking. However, if you truly feel the relationship is unhealthy and your jealousy won't change, it is okay to step away. If you do break up, you can still be compassionate by giving her a reasonable timeline to find a new place to live. Ultimately, working on your own self-esteem and trust issues will be important for your peace of mind, regardless of what happens next.","It sounds like you are carrying a heavy emotional burden right now. It takes a lot of self-awareness to recognize how your insecurities are impacting your relationship, and it is clear you care deeply about your girlfriend's happiness. Feeling trapped because you want what is best for her, but worry",0.0662542223930358,0.010830727516450747
"I am so sorry you have been dealing with bullying for so long. It is completely understandable that hearing those hurtful things repeatedly has made you start to believe them, but please know that their words do not define your worth. People who bully often do so out of their own insecurities, and their cruelty is a reflection of them, not you. You deserve to feel comfortable and confident in your own skin, and learning to separate your true value from their negativity takes time and support.

It is incredibly frustrating when you ask for help, like seeing a therapist, and your parents don't recognize how much you are struggling. Since your parents are hesitant right now, consider reaching out to a school counselor, a trusted teacher, or a doctor. They can offer you a safe space to talk about these feelings and might even be able to help explain to your parents why professional support is so important for your well-being. Please don't give up on advocating for yourself.","I am so sorry you have been dealing with bullying for so long. It is completely understandable that hearing those hurtful things repeatedly has made you start to believe them, but please know that their words do not define your worth. People who bully often do so out of their own insecurities, and t",0.05067899227142325,0.012319072211422618
"It sounds incredibly exhausting and painful to feel like you don't measure up to the people around you. While many teenagers struggle with self-esteem and body image, what you are describing goes beyond typical teenage stress. Trying to throw up to lose weight is a sign that you are dealing with something very serious, and it can be dangerous to your health. You are right to trust your instincts that these feelings are not something you should just have to accept as normal. 

You deserve to feel safe in your own body and to get support for these overwhelming feelings. Please consider talking to a trusted adult, like a parent, school counselor, or doctor, about what you are going through. You can also text HOME to 741741 to connect with a crisis counselor, or reach out to an eating disorder helpline in your area. You don't have to carry this heavy burden all by yourself, and help is available.","It sounds incredibly exhausting and painful to feel like you don't measure up to the people around you. While many teenagers struggle with self-esteem and body image, what you are describing goes beyond typical teenage stress. Trying to throw up to lose weight is a sign that you are dealing with som",0.05051679611206028,0.010792395958211463
"Going through a terrible breakup is incredibly painful, and it is completely normal that everything feels like a constant reminder right now. When your heart is hurting, your brain tends to hyper-focus on the person you lost, making it feel impossible to escape the memories. Please be gentle with yourself; healing from this kind of emotional shock takes time, and it is okay if you are not ready to just ""move on"" immediately. 

To help ease the transition, try to temporarily change your routine or rearrange your living space to create a fresh environment. It can also be incredibly helpful to limit contact and take a break from social media to give your mind a rest from direct triggers. When a painful memory pops up, acknowledge it without judgment, and gently redirect your attention to a small, comforting activity. Lean on supportive friends or family, and focus on daily acts of self-care. Moving on is about slowly rebuilding your life until the pain takes up less space.","Going through a terrible breakup is incredibly painful, and it is completely normal that everything feels like a constant reminder right now. When your heart is hurting, your brain tends to hyper-focus on the person you lost, making it feel impossible to escape the memories. Please be gentle with yo",0.04886967897415184,0.011204054769026058
"It is incredibly painful to let go of someone who awakened such deep and unprecedented feelings in you. It makes complete sense that you are struggling to move on, especially when you are carrying this heavy burden alone due to the fear of judgment from those around you. Balancing what your heart wants with what your logical mind knows is right is one of the hardest emotional conflicts to navigate. 

Moving on doesn't mean you have to erase the genuine love you felt or pretend it didn't matter. Instead, try to recognize that *you* possess the capacity to love that deeply, and that capacity stays with you. Since you cannot talk to friends or family about this, consider journaling your thoughts or speaking with a counselor who can offer a safe, non-judgmental space to process this hidden grief. Be gentle with yourself; healing from a profound connection takes time, and it is completely okay to take it one day at a time.","It is incredibly painful to let go of someone who awakened such deep and unprecedented feelings in you. It makes complete sense that you are struggling to move on, especially when you are carrying this heavy burden alone due to the fear of judgment from those around you. Balancing what your heart wa",0.04959466457366979,0.012290295262213846
"I am so sorry you are going through this. Hearing that your wife wants a divorce so suddenly, especially without an explanation, must be incredibly shocking and painful. It is completely natural to feel confused and to want to fight to keep your family together. 

Deciding whether to try and save your marriage is a deeply personal choice. A good first step might be to gently express your commitment to your family and ask if she would be open to couples counseling. A neutral environment might help her feel comfortable enough to finally share her reasons. However, remember that you can only control your own actions and cannot force her to open up. Focus on being a steady, supportive presence for your daughter right now. You might also find it very helpful to speak with an individual counselor to help you process this sudden shock, manage your grief, and navigate the difficult decisions ahead.","I am so sorry you are going through this. Hearing that your wife wants a divorce so suddenly, especially without an explanation, must be incredibly shocking and painful. It is completely natural to feel confused and to want to fight to keep your family together. 

Deciding whether to try and save yo",0.0955213499069214,0.014720899887317826
"It takes a lot of courage to recognize how your past trauma is affecting your present behavior. It is completely understandable to feel terrified at the thought of being a single parent, but begging someone to return to an unhappy dynamic won't heal the underlying pain for either of you, or create a healthy environment for your son. 

The most important step you can take right now is to seek professional support. A therapist or counselor can help you process the childhood abuse you endured, learn healthier ways to cope with those deep wounds, and break the cycle of abusive behavior. Working on your own healing is the best way to build a safe, stable future for both you and your son, whether you are co-parenting or navigating life on your own.","It takes a lot of courage to recognize how your past trauma is affecting your present behavior. It is completely understandable to feel terrified at the thought of being a single parent, but begging someone to return to an unhappy dynamic won't heal the underlying pain for either of you, or create a",0.0655131697654725,0.013950027472057074
"Keeping a marriage strong and reducing the risk of divorce often comes down to consistent, open communication and mutual respect. Couples who thrive tend to prioritize listening to each other's needs without judgment and working through conflicts as a team rather than as adversaries. 

It is also incredibly helpful to nurture the friendship at the core of the relationship by spending quality time together, showing appreciation, and maintaining emotional intimacy. Seeking couples counseling before problems become unmanageable can also be a proactive way to strengthen the bond and learn healthy communication tools. Ultimately, it takes a shared commitment from both partners to keep growing together.","Keeping a marriage strong and reducing the risk of divorce often comes down to consistent, open communication and mutual respect. Couples who thrive tend to prioritize listening to each other's needs without judgment and working through conflicts as a team rather than as adversaries. 

It is also in",0.025670044422150262,0.016113916249789497
"It is completely normal to feel overwhelmed, especially at your very first job. Crying is just a natural physical response to stress and frustration, not a sign of weakness. In fact, it takes a lot of courage to approach your boss to talk about how you were feeling. Shedding a tear during that conversation just shows how much you care about your work and doing a good job. 

Try not to be too hard on yourself about what happened. Many managers understand that adjusting to a new job is a big learning curve, and showing emotion doesn't mean they won't want to keep you. While it is easy to fear the worst right now, try to take a deep breath and focus on the tasks you can control. Every new experience, even the stressful ones, helps you grow. You are doing your best in a brand-new situation, and that is something to be proud of.","It is completely normal to feel overwhelmed, especially at your very first job. Crying is just a natural physical response to stress and frustration, not a sign of weakness. In fact, it takes a lot of courage to approach your boss to talk about how you were feeling. Shedding a tear during that conve",0.0875614953041075,0.011665638026876536
"It sounds incredibly frustrating to feel constantly misunderstood and accused of things you aren't doing. When your intentions don't match how your actions are received, it can create a painful cycle of defensiveness and hurt in a relationship. 

To help her understand, it might be helpful to shift the conversation away from who is right or wrong and focus instead on the feelings underneath. You might try asking her what specific actions make her feel insecure, while also sharing how her constant accusations impact you. Sometimes, using terms of endearment like ""sweetheart"" with others can feel like a boundary violation to a partner, even if you mean absolutely nothing by it. Having a calm, open discussion about both of your boundaries and relationship expectations could help bridge this gap. If these conversations keep ending in a stalemate, working with a couples counselor could provide a neutral, safe space for both of you to finally feel heard and begin rebuilding trust.","It sounds incredibly frustrating to feel constantly misunderstood and accused of things you aren't doing. When your intentions don't match how your actions are received, it can create a painful cycle of defensiveness and hurt in a relationship. 

To help her understand, it might be helpful to shift ",0.0642315053939817,0.012104838509532997
"It is completely understandable that you are feeling anxious and demoralized. Being overworked and undervalued in a high-stress tech environment is incredibly draining, and your feelings are a natural response to that imbalance. To help manage this stress, a crucial first step is setting firm boundaries. Try to strictly separate your work hours from your personal time by turning off notifications and stepping away from your screens when the workday ends. During the day, taking short, regular breaks to stretch or practice deep breathing can help reset your nervous system. 

Beyond daily stress management, consider if there is room to have a candid conversation with your manager about prioritizing your workload. Since your environment is impacting your self-worth, it is vital to invest time in activities outside of work that remind you of your value. If the anxiety becomes overwhelming, speaking with a career counselor or a mental health professional could provide tailored strategies to help you navigate this difficult situation.","It is completely understandable that you are feeling anxious and demoralized. Being overworked and undervalued in a high-stress tech environment is incredibly draining, and your feelings are a natural response to that imbalance. To help manage this stress, a crucial first step is setting firm bounda",0.07742242097854657,0.014247927384888082
"It is completely understandable that you are struggling to move on, especially since he is still giving you mixed signals through physical touch and checking you out. When you have strong feelings for someone, trying to immediately transition back to a platonic friendship is incredibly difficult, and it is natural that his affection is keeping your hope alive. 

To get him out of your system, you may need to establish clearer boundaries. Since his hugs and touches are fueling your fantasies, it is okay to gently ask him to dial back the physical affection. You might also consider taking a temporary step back from the friendship. Giving yourself some real space—limiting your conversations and hangouts for a little while—can provide the emotional distance you need to heal. Once your feelings have truly settled, you can reevaluate if maintaining the friendship is possible and healthy for your own well-being.","It is completely understandable that you are struggling to move on, especially since he is still giving you mixed signals through physical touch and checking you out. When you have strong feelings for someone, trying to immediately transition back to a platonic friendship is incredibly difficult, an",0.08054980278015123,0.012508226503489615
"Because I don't have the specific details of the situation you're referring to, I can't say for sure whether it violates ethical codes or carries legal ramifications. In general, mental health professionals are bound by strict ethical guidelines and laws regarding confidentiality, boundaries, and the standard of care. If a professional crosses these boundaries—such as sharing private information without consent or engaging in inappropriate relationships—it is usually an ethical violation and can sometimes have legal consequences. 

If you are concerned about a situation involving a care provider, you might consider reaching out to their state licensing board to ask questions or file a complaint. If you are instead worried about your own legal or ethical standing in a particular scenario, consulting with a legal professional or a trusted advocate is the best way to get accurate, confidential advice tailored to your specific circumstances.","Because I don't have the specific details of the situation you're referring to, I can't say for sure whether it violates ethical codes or carries legal ramifications. In general, mental health professionals are bound by strict ethical guidelines and laws regarding confidentiality, boundaries, and th",0.0440363597869875,0.012846658616217966
"I am so sorry you had to go through those traumatic experiences. It takes an incredible amount of courage to acknowledge how these triggers are impacting your life and to actively seek ways to cope. Please know that experiencing triggers after surviving sexual abuse is a very common and natural response; your mind and body are reacting to past trauma, and it is absolutely not your fault. 

Navigating intimacy while managing trauma can be incredibly challenging. Open, gentle communication with your partner about your boundaries and what you need when a trigger occurs can help build a safe space for you both. Because healing from multiple traumas is a heavy burden to carry alone, working with a trauma-informed therapist can provide you with specific, safe coping tools to help you reclaim your daily life. You might also find it helpful to reach out to organizations like RAINN (800-656-HOPE or rainn.org) for specialized support and resources. Please be gentle and patient with yourself as you navigate this healing process.",I am so sorry you had to go through those traumatic experiences. It takes an incredible amount of courage to acknowledge how these triggers are impacting your life and to actively seek ways to cope. Please know that experiencing triggers after surviving sexual abuse is a very common and natural resp,0.08908998966217041,0.01196606024246712
"I am so incredibly sorry for the loss of your friend. Losing someone to suicide is a profound and complex trauma, and it is completely understandable that you are looking for ways to numb the intense pain you are feeling right now. While drinking and smoking might offer temporary relief, they can ultimately deepen feelings of depression and make the grieving process even harder to navigate. 

To handle this in a gentler way, consider reaching out to a grief counselor or a support group specifically for suicide loss survivors. Connecting with others who truly understand this specific kind of grief can be incredibly healing. In the moments when the pain feels overwhelming, try grounding exercises, journaling, or simply talking to a trusted loved one about what you are going through. Please remember to be patient with yourself; healing from this takes time, and seeking professional support can help you carry this heavy load.","I am so incredibly sorry for the loss of your friend. Losing someone to suicide is a profound and complex trauma, and it is completely understandable that you are looking for ways to numb the intense pain you are feeling right now. While drinking and smoking might offer temporary relief, they can ul",0.032403261661529736,0.012520942001735189
"It is completely understandable to be concerned about how this recent car accident might affect you. Yes, experiencing a new traumatic or highly stressful event can sometimes add to or complicate existing PTSD. When your nervous system is already sensitized from your military experiences, a sudden shock like a car accident can trigger familiar stress responses, heighten anxiety, or bring up new challenges. 

Please know that you do not have to navigate this compounding stress alone. It would be very beneficial to share this recent accident and any new or worsening symptoms with a healthcare provider or mental health professional. They can help you understand how these two experiences might be interacting and work with you to adjust your support plan so you can continue healing.","It is completely understandable to be concerned about how this recent car accident might affect you. Yes, experiencing a new traumatic or highly stressful event can sometimes add to or complicate existing PTSD. When your nervous system is already sensitized from your military experiences, a sudden s",0.07736075878143289,0.01023543540576842
"Seeking help for PTSD is a brave step, and it is completely understandable to feel overwhelmed when finances are a barrier. There are several avenues you can explore to find care without insurance. Many communities have federally funded health centers or local mental health clinics that offer services on a sliding scale based on your income, which can sometimes mean free care. You can also look into local university psychology departments; they often have training clinics where graduate students provide therapy at a very low cost under the supervision of licensed professionals.

Additionally, organizations like the National Alliance on Mental Illness (NAMI) or the Substance Abuse and Mental Health Services Administration (SAMHSA) have free helplines and online locators to help you find affordable local resources and free support groups. If you ever feel in crisis or overwhelmed, please reach out to the 988 Suicide & Crisis Lifeline by calling or texting 988 for immediate, free support.","Seeking help for PTSD is a brave step, and it is completely understandable to feel overwhelmed when finances are a barrier. There are several avenues you can explore to find care without insurance. Many communities have federally funded health centers or local mental health clinics that offer servic",0.07487721920013435,0.017268635128550806
"It sounds like you went through something incredibly painful and frightening at a very young age. I am so sorry you and your brother had to experience that. Please know that not being able to remember is a very common response to severe childhood trauma. When a situation is too overwhelming for a child to process, the brain often protects them by blurring or blocking out those memories entirely. You are not alone in experiencing this kind of memory gap, and it is a natural survival mechanism.

Navigating these missing pieces and the complex emotions attached to them can be really heavy. Because these memories are tied to such a traumatic event, it can be very beneficial to explore them with a trauma-informed therapist. A professional can provide a safe, grounded space to help you process your past at a pace that feels manageable for you. Please be gentle with yourself right now; healing is a journey, and you deserve support as you make sense of your story.",It sounds like you went through something incredibly painful and frightening at a very young age. I am so sorry you and your brother had to experience that. Please know that not being able to remember is a very common response to severe childhood trauma. When a situation is too overwhelming for a ch,0.0721182417869568,0.011934852317909214
"I am so sorry you are experiencing this. What you are describing—being called vulgar names and being the target of her anger—is absolutely verbal and emotional abuse, regardless of what she calls it. You do not deserve to be treated this way. The fact that her behavior is escalating and getting worse over time is very concerning. Minimizing the behavior by calling it ""just angry verbal bashing"" is a common tactic used to avoid taking responsibility for hurtful actions. 

Because this situation is escalating, please consider reaching out to professionals who can support you. You can contact the National Domestic Violence Hotline at 1-800-799-SAFE (7233) or text ""START"" to 88788. They are available 24/7 to help you talk through what is happening, understand your boundaries, and explore safe options. Please prioritize your emotional and physical well-being.","I am so sorry you are experiencing this. What you are describing—being called vulgar names and being the target of her anger—is absolutely verbal and emotional abuse, regardless of what she calls it. You do not deserve to be treated this way. The fact that her behavior is escalating and getting wors",0.08605239629745487,0.012975955720076753
"This sounds like an incredibly dangerous and terrifying situation for both your friend and you. The behaviors you described—choking, holding her captive, and disabling her car—are severe forms of domestic violence that put her life at immediate risk. Please strongly encourage your friend to contact the National Domestic Violence Hotline at 1-800-799-SAFE (7233) or text ""START"" to 88788. They can help her create a safe exit plan, as leaving is often the most dangerous time. If she is in immediate danger, please do not hesitate to call emergency services. 

You also need to protect yourself, as his escalating paranoia and harassment by coming to your home are very concerning. Consider setting strict boundaries, documenting his actions, and contacting local authorities or seeking a restraining order if you feel threatened. Please prioritize your own physical safety while continuing to be a supportive, non-judgmental lifeline for your friend when she is ready to get help.","This sounds like an incredibly dangerous and terrifying situation for both your friend and you. The behaviors you described—choking, holding her captive, and disabling her car—are severe forms of domestic violence that put her life at immediate risk. Please strongly encourage your friend to contact ",0.05519201278686525,0.013471222538567246
"I am so sorry you experienced this. What you described is a severe breach of trust and confidentiality. Therapists are legally and ethically bound to keep your medical information private, and sharing your assessment results with your abuser is completely unacceptable. In the context of domestic abuse, this kind of disclosure can also put your safety at risk. You have every right to feel betrayed and unsafe with this practitioner. 

Please prioritize your physical and emotional safety right now. I strongly encourage you to seek support from a new, individual therapist who specializes in domestic abuse, and you may want to consider reporting this therapist to their state licensing board for violating your privacy. If you feel unsafe at home or need immediate guidance, please reach out to the National Domestic Violence Hotline at 1-800-799-SAFE or text ""START"" to 88788. You deserve a secure, strictly confidential space to heal.","I am so sorry you experienced this. What you described is a severe breach of trust and confidentiality. Therapists are legally and ethically bound to keep your medical information private, and sharing your assessment results with your abuser is completely unacceptable. In the context of domestic abu",0.07967988014221206,0.015060005138478043
"I am so incredibly sorry you are going through this. Hearing that you are crying every day and feeling so lonely is heartbreaking. Please know that the way he is treating you—the physical and mental abuse, the cheating, and the constant blame—is completely unacceptable and is never your fault. You deserve to be treated with respect and kindness, and his cruel words do not define your worth as a woman or as a person. 

Because you mentioned physical abuse, your safety is the absolute priority right now. Please consider reaching out to a domestic violence organization, such as the National Domestic Violence Hotline (call 1-800-799-SAFE or text ""START"" to 88788 in the US), or your local emergency services. Professionals there can offer confidential support, help you navigate this incredibly difficult situation, and assist you in creating a safe plan to protect yourself. You do not have to figure this out all by yourself, and there is help available when you are ready.","I am so incredibly sorry you are going through this. Hearing that you are crying every day and feeling so lonely is heartbreaking. Please know that the way he is treating you—the physical and mental abuse, the cheating, and the constant blame—is completely unacceptable and is never your fault. You d",0.06644774198532089,0.013029085050115009
"It takes a lot of courage to recognize these feelings and want to work through them. Please remember that having anger and trust issues doesn't mean you are broken or need to be ""fixed."" Often, these feelings are natural protective responses to past hurts or difficult experiences, and wanting to heal is a great first step. 

To start working through this, speaking with a licensed therapist or counselor can be incredibly helpful. They can provide a safe space to explore the root causes of your anger and mistrust, and teach you healthy coping strategies to manage intense emotions. In the meantime, practices like journaling your triggers or using deep breathing exercises can help you pause and ground yourself before anger takes over. Be patient with yourself; rebuilding trust and learning to manage anger is a gradual process, but healing and growth are absolutely possible.","It takes a lot of courage to recognize these feelings and want to work through them. Please remember that having anger and trust issues doesn't mean you are broken or need to be ""fixed."" Often, these feelings are natural protective responses to past hurts or difficult experiences, and wanting to hea",0.03859218597412095,0.010309120888044495
"It is completely understandable that you feel scared right now. Witnessing someone you care about harm themselves during an argument is deeply distressing, and locking yourself in the room was a very smart and safe thing to do. Your physical and emotional safety must always come first. 

If you feel that you are in immediate danger or if the situation escalates, please do not hesitate to call emergency services right away. Even if he is only hurting himself, this kind of behavior can be unpredictable. You can also reach out to the National Domestic Violence Hotline at 1-800-799-SAFE (7233) or text ""START"" to 88788 for confidential support and guidance on how to navigate this safely. Please trust your instincts, stay in a secure space, and consider reaching out to a trusted friend or family member so someone else knows what is happening.","It is completely understandable that you feel scared right now. Witnessing someone you care about harm themselves during an argument is deeply distressing, and locking yourself in the room was a very smart and safe thing to do. Your physical and emotional safety must always come first. 

If you feel",0.0706031417846682,0.012786828566003473
"It takes a lot of courage to recognize this change in yourself and want a healthier environment for your daughters. It is very common to absorb the emotional climate of our surroundings. Living with a partner who struggles with intense rage can put your own nervous system on high alert, making you feel constantly on edge and quick to react. You are not a bad mother for struggling with this; the fact that you want to find your way back to your old self shows how much you care.

Speaking with a mental health professional could be incredibly helpful. A therapist can teach you grounding techniques to manage your anger in the moment and help you navigate the stress of your home environment. Because you mentioned your partner's rage gets very bad, please remember that your well-being is paramount. If you ever feel unsafe or overwhelmed, please reach out to the National Domestic Violence Hotline at 1-800-799-SAFE or text ""START"" to 88788. You and your babies deserve a peaceful home.","It takes a lot of courage to recognize this change in yourself and want a healthier environment for your daughters. It is very common to absorb the emotional climate of our surroundings. Living with a partner who struggles with intense rage can put your own nervous system on high alert, making you f",0.06525964736938494,0.011936530058588869
"It sounds incredibly exhausting to experience such intense, disproportionate rage, especially when it brings up violent thoughts. It is a huge strength that you are able to stay lucid, separate yourself from the emotion, and recognize that the rage does not define who you are. Holding back those urges takes a massive amount of internal control, but carrying that heavy emotional weight is deeply draining.

Because this anger feels so overwhelming and disconnected from the actual stressors, it could be very beneficial to explore this with a mental health professional. A therapist can help you uncover the underlying causes of these intense emotional surges and work with you to process the anger safely so it doesn't turn into lingering resentment. You deserve to feel at peace, and you don't have to navigate this heavy burden alone.","It sounds incredibly exhausting to experience such intense, disproportionate rage, especially when it brings up violent thoughts. It is a huge strength that you are able to stay lucid, separate yourself from the emotion, and recognize that the rage does not define who you are. Holding back those urg",0.07837692022323672,0.01421717245826327
"It takes a lot of self-awareness to recognize that pattern in yourself. Feeling like you go from zero to a hundred can be incredibly exhausting and overwhelming, especially when the reaction feels automatic and out of your control. 

When you feel that sudden surge of anger, the most powerful tool you have is creating a tiny gap between the trigger and your reaction. Try practicing a ""stop and step back"" technique: the moment you notice that familiar heat rising, physically step away from the situation and take three deep, slow breaths. This brief pause can help reset your nervous system, giving your logical brain a chance to catch up with your emotions before you react. If this explosive anger continues to interfere with your daily life or relationships, speaking with a counselor or therapist could be a great way to explore the root causes and learn personalized strategies to defuse that ticking feeling.","It takes a lot of self-awareness to recognize that pattern in yourself. Feeling like you go from zero to a hundred can be incredibly exhausting and overwhelming, especially when the reaction feels automatic and out of your control. 

When you feel that sudden surge of anger, the most powerful tool y",0.03915255784988414,0.01282226882822494
"I am so sorry you are experiencing emotional abuse from your dad. It is completely understandable that you feel angry in such a painful situation, and please know you do not deserve to be treated this way. Because you are dealing with abuse, your safety is the top priority. I strongly encourage you to reach out to the National Domestic Violence Hotline at 1-800-799-SAFE (text ""START"" to 88788) or the Crisis Text Line (text HOME to 741741) for confidential support and safety planning. 

When trying to manage your temper in the moment, the safest approach is often to disengage. Try keeping your responses as brief and neutral as possible to avoid feeding into his behavior. If you feel your anger rising, give yourself permission to physically step away from the conversation, even if you must make an excuse like needing to use the restroom. Taking slow, deep breaths in a separate room can help ground you until you can safely exit the interaction.","I am so sorry you are experiencing emotional abuse from your dad. It is completely understandable that you feel angry in such a painful situation, and please know you do not deserve to be treated this way. Because you are dealing with abuse, your safety is the top priority. I strongly encourage you ",0.07249952077865585,0.010162305107358383
"Thank you for sharing this. It takes a lot of courage to talk about self-harm. It is very common for the urge to return when you encounter sad or distressing triggers, as your mind may have learned to use self-harm as an automatic coping mechanism for emotional pain. The fact that you are recognizing this pattern—and that you have been able to stop for periods of time—shows incredible strength and self-awareness. 

Because your safety is so important, please consider reaching out for support to help navigate these triggers. You can connect with people who care and want to help by texting HOME to 741741 to reach the Crisis Text Line, or by calling or texting 988 (in the US and Canada) for the Suicide & Crisis Lifeline. Please be gentle with yourself right now, and know that free, confidential support is available whenever those urges arise.","Thank you for sharing this. It takes a lot of courage to talk about self-harm. It is very common for the urge to return when you encounter sad or distressing triggers, as your mind may have learned to use self-harm as an automatic coping mechanism for emotional pain. The fact that you are recognizin",0.04856668233871497,0.010505578341934925
"I am so sorry for the loss of your grandpa. Losing someone you love is incredibly painful, and it is completely understandable that you are having a rough time right now. Please know that you don't have to go through this alone, even if paid counseling isn't an option. 

There are several free resources available to help you navigate your grief. Local hospice organizations often provide free grief support groups to the community, regardless of whether your grandpa used their services. You can also look into community centers or online support networks like GriefShare, which offer free or low-cost groups. If you ever feel overwhelmed and need to talk to someone right away, you can reach out to free support lines, like texting HOME to 741741 or calling or texting 988 (in the US and Canada), where trained responders are available to listen and support you. Take things one day at a time, and be gentle with yourself as you grieve.","I am so sorry for the loss of your grandpa. Losing someone you love is incredibly painful, and it is completely understandable that you are having a rough time right now. Please know that you don't have to go through this alone, even if paid counseling isn't an option. 

There are several free resou",0.07190958976745598,0.01270828360403551
"I am so incredibly sorry for your loss. Losing a baby is a profound and devastating experience, and it is completely understandable that you are in immense pain right now. Please know that whatever you are feeling—whether it is deep sadness, anger, numbness, or exhaustion—is completely valid. There is no right or wrong way to grieve, and there is no timeline for healing from such a heartbreaking loss. 

During this difficult time, please be as gentle with yourself as possible. It can be helpful to lean on trusted loved ones or connect with a support group for parents who have experienced infant or pregnancy loss, as sharing with others who truly understand can offer a small sense of comfort. You might also consider reaching out to a grief counselor to help you navigate these overwhelming emotions. Please take things one moment at a time, and remember that it is okay to ask for professional help when the weight feels too heavy to carry alone.","I am so incredibly sorry for your loss. Losing a baby is a profound and devastating experience, and it is completely understandable that you are in immense pain right now. Please know that whatever you are feeling—whether it is deep sadness, anger, numbness, or exhaustion—is completely valid. There ",0.03537595272064209,0.011413426909981907
"I am so deeply sorry for the loss of your firstborn, and for the overwhelming pain you are experiencing right now. Navigating the anniversary of such a profound tragedy is incredibly difficult on its own, and having to face a crisis in your marriage at the same time must feel exhausting and heartbreaking. It makes complete sense that you are holding onto hope and are willing to do whatever it takes to keep your family together. 

Grief can take a heavy toll on a relationship, especially when those painful anniversaries resurface. Since she has agreed to give it a little time, this might be a crucial window to seek support, perhaps through couples counseling. A professional can help you both navigate the unresolved grief of losing your child, as well as the deep wounds caused by the infidelity. Please remember to take care of yourself and seek support for your own well-being as you navigate this incredibly heavy chapter.","I am so deeply sorry for the loss of your firstborn, and for the overwhelming pain you are experiencing right now. Navigating the anniversary of such a profound tragedy is incredibly difficult on its own, and having to face a crisis in your marriage at the same time must feel exhausting and heartbre",0.06627277851104729,0.0120426017315879
"I am so incredibly sorry for the loss of your mom. Losing a parent is one of the most profound and painful experiences, and it is completely normal to feel overwhelmed, lost, or a mix of many different emotions right now. Please know that there is no ""right"" timeline or way to grieve. It is a deeply personal journey, and it is okay to just take things one day, or even one hour, at a time.

As you navigate this heavy time, try to be as gentle with yourself as possible. Allow yourself to feel whatever comes up without judgment, and lean on trusted friends or family members who can listen. You might also find comfort in honoring her memory in small ways, like writing her a letter or doing something she loved. If the grief ever feels too heavy to carry alone, reaching out to a grief counselor or a support group can provide a safe, understanding space to process your feelings.","I am so incredibly sorry for the loss of your mom. Losing a parent is one of the most profound and painful experiences, and it is completely normal to feel overwhelmed, lost, or a mix of many different emotions right now. Please know that there is no ""right"" timeline or way to grieve. It is a deeply",0.04485778331756585,0.011705544002169095
"I am so incredibly sorry for your loss. Losing the person you loved more than anything, especially on a day meant for celebrating your future together, is a devastating heartbreak. It is completely understandable that you are struggling right now. Grief of this magnitude is exhausting, and while moving to a new town was a brave step, a change of scenery cannot simply erase the deep pain you are carrying. Please be gentle with yourself and know that there is no ""right"" way or timeline to process a loss this heavy.

Because you are carrying so much, please consider reaching out for extra support. Connecting with a grief counselor or a bereavement support group could give you a safe, understanding space to talk about him and process these overwhelming feelings. You do not have to navigate this immense pain all on your own.","I am so incredibly sorry for your loss. Losing the person you loved more than anything, especially on a day meant for celebrating your future together, is a devastating heartbreak. It is completely understandable that you are struggling right now. Grief of this magnitude is exhausting, and while mov",0.05817659378051765,0.015878251168164437
"I am so sorry you are dealing with this incredibly stressful situation, especially while grieving the loss of your dad. Because your brother is in immediate physical danger from the freezing weather and his severe symptoms, please do not hesitate to call emergency services or a local crisis response team for a welfare check. Let them know he has schizophrenia, is unmedicated, and is unable to care for himself in dangerous conditions. 

Regarding your rights, laws vary by location, but you generally do not need to be a biological parent to help initiate an emergency psychiatric hold. As a concerned family member, you can often petition a court or work with hospital staff to evaluate him for involuntary commitment if he is a danger to himself or gravely disabled. You might also look into applying for adult guardianship or conservatorship. Please consider reaching out to a local mental health advocacy group, like NAMI, or a hospital social worker who can guide you through the specific legal steps in your area.","I am so sorry you are dealing with this incredibly stressful situation, especially while grieving the loss of your dad. Because your brother is in immediate physical danger from the freezing weather and his severe symptoms, please do not hesitate to call emergency services or a local crisis response",0.07672356367111233,0.011288439931407379
"It takes a lot of courage to honestly reflect on your relationship with alcohol and how it affects your emotions. Feeling a lingering sense of guilt after drinking, even when nothing objectively wrong happens, is a heavy burden to carry. This guilt might be your mind's way of signaling that your current drinking habits no longer align with your values or the person you want to be, especially given the distress it has caused in the past. 

While only a healthcare professional can determine if you have a clinical problem, experiencing personality changes like anger and carrying persistent guilt are very valid reasons to reevaluate your relationship with alcohol. You don't have to figure this out alone. Consider speaking with a therapist or counselor. They can help you explore the root of this anger and guilt in a safe, non-judgmental space, and support you in finding the healthiest path forward for your well-being.","It takes a lot of courage to honestly reflect on your relationship with alcohol and how it affects your emotions. Feeling a lingering sense of guilt after drinking, even when nothing objectively wrong happens, is a heavy burden to carry. This guilt might be your mind's way of signaling that your cur",0.03972611427307138,0.01243412919484435
"It sounds like you are deeply concerned about someone's safety, and navigating a mental health crisis with a loved one is incredibly difficult. Laws like the Baker Act allow for involuntary psychiatric examination if someone is a danger to themselves or others, though the specific name and process vary depending on where you live. To find out how to get him immediate help in your area, the safest step is to contact local emergency services or go to the nearest hospital emergency room. If you call emergency services, you can ask if they have a Crisis Intervention Team (CIT) officer available, as they are specially trained to handle mental health emergencies.

You can also call or text the Suicide & Crisis Lifeline at 988 (in the US and Canada) to speak with trained counselors. They can provide immediate guidance on the specific laws, mobile crisis teams, and resources available in your region to help him get the care he needs safely.","It sounds like you are deeply concerned about someone's safety, and navigating a mental health crisis with a loved one is incredibly difficult. Laws like the Baker Act allow for involuntary psychiatric examination if someone is a danger to themselves or others, though the specific name and process v",0.0876151299476624,0.013878927846732633
"It takes a lot of courage to be so honest about what you are going through. Managing bipolar II alongside substance use is an incredibly heavy burden, and it makes complete sense that you are feeling overwhelmed and hopeless right now. The cycle of addiction can feel impossible to break, especially when it becomes a way to cope with intense emotional shifts. Please know that struggling with this does not make you a bad person, and recovery is possible even when it feels entirely out of reach. 

Because you are feeling hopeless and mentioned harm to yourself, please reach out for professional support. You can contact the SAMHSA National Helpline at 1-800-662-4357 for free, confidential treatment referrals. If you are in immediate crisis or having thoughts of suicide, please call or text the Suicide & Crisis Lifeline at 988 or go to the nearest emergency room. There are professionals who understand dual diagnosis and can help you find a safe path forward.","It takes a lot of courage to be so honest about what you are going through. Managing bipolar II alongside substance use is an incredibly heavy burden, and it makes complete sense that you are feeling overwhelmed and hopeless right now. The cycle of addiction can feel impossible to break, especially ",0.06695816040039082,0.012993578229204264
"I am so sorry for the loss of your mother. It is completely understandable that you are feeling overwhelmed and missing her wisdom right now, especially when faced with such a surprising and delicate situation. It is natural to be deeply concerned about your grandchild's health and your daughter-in-law's choices. 

When you feel ready to talk to her, try to approach the conversation from a place of love and concern rather than judgment. You might gently acknowledge how miserable severe morning sickness can be, and encourage her to speak honestly with her OB/GYN. Doctors can offer safe, prescription alternatives to help manage nausea during pregnancy. By keeping the lines of communication open and focusing on her well-being and the baby's health, you can offer support while gently guiding her toward professional medical advice. Take your time to process your own shock and grief first, so you can have this conversation calmly when you are ready.","I am so sorry for the loss of your mother. It is completely understandable that you are feeling overwhelmed and missing her wisdom right now, especially when faced with such a surprising and delicate situation. It is natural to be deeply concerned about your grandchild's health and your daughter-in-",0.05059593915939331,0.010930080753294468
"It is not cruel or unreasonable to feel this way. Society places a heavy expectation on siblings to be best friends, but sharing DNA does not automatically guarantee a personality match or a deep connection. The fact that you care about her well-being as a human being shows that you are not coming from a place of malice, but simply a lack of compatibility. It is completely normal to feel closer to your chosen family—your friends—than to a sibling. 

As for ""fixing"" this, it might help to reframe your expectations. You don't necessarily need to force a deep love or friendship that isn't naturally there. Instead, you can aim for a relationship based on basic respect and cordiality, especially since you are close to your parents and will likely share family spaces. Accepting that it is okay to just be polite acquaintances with your sister can relieve a lot of the guilt and pressure you are carrying.","It is not cruel or unreasonable to feel this way. Society places a heavy expectation on siblings to be best friends, but sharing DNA does not automatically guarantee a personality match or a deep connection. The fact that you care about her well-being as a human being shows that you are not coming f",0.08113417387008681,0.012811368728996558
"It sounds incredibly exhausting to be on the receiving end of those daily complaints, especially given the difficult family situation. It is completely understandable that you have reached your limit. While your mother is likely overwhelmed with the unexpected responsibility of caring for your niece, you are allowed to protect your own mental space and step back from being her primary outlet for venting. 

You might find it helpful to set gentle but firm boundaries with her. You could try calmly letting her know that while you care about her and your niece, you simply do not have the emotional energy to discuss these frustrations every day. You can also try redirecting the conversation to more positive topics when she calls. Suggesting she speak with a counselor or join a support group for caregivers could give her a healthier, more equipped place to process her stress, while giving you the emotional distance you need.","It sounds incredibly exhausting to be on the receiving end of those daily complaints, especially given the difficult family situation. It is completely understandable that you have reached your limit. While your mother is likely overwhelmed with the unexpected responsibility of caring for your niece",0.09603366374969502,0.01304617402888774
"I am so sorry you experienced such profound deception and abuse. It is completely understandable that you are struggling to trust again. When someone manipulates your emotions and uses intimidation, it deeply fractures your sense of safety. Your hyper-vigilance right now is a natural protective response to severe betrayal. Please know that the abuse you endured is not your fault. If you ever feel unsafe due to her intimidation, please reach out to local authorities or a domestic abuse hotline.

Rebuilding trust takes time, and it is okay to take things slowly. You do not have to force new connections before you are ready. Healing often begins by focusing on trusting yourself again and setting firm boundaries. Because you have been through severe emotional abuse, speaking with a trauma-informed therapist could be incredibly helpful. They can support you in processing this betrayal and safely navigating the lingering effects of her control, helping you eventually open up to healthy connections.","I am so sorry you experienced such profound deception and abuse. It is completely understandable that you are struggling to trust again. When someone manipulates your emotions and uses intimidation, it deeply fractures your sense of safety. Your hyper-vigilance right now is a natural protective resp",0.057376561164855566,0.012396861681315924
"It sounds incredibly exhausting and hurtful to be spoken to that way, especially by family. It is completely understandable that her harsh words are making you second-guess yourself, but remember that no one else has ever made these comments about you. Her reactions seem to reflect her own struggles with stress and control rather than your actual character.

Since open communication hasn't worked and only leads to more attacks, it might be time to set firm boundaries to protect your peace. You can limit the time you spend together or gently disengage when she becomes temperamental. You might say, ""I want us to enjoy this visit, but I won't engage in this conversation if it turns into personal attacks."" You are not obligated to absorb her frustration just because she is family. Trust your own knowledge of who you are, and prioritize your emotional well-being during the rest of her stay.","It sounds incredibly exhausting and hurtful to be spoken to that way, especially by family. It is completely understandable that her harsh words are making you second-guess yourself, but remember that no one else has ever made these comments about you. Her reactions seem to reflect her own struggles",0.08650209665298458,0.011802574026951425
"It is completely normal to feel a twinge of jealousy when your partner has a close relationship with their mother. Often, this stems from feeling like you are competing for his time, attention, or approval. A good first step is to gently explore what specifically triggers these feelings. Is it the amount of time they spend together, or perhaps feeling like your opinions are secondary to hers? 

Once you identify the root of the jealousy, try having an open, non-accusatory conversation with your boyfriend. Use ""I"" statements, like ""I feel a bit left out when..."" rather than criticizing his mother. It can also help to remind yourself that the love he has for his mother and the romantic love he has for you are entirely different; one does not diminish the other. Building your own gentle rapport with her, at a comfortable pace, might also help you see her as an ally rather than competition.","It is completely normal to feel a twinge of jealousy when your partner has a close relationship with their mother. Often, this stems from feeling like you are competing for his time, attention, or approval. A good first step is to gently explore what specifically triggers these feelings. Is it the a",0.03140958070755007,0.013757512610289074
"It sounds incredibly exhausting to constantly defend yourself and feel like you aren't being believed. While it is true that marriages go through ups and downs, being repeatedly accused of something you aren't doing can take a heavy emotional toll. It is completely understandable that you are feeling tired of this cycle, especially when you are trying to move forward from the past. 

Rebuilding trust takes time, but it also requires both partners to actively work on healing rather than staying stuck in suspicion. You might find it helpful to have a calm, honest conversation with him about how these constant accusations are affecting your well-being and the marriage. If the cycle continues, couples counseling could provide a neutral space for both of you to address his lingering distrust and help you find a healthier way to communicate and move forward together.","It sounds incredibly exhausting to constantly defend yourself and feel like you aren't being believed. While it is true that marriages go through ups and downs, being repeatedly accused of something you aren't doing can take a heavy emotional toll. It is completely understandable that you are feelin",0.08762785434722886,0.013970757152413133
"It sounds incredibly frustrating to feel like your concerns are being brushed off, especially when they involve the safety of your grandchild and your dog. When you are trying to communicate important information and are met with a dismissive response, it is completely understandable that it makes you feel so upset. You deserve to feel heard, valued, and respected in your partnership. 

It might help to have a calm conversation about this when neither of you is in the middle of a frustrating moment. You could try expressing how his lack of attention and that specific phrase make you feel, focusing on your genuine worry for the dog and the baby. Sometimes shifting the conversation from the frustrating action itself to how it impacts you and the family's safety can help break the cycle of dismissiveness and encourage him to be more present.","It sounds incredibly frustrating to feel like your concerns are being brushed off, especially when they involve the safety of your grandchild and your dog. When you are trying to communicate important information and are met with a dismissive response, it is completely understandable that it makes y",0.08683208942413367,0.012303157477263146
"It is completely understandable that you are feeling this way. You are carrying an immense load—working 50 hours a week and solo-parenting two kids—while watching your husband suddenly live a carefree life. Hearing him say he misses you and wants to adore you now, after you spent five years feeling emotionally starved, must feel incredibly confusing and unfair. It makes sense that his sudden shift doesn't just erase the years of loneliness you endured when he was physically present but emotionally absent. 

Your feelings of resentment and exhaustion are entirely valid, and you don't have to force yourself to accept this new dynamic overnight. It might be helpful to honestly communicate to him how this contrast is affecting you, perhaps with the guidance of a couples or individual counselor to help navigate these complex emotions. Please remember to be gentle with yourself right now, and see if there are any ways you can find local support or small moments of rest amidst your heavy daily responsibilities.","It is completely understandable that you are feeling this way. You are carrying an immense load—working 50 hours a week and solo-parenting two kids—while watching your husband suddenly live a carefree life. Hearing him say he misses you and wants to adore you now, after you spent five years feeling ",0.059637176990508856,0.013816099730502187
"It sounds like you are going through a very confusing and painful time, especially after being together for so long and sharing a family. It is completely understandable to feel anxious about the future of your marriage right now. 

The fact that your husband is willing to go to counseling is a very positive sign. It shows that he is open to working on the relationship and communicating, which means it is certainly not too late to try and save your marriage. Couples counseling can provide a safe, neutral space for both of you to explore what led to this separation, understand his need for space, and figure out how you might bridge the gap. Taking this step together is a great way to gain clarity. Focusing on that process and taking things one day at a time is a wonderful way to support yourself and your family right now.","It sounds like you are going through a very confusing and painful time, especially after being together for so long and sharing a family. It is completely understandable to feel anxious about the future of your marriage right now. 

The fact that your husband is willing to go to counseling is a very",0.08396715164184565,0.011949767802094152
"It is completely understandable that you are struggling to move on. While you might feel like your disappointment is just about the material aspects of the proposal and wedding, it sounds like the hurt runs much deeper. When you clearly communicate your desires and they are overlooked, it can make you feel unheard and undervalued by your partner. Your lingering anger and jealousy aren't just about a ring or a party; they are likely a natural response to feeling like your husband didn't prioritize what was deeply important to you. 

Hiding your disappointment and letting it spill over into small arguments is taking a heavy toll on your marriage. To truly move forward, it might help to have an honest, vulnerable conversation with your husband about why this hurt you so much—focusing on the feeling of not being heard rather than the events themselves. Exploring these feelings with a couples counselor could also provide a safe space to process this resentment and rebuild your connection.","It is completely understandable that you are struggling to move on. While you might feel like your disappointment is just about the material aspects of the proposal and wedding, it sounds like the hurt runs much deeper. When you clearly communicate your desires and they are overlooked, it can make y",0.054313244819641504,0.010383273032357273
"It is understandable to feel anxious about the possibility of forced treatment. In most places, a therapist cannot simply force a client into an eating disorder treatment center against their will. Involuntary admission is generally considered a last resort and involves a strict legal and medical process. It typically only happens if a person is in immediate, severe, and life-threatening medical danger—such as acute organ failure or severe malnutrition—and is deemed unable to make safe decisions for themselves. 

Because laws regarding involuntary holds vary significantly by location, a therapist usually has to work with medical doctors, hospitals, or the legal system to initiate this process; they cannot do it alone. If you are worried about this, it can be very helpful to share your fears directly with your therapist. Their primary goal is almost always to work collaboratively with you to keep you safe and support your recovery in the least restrictive environment possible.","It is understandable to feel anxious about the possibility of forced treatment. In most places, a therapist cannot simply force a client into an eating disorder treatment center against their will. Involuntary admission is generally considered a last resort and involves a strict legal and medical pr",0.05374800205230734,0.012889151582469572
"It takes a lot of courage to reach out, and wanting to heal before starting nursing school is a wonderful, positive goal. Dealing with bulimia, anxiety, and anger for six years is incredibly exhausting, and it makes complete sense that you want to break this cycle once and for all. Please know that recovery is absolutely possible, and you deserve to feel at peace with yourself.

To get started, reaching out to a therapist or medical professional who specializes in eating disorders is a crucial step. You can contact the National Alliance for Eating Disorders helpline at 866-662-1235 to find treatment options, specialists, and support groups in your area. Additionally, if you ever feel overwhelmed by anxiety or the urge to purge and need immediate support, you can text HOME to 741741 to connect with the Crisis Text Line. You are taking a brave first step toward a healthier future, and there is professional support available to help you get there.","It takes a lot of courage to reach out, and wanting to heal before starting nursing school is a wonderful, positive goal. Dealing with bulimia, anxiety, and anger for six years is incredibly exhausting, and it makes complete sense that you want to break this cycle once and for all. Please know that ",0.05494758367538477,0.014370475488653339
"It takes a lot of courage to share what you are going through. Dealing with a binge-exercise cycle since you were a teenager sounds incredibly exhausting, and it is completely understandable that you feel overwhelmed by shame and disappointment. Please know that you are not alone in this, and these behaviors are often just your mind's way of trying to cope with intense stress. 

To help break this cycle, try practicing self-compassion instead of punishment after a binge. Remind yourself that one moment does not define you, and try to gently redirect your focus to a calming activity rather than immediately heading to the gym. Learning to identify your specific stress triggers and finding alternative ways to soothe your nervous system—like deep breathing, taking a gentle walk, or journaling—can also be powerful. Because this has been a long-standing pattern, reaching out to a therapist who specializes in disordered eating could provide you with the personalized tools and support you deserve to fully heal your relationship with food.","It takes a lot of courage to share what you are going through. Dealing with a binge-exercise cycle since you were a teenager sounds incredibly exhausting, and it is completely understandable that you feel overwhelmed by shame and disappointment. Please know that you are not alone in this, and these ",0.07736472368240355,0.015484991739908442
"It can be incredibly frustrating to feel like you are barely eating but still gaining weight. When you severely restrict your food intake, your body can sometimes enter a survival state, slowing down your metabolism to conserve energy. This means it holds onto calories and stores them instead of burning them. Additionally, factors like high stress levels, lack of sleep, hormonal imbalances, or certain medications can also cause unexpected weight gain even when you aren't eating much. 

Because our bodies are complex and everyone's metabolism is different, it is a great idea to speak with a healthcare provider or a registered dietitian. They can help rule out any underlying medical conditions and work with you to find a balanced, healthy approach to nourishing your body.","It can be incredibly frustrating to feel like you are barely eating but still gaining weight. When you severely restrict your food intake, your body can sometimes enter a survival state, slowing down your metabolism to conserve energy. This means it holds onto calories and stores them instead of bur",0.056714732646942156,0.01468584075462995
"It can be incredibly frustrating to feel like you have no control around food, especially when it seems like others can easily stop. Please know you are definitely not alone in this. Sweets and desserts are often designed to be highly pleasurable, which makes it very natural for our brains to want to keep eating them long past the point of physical fullness. 

Instead of being hard on yourself, it might help to approach this with gentle curiosity. Sometimes, restricting certain foods can actually make the cravings stronger, or eating might be serving as a way to cope with stress or other emotions. You might find it helpful to explore mindful eating practices, which focus on savoring food and tuning into your body's signals without judgment. Speaking with a registered dietitian or a therapist who specializes in our relationship with food could also provide you with personalized, compassionate strategies to help you feel more at peace with eating.","It can be incredibly frustrating to feel like you have no control around food, especially when it seems like others can easily stop. Please know you are definitely not alone in this. Sweets and desserts are often designed to be highly pleasurable, which makes it very natural for our brains to want t",0.043123936653137296,0.011329905378505766
"It is completely understandable that seeing a female coworker as one of his top contacts brought up some anxiety, especially in a long-distance relationship where communication is your main connection. It is natural to feel a bit insecure or curious about who he spends his time talking to when you are far apart. 

When you bring it up, try to approach the conversation with curiosity rather than accusation. You might say something like, ""I noticed the other day that you text your coworker a lot, and I was just feeling a little insecure about it. Can we talk about your friendship with her?"" Using ""I"" statements keeps the focus on your feelings and helps prevent him from getting defensive. Open, honest communication is key in any relationship, and giving him a safe space to explain can help reassure you and strengthen the trust between you both.","It is completely understandable that seeing a female coworker as one of his top contacts brought up some anxiety, especially in a long-distance relationship where communication is your main connection. It is natural to feel a bit insecure or curious about who he spends his time talking to when you a",0.08465004920959451,0.011530461870996307
"It is completely understandable that you are feeling hurt and unsure of how to cope right now. Long-distance relationships already require an immense amount of trust, and hearing that your partner has feelings for someone else can be incredibly unsettling, even if she describes it as ""just a crush."" 

Take some time to process your own emotions before deciding on your next steps. When you feel ready, it can be helpful to have an open, honest conversation with her about what this means for your relationship. You might ask her how she plans to handle these feelings and share how her admission has impacted your sense of security. It is important to establish boundaries that make you feel safe and respected. Remember to prioritize your own well-being right now, and consider leaning on trusted friends or family for support as you navigate this difficult situation.","It is completely understandable that you are feeling hurt and unsure of how to cope right now. Long-distance relationships already require an immense amount of trust, and hearing that your partner has feelings for someone else can be incredibly unsettling, even if she describes it as ""just a crush.""",0.07811839342117333,0.012092849666728979
"It sounds incredibly unsettling to be in a situation where you feel unsure of what is actually happening in your own home. When someone appears to be having full conversations with someone who isn't there, it generally points to two very different possibilities. He could genuinely be experiencing a mental health issue, such as auditory hallucinations, or he might just have an intense habit of vocalizing his thoughts. However, if you feel he is deliberately trying to confuse you or make you doubt your reality, that is a form of emotional manipulation often called gaslighting.

Because both scenarios are deeply concerning, it is important to prioritize your own well-being. You might find it helpful to speak privately with a counselor or therapist. A professional can help you sort through your observations, trust your instincts, and figure out the healthiest next steps for yourself, regardless of what is actually causing his behavior.","It sounds incredibly unsettling to be in a situation where you feel unsure of what is actually happening in your own home. When someone appears to be having full conversations with someone who isn't there, it generally points to two very different possibilities. He could genuinely be experiencing a ",0.07922842979431177,0.010990418737731024
"I am so sorry you are going through this. Discovering infidelity is incredibly painful, and it makes complete sense that you are feeling unsettled and struggling with intrusive thoughts, even though you want to forgive her. Your shared history of nine years, your son, and your own past experience of being forgiven add a lot of complexity to this situation. It is completely normal to want to save the relationship while still hurting deeply. 

Rebuilding trust takes time, patience, and effort from both partners. Seeking the guidance of a licensed couples counselor could be incredibly beneficial for your family right now. A therapist can provide a safe, neutral space to navigate these painful emotions, address the root causes of the infidelity, and help you both communicate openly. You might also find individual therapy helpful to process the difficult images and feelings you are experiencing. Take things one day at a time and be gentle with yourself as you navigate this healing process.","I am so sorry you are going through this. Discovering infidelity is incredibly painful, and it makes complete sense that you are feeling unsettled and struggling with intrusive thoughts, even though you want to forgive her. Your shared history of nine years, your son, and your own past experience of",0.08151304960250849,0.009364894463052104
"It sounds incredibly exhausting to carry the weight of depression all on your own, especially when you feel forced to hide it. I am so sorry your parents reacted that way when you bravely tried to open up. Depression doesn't care about age or how ""grateful"" someone is, and your pain is completely valid. Pretending to be okay when you are hurting inside takes a massive toll, and it makes perfect sense that you are feeling so tired right now. 

Even if you cannot afford traditional therapy right now, you do not have to go through this entirely alone. There are free support groups, both online and in person, where you can connect with people who truly understand what you are experiencing. If you ever feel like you cannot keep going, please reach out to a free crisis line like the Suicide & Crisis Lifeline by calling or texting 988. They are there to listen and support you without judgment. You deserve a safe space to be heard.","It sounds incredibly exhausting to carry the weight of depression all on your own, especially when you feel forced to hide it. I am so sorry your parents reacted that way when you bravely tried to open up. Depression doesn't care about age or how ""grateful"" someone is, and your pain is completely va",0.06100584030151346,0.010820428731051056
"It is incredibly painful to hear your partner say he doesn't love you during arguments, especially when you are trying so hard to resolve the conflict and keep your family together. When one person tries to fix the issue and the other uses hurtful words to shut down the conversation, it creates an emotionally exhausting dynamic. Constantly swallowing your pride and apologizing just to keep the peace is not a sustainable way for you to live. 

Because these communication patterns are often deeply ingrained, resolving them requires both partners to be willing to change. You might consider suggesting couples counseling. A neutral professional can help both of you learn healthier ways to communicate and manage disagreements without resorting to hurtful statements. If he is unwilling to go, individual therapy could still provide you with a safe space to navigate your boundaries, process your feelings, and decide what is healthiest for you and your children moving forward.","It is incredibly painful to hear your partner say he doesn't love you during arguments, especially when you are trying so hard to resolve the conflict and keep your family together. When one person tries to fix the issue and the other uses hurtful words to shut down the conversation, it creates an e",0.0913447475433351,0.012270482996551781
"It sounds incredibly painful and exhausting to be left waiting and worrying every night. While it is true that we ultimately have to accept the decisions others make about their own lives, ""respecting"" his decision does not mean you have to endure being strung along. You deserve clarity and a partner who is fully committed to you.

Nine months is a long time to be kept in uncertainty, and it makes complete sense that this is taking a heavy toll on your well-being. Instead of waiting for him to decide your relationship's fate, it might be helpful to focus on what you need right now. You have the right to set your own boundaries and decide if this back-and-forth dynamic is something you are willing to accept. Please remember to prioritize your own mental health and lean on supportive friends or a professional counselor to help you navigate this difficult time.","It sounds incredibly painful and exhausting to be left waiting and worrying every night. While it is true that we ultimately have to accept the decisions others make about their own lives, ""respecting"" his decision does not mean you have to endure being strung along. You deserve clarity and a partne",0.0684840369224542,0.012593530391796112
"Managing anxiety when you have OCD can be incredibly exhausting, as intrusive thoughts and the urge to perform compulsions often feed into each other. When you feel anxiety rising, it can help to practice grounding techniques, like deep, slow breathing or focusing on your physical surroundings, to anchor yourself in the present moment. Try to gently acknowledge the anxious thoughts as symptoms of OCD rather than facts you need to act on. Remind yourself that the anxiety, while deeply uncomfortable, is temporary and will eventually pass even if you delay or resist the compulsion.

Because OCD is a complex condition, working with a mental health professional is often the most effective way to find long-term relief. Therapies like Exposure and Response Prevention (ERP) are specifically designed to help you build tolerance to anxiety and gradually reduce the power of OCD. Reaching out to a therapist who specializes in OCD can provide you with personalized tools to help you navigate these feelings safely.","Managing anxiety when you have OCD can be incredibly exhausting, as intrusive thoughts and the urge to perform compulsions often feed into each other. When you feel anxiety rising, it can help to practice grounding techniques, like deep, slow breathing or focusing on your physical surroundings, to a",-0.015394184589386128,0.013846692057686719
"It takes a lot of courage and self-awareness to recognize this pattern and want to change it. Possessiveness often stems from underlying fears, such as a fear of abandonment, deep-seated insecurities, or past betrayals. When you feel that possessive urge rising, it can be helpful to pause and ask yourself what specific fear is being triggered in that moment. Recognizing that these feelings are usually about your own internal worries, rather than your friends' actions, is a crucial first step toward changing the dynamic.

To truly work through these root causes, consider speaking with a mental health professional. A therapist can provide a safe space to explore where these fears originated and help you develop healthier coping mechanisms and attachment styles. In the meantime, being honest with your friends about your struggles can help. Letting them know you are aware of your behavior and are actively working on it can foster understanding and patience while you focus on healing.","It takes a lot of courage and self-awareness to recognize this pattern and want to change it. Possessiveness often stems from underlying fears, such as a fear of abandonment, deep-seated insecurities, or past betrayals. When you feel that possessive urge rising, it can be helpful to pause and ask yo",0.06554069995880107,0.011569013500621781
"It sounds like you are carrying an incredibly heavy emotional load. Experiencing intense physical reactions to past memories, feeling overwhelmed in loud environments, and carrying a deep fear of abandonment can be exhausting. When your body reacts by pulling your hair or hitting yourself, it shows just how much pain and distress you are trying to manage in those moments. 

Because you are hurting yourself when these feelings peak, please consider reaching out for immediate support. You can text HOME to 741741 to connect with the Crisis Text Line, or call or text 988 (in the US and Canada) to speak with someone who can help you navigate these overwhelming moments safely. A mental health professional could also be incredibly helpful in exploring these sensory sensitivities and relationship fears, giving you gentler ways to cope so you don't have to carry this all on your own.","It sounds like you are carrying an incredibly heavy emotional load. Experiencing intense physical reactions to past memories, feeling overwhelmed in loud environments, and carrying a deep fear of abandonment can be exhausting. When your body reacts by pulling your hair or hitting yourself, it shows ",0.0377024316787713,0.014024485275582425
"It sounds incredibly frustrating to know what you are capable of but feel stuck in a cycle of procrastination. Please be gentle with yourself. Often, what we label as ""laziness"" is actually our brain's response to burnout, anxiety, or feeling overwhelmed. Going from being a straight-A student to struggling with your grades is a heavy burden, and it makes sense that you are feeling so low right now. 

Instead of trying to force a massive change all at once, try focusing on just one tiny step. Set a timer for five minutes of work, with permission to stop afterward. Sometimes breaking the initial barrier of starting is the hardest part. You might also consider talking to a school counselor; they are very familiar with academic burnout and can help you figure out what is really blocking you. Remember that you are more than your current grades, and this difficult season doesn't define your future.","It sounds incredibly frustrating to know what you are capable of but feel stuck in a cycle of procrastination. Please be gentle with yourself. Often, what we label as ""laziness"" is actually our brain's response to burnout, anxiety, or feeling overwhelmed. Going from being a straight-A student to str",0.033137929439544855,0.012119611391483336
"It takes courage to share this, and it is completely understandable that you are feeling concerned. Even if you aren't experiencing physical complications like infections or scars right now, the fact that you are worried is important and deserves attention. What you are describing sounds like it could be related to self-harm, and your concern is a valid sign that you might need some extra support. 

When dealing with situations involving physical harm or blood, it is always safest to talk to a healthcare professional. They can help you explore what you are going through in a safe, non-judgmental way. If you are hurting yourself or feeling overwhelmed, please reach out for immediate support. You can connect with the Crisis Text Line by texting HOME to 741741, or call or text the Suicide & Crisis Lifeline at 988 (in the US and Canada). You don't have to carry this concern all by yourself.","It takes courage to share this, and it is completely understandable that you are feeling concerned. Even if you aren't experiencing physical complications like infections or scars right now, the fact that you are worried is important and deserves attention. What you are describing sounds like it cou",0.0721907258033756,0.01091951392816736
"In most cases, a past therapist cannot share your information with a current therapist unless you give them explicit permission to do so. Mental health professionals are bound by strict privacy laws and ethical guidelines that protect your confidentiality. To share your records or discuss your treatment, they typically need you to sign a formal ""Release of Information"" document. 

You have the right to decide what information is shared and with whom. If you want your new therapist to have your past records to help with your current care, you can authorize that transfer. However, if you prefer to keep your past treatment completely private, you are entirely within your rights to withhold that consent. The only rare exceptions to this rule involve situations where there is an immediate risk of severe harm to yourself or others, or a court order, where therapists may be legally required to share information to ensure safety.","In most cases, a past therapist cannot share your information with a current therapist unless you give them explicit permission to do so. Mental health professionals are bound by strict privacy laws and ethical guidelines that protect your confidentiality. To share your records or discuss your treat",0.03699757575988771,0.01474584017316627
"It is completely understandable to feel frustrated when you decide to return to counseling and don't hear back right away. Since you called over the weekend, it is very likely that his 24-hour policy only applies to business days. Many therapists do not check messages on weekends. Because it has been several years, you are likely considered a new client again. He may be checking his current caseload to see if he has an opening, or he might simply be out of the office. 

While therapists generally try to return calls out of professional courtesy, he is not legally obligated to respond immediately since you are not currently an active client. He likely isn't ignoring you intentionally. I suggest giving him a few business days to get back to you. If you still don't hear from him, it might be helpful to leave one more brief message or begin looking for a new counselor who is actively taking clients.","It is completely understandable to feel frustrated when you decide to return to counseling and don't hear back right away. Since you called over the weekend, it is very likely that his 24-hour policy only applies to business days. Many therapists do not check messages on weekends. Because it has bee",0.06174885749816905,0.011508570360139858
"It sounds incredibly scary and frustrating to know your boyfriend is in the hospital but be unable to get any answers. Please know that hospitals have strict privacy laws which prevent them from sharing medical information with anyone who isn't listed as an official emergency contact or spouse. This silence isn't a reflection of your relationship; it is simply a legal protocol the staff must strictly follow. 

While you wait, try reaching out to his immediate family members or whoever might be his designated emergency contact, as the hospital will likely communicate with them. If your boyfriend is conscious and has his phone, you might also be able to ask him to give the staff verbal permission to speak with you. Waiting for news is exhausting and anxiety-inducing, so please try to lean on your own friends or family for support and remember to take care of your own basic needs while you navigate this difficult uncertainty.",It sounds incredibly scary and frustrating to know your boyfriend is in the hospital but be unable to get any answers. Please know that hospitals have strict privacy laws which prevent them from sharing medical information with anyone who isn't listed as an official emergency contact or spouse. This,0.07303663015365602,0.011728374896434579
"This is a deeply concerning and serious situation. If you believe a child is being drugged or is in any immediate danger, please contact emergency services or your local child protective services immediately. The child's physical safety must be the absolute first priority, and authorities have the resources to intervene and investigate claims of abuse. 

To address the custody interference and the therapist's actions, it is crucial to consult with a family law attorney. A lawyer can help you navigate the legal system, request court-ordered evaluations, and protect your visitation rights. Additionally, if a therapist is acting unethically or illegally, you or your attorney can file a formal complaint with their state licensing board so they can be properly investigated. Please reach out to legal and child welfare professionals who can take immediate action to protect the child and guide you through this complex process.","This is a deeply concerning and serious situation. If you believe a child is being drugged or is in any immediate danger, please contact emergency services or your local child protective services immediately. The child's physical safety must be the absolute first priority, and authorities have the r",0.06183777093887288,0.011725013473985484
"It sounds like you are managing a heavy burden right now, and it is completely understandable that you were feeling very upset during your appointment. Navigating severe depression, PTSD, anxiety, and a personality disorder takes an incredible amount of strength and resilience. 

It is a really positive step that you were able to speak up and share your concerns about that specific medication with your doctor, even though it was a difficult and emotional moment. Open communication with your healthcare provider is essential for finding a treatment plan that truly works for you. I hope your doctor listened carefully to your experiences and that, together, you can find a path forward that helps you feel more comfortable and supported.","It sounds like you are managing a heavy burden right now, and it is completely understandable that you were feeling very upset during your appointment. Navigating severe depression, PTSD, anxiety, and a personality disorder takes an incredible amount of strength and resilience. 

It is a really posi",0.07009606361389142,0.012353378032403588
"Counselors typically decide to end therapy when a client has successfully met their treatment goals, experiences significant symptom relief, or feels equipped to handle their challenges independently. Ideally, termination is a collaborative process. A counselor will usually bring it up well in advance, allowing time to review progress, celebrate achievements, and create a plan for maintaining well-being after sessions end. 

Sometimes, a counselor might initiate termination for other reasons, such as if they feel they lack the specific expertise to help the client further, or if the client is no longer benefiting from the current approach. In these situations, ethical guidelines require the counselor to discuss this openly and provide appropriate referrals to ensure the client continues to receive the right care.","Counselors typically decide to end therapy when a client has successfully met their treatment goals, experiences significant symptom relief, or feels equipped to handle their challenges independently. Ideally, termination is a collaborative process. A counselor will usually bring it up well in advan",0.0032871198654174094,0.015173255230639393
"I am so sorry you are going through this. It is completely understandable that you feel confused and hurt. Please know that a therapist borrowing money, entering your home, and taking your credit card information is a severe violation of professional boundaries and ethics. A therapist's role is to provide a safe, professional environment, not to engage in financial transactions or personal friendships. 

Because your credit card information was taken while you were heavily medicated and vulnerable, please consider contacting your bank or credit card company immediately to cancel the card and prevent any unauthorized charges. You may also want to report this behavior to the professional licensing board that oversees therapists in your area, as they are equipped to investigate serious ethical violations and protect clients. Please prioritize your safety, health, and financial security right now, and consider reaching out to a trusted friend or family member for support during this difficult time.","I am so sorry you are going through this. It is completely understandable that you feel confused and hurt. Please know that a therapist borrowing money, entering your home, and taking your credit card information is a severe violation of professional boundaries and ethics. A therapist's role is to p",0.07025931596755974,0.013028238332160876
"It sounds like you are looking to do an informational interview to learn more about a specific career path. As an AI, I don't have personal college experiences, coursework, or a career history to share with you. However, reaching out directly to professionals in the field you are interested in is a fantastic way to learn about their educational journey and day-to-day work life. 

You might consider connecting with people through professional networks, reaching out to a local college's career center, or asking teachers or mentors if they know anyone you could speak with. Many professionals are very happy to share their experiences, discuss how long they were in school, and offer guidance to someone who is eager to learn about their field.","It sounds like you are looking to do an informational interview to learn more about a specific career path. As an AI, I don't have personal college experiences, coursework, or a career history to share with you. However, reaching out directly to professionals in the field you are interested in is a ",0.046578700542449614,0.012828698694811144
"It is wonderful to hear that you found such great support during your transition to graduate school and that your counselor was able to help you navigate your culture shock. Wanting to express your gratitude is a very kind and natural response. 

However, in the United States, counselors and therapists are bound by strict professional and ethical guidelines regarding gifts. Accepting alcohol, or gifts of significant monetary value, is generally not permitted as it can blur professional boundaries. Instead of wine, the most meaningful and appropriate gift you could give is a heartfelt, handwritten card expressing how much his support has meant to you. If you still want to share a piece of your culture, a very small, inexpensive token—like a postcard from your country or a traditional snack—might be acceptable, but a sincere note of thanks is always the safest and most cherished option.","It is wonderful to hear that you found such great support during your transition to graduate school and that your counselor was able to help you navigate your culture shock. Wanting to express your gratitude is a very kind and natural response. 

However, in the United States, counselors and therapi",0.038644862174987527,0.014812899037579267
"It takes a lot of courage to recognize that you might need support for past events and your current mental well-being. Wanting to see a therapist is a very positive step, and it is completely normal to feel nervous or unsure about how to bring it up with your doctor. 

When you speak with your doctor, you don't have to go into deep detail right away if you aren't comfortable. You can simply say, ""I've been struggling with my mental health lately and I'd like to look into seeing a therapist. Can you help me with a referral?"" If saying the words out loud feels too overwhelming, you can even write it down on a piece of paper or in your phone and hand it to them. Doctors have these conversations every day, and their main goal is to help you get the care and support you deserve.","It takes a lot of courage to recognize that you might need support for past events and your current mental well-being. Wanting to see a therapist is a very positive step, and it is completely normal to feel nervous or unsure about how to bring it up with your doctor. 

When you speak with your docto",0.04786130905151387,0.0111581303300183
"It sounds incredibly frustrating to deal with constant joking, especially when it feels forced or inappropriate. It is completely valid that you find this behavior awkward and exhausting rather than funny. Sometimes people use humor as a defense mechanism or because they are uncomfortable with silence or serious topics, but that doesn't make it any easier for you to be on the receiving end.

You have every right to protect your own peace of mind in these situations. It is okay to not laugh, to simply let the awkwardness sit, or to calmly change the subject. If you feel comfortable, you might even gently let them know that their comments are making things uncomfortable. Your feelings are justified, and you don't have to pretend to find something funny when it isn't.","It sounds incredibly frustrating to deal with constant joking, especially when it feels forced or inappropriate. It is completely valid that you find this behavior awkward and exhausting rather than funny. Sometimes people use humor as a defense mechanism or because they are uncomfortable with silen",0.04869924545288118,0.012820106312794564
"It is completely understandable to feel hurt and frustrated when you are putting effort into a friendship and not getting the same in return. Relationships require mutual care to thrive, and when that balance is off, it can leave you feeling unvalued or taken for granted. Your negative feelings are a very natural response to that disappointment. 

It might help to gently communicate your feelings to these friends, as sometimes people get caught up in their own lives and don't realize they are neglecting their connections. However, it is also entirely okay to reevaluate where you invest your emotional energy. Focusing on the relationships that do feel reciprocal, or redirecting some of that care toward yourself, can help ease the sting of one-sided friendships. You deserve connections that make you feel appreciated and supported.","It is completely understandable to feel hurt and frustrated when you are putting effort into a friendship and not getting the same in return. Relationships require mutual care to thrive, and when that balance is off, it can leave you feeling unvalued or taken for granted. Your negative feelings are ",0.0653638863563537,0.019831659650995058
"It takes courage to speak up about manipulation, especially when the person is in a trusted leadership role. What you are describing—someone having a public persona that completely contradicts their private behavior—is a deeply disorienting dynamic often used by manipulative individuals. It is completely understandable that you are questioning yourself, especially when others have dismissed your experiences and blamed you. This reaction from others can feel like gaslighting, making you doubt your own reality.

To answer how you know for sure: trust your own lived experience. If you felt manipulated, lied to, and unfairly blamed, those are valid indicators that the relationship was unhealthy, regardless of what anyone else sees. You do not need a consensus from the community to validate your truth. Right now, the most important thing is protecting your peace and healing. Consider seeking support from a counselor outside of that specific community, where you can process this safely and without judgment.","It takes courage to speak up about manipulation, especially when the person is in a trusted leadership role. What you are describing—someone having a public persona that completely contradicts their private behavior—is a deeply disorienting dynamic often used by manipulative individuals. It is compl",0.08161758422851584,0.013128845686398752
"It is wonderful that you are focusing on building more positive relationships right now. Recognizing that desire is a great first step toward creating meaningful and fulfilling connections in your life. To foster healthier relationships, it can help to start by reflecting on what ""positive"" means to you—whether that involves mutual respect, open communication, or shared interests. 

Setting clear boundaries and practicing active listening are powerful ways to nurture trust and understanding with others. Remember that building strong connections takes time and patience. Being kind to yourself and showing up authentically will naturally draw people who appreciate and support you for who you are.","It is wonderful that you are focusing on building more positive relationships right now. Recognizing that desire is a great first step toward creating meaningful and fulfilling connections in your life. To foster healthier relationships, it can help to start by reflecting on what ""positive"" means to",0.05706384420394928,0.012644758217957854
"It is completely understandable that you are tired of being called names. Being labeled a ""hypocrite"" or a ""baby,"" especially by people who exhibit the exact same behaviors, is incredibly frustrating and unfair. You deserve to be treated with respect, and it makes perfect sense that you feel hurt and exhausted by this double standard.

When dealing with this kind of behavior, setting clear boundaries is often the best first step. You might try calmly telling them that you will not engage in conversations where you are being insulted. If they continue, give yourself permission to walk away or limit your interactions with them as much as possible. It can also help to confide in a trusted friend, family member, or counselor who can offer support and help you navigate these difficult interactions without internalizing their unfair labels.","It is completely understandable that you are tired of being called names. Being labeled a ""hypocrite"" or a ""baby,"" especially by people who exhibit the exact same behaviors, is incredibly frustrating and unfair. You deserve to be treated with respect, and it makes perfect sense that you feel hurt an",0.09911020040512097,0.013538379599156563
"Finding the right therapist usually comes down to feeling safe, respected, and heard. While therapy itself can be challenging, you should feel comfortable being honest with them without fear of judgment. Trust your instincts—if you feel consistently misunderstood after a few sessions, it is completely okay to look for someone whose style better matches your personality.

Regarding ""training"" your therapist, it is less about training them and more about open communication. You can directly share what approaches work best for you, what your specific goals are, and what you feel you need from your sessions. A good therapist will welcome this feedback and adjust their methods to collaborate with you. You can say things like, ""I respond better when you challenge my thoughts,"" or ""I just need a safe space to vent today."" If a therapist is resistant to your input or unwilling to adjust, that might be a clear sign they aren't the right match for your needs.","Finding the right therapist usually comes down to feeling safe, respected, and heard. While therapy itself can be challenging, you should feel comfortable being honest with them without fear of judgment. Trust your instincts—if you feel consistently misunderstood after a few sessions, it is complete",0.046886663436890075,0.01662327120675743
"It is completely normal to wonder if counseling actually makes a difference, especially if you are considering it for the first time. For many people, counseling can be incredibly helpful. It provides a safe, non-judgmental space to talk through difficult emotions, process past experiences, and untangle confusing thoughts with someone who is trained to listen objectively. 

Beyond just having someone to talk to, a counselor can help you identify negative patterns, develop healthier coping strategies, and gain new perspectives on your challenges. While it requires time and effort, and finding a therapist you click with is an important part of the process, many people find that counseling equips them with the tools they need to manage stress, improve their relationships, and feel more grounded in their daily lives.","It is completely normal to wonder if counseling actually makes a difference, especially if you are considering it for the first time. For many people, counseling can be incredibly helpful. It provides a safe, non-judgmental space to talk through difficult emotions, process past experiences, and unta",0.049729578495025795,0.013005937320386175
"Starting the counseling process is a wonderful step toward taking care of your mental well-being. A good first step is to think about what you would like to focus on, such as managing stress, navigating a life transition, or addressing specific feelings. From there, you can look into your options based on your budget and location. If you have health insurance, checking their directory for in-network providers is often the easiest way to begin. You can also explore online therapist directories, community mental health centers, or Employee Assistance Programs (EAPs) if your workplace offers one.

Once you find a few potential counselors, you can reach out via phone or email to ask if they are accepting new clients. Many therapists offer a free, brief consultation to see if you are a good fit for each other. Remember that it is completely normal to speak with a few different professionals before finding the one who makes you feel the most comfortable and understood.","Starting the counseling process is a wonderful step toward taking care of your mental well-being. A good first step is to think about what you would like to focus on, such as managing stress, navigating a life transition, or addressing specific feelings. From there, you can look into your options ba",0.010366492271423056,0.0114740357295036
"A good counselor relies on a foundation of strong interpersonal skills to create a safe, supportive, and healing environment. The most essential skill is active listening, which means truly hearing and understanding what a person is saying rather than just waiting to respond. Empathy is equally crucial, allowing the counselor to connect with a client's feelings and validate their experiences. Additionally, a good counselor must maintain a non-judgmental attitude, ensuring people feel completely accepted regardless of what they share. 

Effective communication and the ability to ask thoughtful, open-ended questions are also important, as they help guide individuals toward their own insights and solutions. Finally, a strong counselor knows how to set healthy boundaries and maintain strict confidentiality, which builds the deep trust necessary for effective therapy.","A good counselor relies on a foundation of strong interpersonal skills to create a safe, supportive, and healing environment. The most essential skill is active listening, which means truly hearing and understanding what a person is saying rather than just waiting to respond. Empathy is equally cruc",0.04343183994293209,0.014129214786852
"Counselors can encounter several difficulties when working with clients, as therapy is a complex emotional process. One common challenge is client resistance, where a person might feel hesitant to open up, confront painful memories, or make behavioral changes. Counselors also frequently navigate boundary issues, ensuring they maintain a professional distance while still providing deep empathy. Additionally, communication barriers, such as cultural differences or misunderstandings, can make it harder to build a strong therapeutic alliance. 

Another significant difficulty is managing the emotional toll of the work itself. Counselors can experience compassion fatigue or burnout from continuously absorbing others' distress. They must also be mindful of countertransference, which happens when a client's situation triggers the counselor's own personal feelings. Navigating these challenges requires counselors to have strong self-awareness, ongoing professional supervision, and their own support systems to remain effective and present for those they help.","Counselors can encounter several difficulties when working with clients, as therapy is a complex emotional process. One common challenge is client resistance, where a person might feel hesitant to open up, confront painful memories, or make behavioral changes. Counselors also frequently navigate bou",0.02966675758361781,0.013401441127302455
