text,text_trunc,humt_text,std_humt_text
"Thank you for raising this important clinical question. In cases of alleged spousal abuse, I would not recommend joint sessions until the abusive behavior has stopped and the client feels genuinely safe. Bringing an alleged abuser into the room can risk retaliation, silence the victim, and inadvertently validate the abuser's narrative. Couples therapy is contraindicated when there is ongoing violence or coercion.

My priority would be to continue individual work with the client, helping her assess her safety and explore her needs freely. I would also recommend the husband pursue his own individual therapy to address his behavior. Only if there is sustained evidence that the abuse has ceased, both parties have done individual work, and the client genuinely wants this without pressure, would I consider carefully structured joint sessions—ideally with a co-therapist and clear safety guidelines. The client's autonomy and safety must always come first.","Thank you for raising this important clinical question. In cases of alleged spousal abuse, I would not recommend joint sessions until the abusive behavior has stopped and the client feels genuinely safe. Bringing an alleged abuser into the room can risk retaliation, silence the victim, and inadverte",0.10081082820892373,0.01667590114103555
"Thank you so much for this thoughtful invitation, and congratulations on reaching this incredible milestone. I'm genuinely honored that you see me as part of your journey, and I want you to know how proud I am of the hard work and growth that brought you here. Your success is truly your own.

While I won't be able to attend the ceremony, I want to be clear that this is about maintaining the professional boundaries that have actually helped create the safe space where you could do this important work. What matters most is that you recognize your achievement and celebrate it fully. I hope you surround yourself with people who can share this moment with you openly and freely. You've earned every bit of this success, and I'm confident you'll carry that strength forward into whatever comes next.","Thank you so much for this thoughtful invitation, and congratulations on reaching this incredible milestone. I'm genuinely honored that you see me as part of your journey, and I want you to know how proud I am of the hard work and growth that brought you here. Your success is truly your own.

While ",0.03272304773330692,0.011872931915220418
"It is generally not considered ethical for a counselor to take sides in that way. When a therapist who has an established individual relationship with you brings your partner in for couples work, they have a responsibility to remain neutral and balanced. Taking your partner aside privately and then openly siding with them against you creates a conflict of interest and can damage the trust in your individual therapy. It may also blur the boundaries between individual and couples counseling.

If you feel your therapist is no longer able to remain objective, it is worth discussing this directly with them. A competent professional should be open to your feedback and willing to address your concerns. In many cases, it is actually recommended to see a different therapist for couples work to avoid exactly this kind of dual relationship. You deserve a safe, unbiased space, and it is okay to advocate for yourself or seek a second opinion if that trust has been broken.","It is generally not considered ethical for a counselor to take sides in that way. When a therapist who has an established individual relationship with you brings your partner in for couples work, they have a responsibility to remain neutral and balanced. Taking your partner aside privately and then ",0.05303062438964812,0.011065840721369687
"No, this is not acceptable practice. A counselor's role is to provide a safe, supportive space where the child feels heard and validated. Asking a child what they did to ""provoke"" bullying can feel blaming and may reinforce the harmful dynamics the child is already experiencing. It risks causing further emotional harm and breaking trust in the therapeutic relationship.

While a skilled counselor might gently explore the broader context of interactions to help a child build social skills and confidence, this should never come across as siding with the bully or implying the child is at fault for being targeted. Bullying is never the victim's fault. If you or a child you know has experienced this kind of response from a counselor, it is entirely appropriate to seek a different provider and, if necessary, file a complaint with the counselor's licensing board. Every child deserves to feel safe and believed in therapy.","No, this is not acceptable practice. A counselor's role is to provide a safe, supportive space where the child feels heard and validated. Asking a child what they did to ""provoke"" bullying can feel blaming and may reinforce the harmful dynamics the child is already experiencing. It risks causing fur",0.03664314270019453,0.012997942041610373
"In standard couples therapy practice, it is not appropriate for a therapist to meet individually with one partner without the other's knowledge and consent. Transparency and trust are foundational to effective couples work, and secret individual sessions would undermine the therapist's neutrality and the couple's sense of safety in the process.

There are situations where individual sessions may be clinically useful—for example, to gather history or assess for safety—but these should be discussed openly with both partners, and the purpose and limits of confidentiality should be clearly established. If a therapist has a specific clinical concern, such as suspected abuse or risk of harm, ethical and legal obligations may require action, but this is different from conducting undisclosed individual sessions. Couples therapy relies on a shared framework, and any deviation from that should be transparent and agreed upon by all parties involved.","In standard couples therapy practice, it is not appropriate for a therapist to meet individually with one partner without the other's knowledge and consent. Transparency and trust are foundational to effective couples work, and secret individual sessions would undermine the therapist's neutrality an",0.0031810188293457387,0.015827220598285733
"Using second-hand information in therapy can be appropriate in some circumstances, but it requires careful consideration. If the information comes from a legitimate source—such as a parent of a minor client, a partner in couples therapy, or a treatment team—it can sometimes be valuable to explore. However, a therapist should generally be cautious about relying on hearsay, as it may be incomplete, biased, or taken out of context.

The key is how the information is used. Rather than ""confronting"" a client based on someone else's report, a skilled therapist would typically use it as a starting point for exploration—inviting the client to share their perspective and using the information to deepen understanding rather than to accuse or corner. Transparency matters too; ideally, the client should know where the information came from. If you're uncomfortable with how your therapist handled something like this, it's absolutely appropriate to bring it up directly with them. That conversation itself could be an important part of your therapeutic work together.","Using second-hand information in therapy can be appropriate in some circumstances, but it requires careful consideration. If the information comes from a legitimate source—such as a parent of a minor client, a partner in couples therapy, or a treatment team—it can sometimes be valuable to explore. H",0.052393126487731756,0.01230157855478931
"A counselor can speak with both parents, but there are important ethical and legal boundaries. A treating therapist's role is to support the child's well-being, not to act as a custody evaluator or advocate for either parent. Writing a letter or testifying about which parent is ""better"" or who the child should live with is generally not appropriate for a treating counselor, as it compromises their neutrality and the therapeutic relationship. Doing so could also violate professional ethics codes.

If the court needs a formal recommendation, a separate custody evaluation is typically ordered, conducted by a specifically trained forensic psychologist. A counselor may be subpoenaed to testify, but they are usually limited to factual observations rather than offering opinions on custody arrangements. If you're navigating this situation, it's wise to consult a family attorney for guidance specific to your jurisdiction.","A counselor can speak with both parents, but there are important ethical and legal boundaries. A treating therapist's role is to support the child's well-being, not to act as a custody evaluator or advocate for either parent. Writing a letter or testifying about which parent is ""better"" or who the c",0.031364076137542884,0.014070271011191229
"Counselors are generally not ethically obligated—or in many cases, ethically permitted—to share every detail of a child's sessions. Confidentiality is essential to building trust and therapeutic effectiveness, even with minors. At the start of treatment, counselors typically establish clear boundaries with parents about what will and won't be shared.

Counselors can usually share general progress updates, treatment goals, safety concerns, and any information the child gives permission to disclose. They may also discuss broad themes or skills being worked on. However, detailed session content—specific statements, disclosures, or therapeutic exercises—is typically kept confidential unless there's a safety risk involved, such as risk of harm to self or others, or suspected abuse. Counselors navigate this by encouraging open communication between parent and child while maintaining the therapeutic relationship as a safe, private space. If you're navigating this situation, it may help to have a conversation with the counselor about their confidentiality policy and how they involve parents in the process.","Counselors are generally not ethically obligated—or in many cases, ethically permitted—to share every detail of a child's sessions. Confidentiality is essential to building trust and therapeutic effectiveness, even with minors. At the start of treatment, counselors typically establish clear boundari",-0.0023785901069643955,0.013214040430423788
"This is a complex situation involving legal and ethical obligations that vary by jurisdiction. Generally, mandated reporters must report when they have reasonable suspicion of child abuse or neglect. Knowingly exposing a minor to a past abuser may constitute neglect or emotional abuse, even without disclosed ongoing physical or sexual abuse. The minor's request for confidentiality typically does not override mandated reporting obligations. While reporting may strain the therapeutic relationship, therapists are legally bound to report and could face penalties for failing to do so. Many therapists handle this by being transparent with the minor about their reporting obligations from the outset of treatment. This response provides general information only and does not constitute legal advice. The therapist should consult their licensing board, agency policies, professional ethics code, and potentially an attorney for guidance specific to their jurisdiction and circumstances.","This is a complex situation involving legal and ethical obligations that vary by jurisdiction. Generally, mandated reporters must report when they have reasonable suspicion of child abuse or neglect. Knowingly exposing a minor to a past abuser may constitute neglect or emotional abuse, even without ",0.0590338301658635,0.01525032600256214
"Therapists are ethically obligated to avoid abandoning clients, but they can terminate treatment when there's a legitimate clinical reason, such as an unrepairable rupture that undermines the therapeutic work. Countertransference that can't be managed is a valid concern, as it can compromise care. Providing referrals is an important ethical step, though the quality and timeliness of those referrals matters. Therapists generally should offer some explanation for termination, even if brief, as transparency is part of ethical practice. However, they aren't required to share every detail of their clinical reasoning.

That said, if you feel this termination was handled poorly or caused harm, you have options. You can file a complaint with your therapist's licensing board or their professional association. You also have the right to request your records and a formal closure letter explaining the termination. It's understandable to feel hurt by an abrupt ending, especially when it feels one-sided. I'd encourage you to discuss this experience with your next provider so you can process it.","Therapists are ethically obligated to avoid abandoning clients, but they can terminate treatment when there's a legitimate clinical reason, such as an unrepairable rupture that undermines the therapeutic work. Countertransference that can't be managed is a valid concern, as it can compromise care. P",0.04228596210479729,0.012310992573242979
"It sounds like you're carrying a lot right now, and your commitment to staying clean while facing these triggers at home shows real strength. However, I'm concerned about your safety, especially after he raised his hand to you last night. Before we consider bringing him into a session, we need to address that threat and make sure you have a solid safety plan in place.

A joint session could be helpful down the road, but only if there's no risk of intimidation or retaliation. For now, let's focus on your immediate safety and your recovery environment. Leaving drugs out in the open and responding to your concerns with aggression puts your sobriety at serious risk. We should explore your options, including whether this living situation is safe and sustainable for you right now. Your recovery has to come first, and you deserve to feel safe in your own home.","It sounds like you're carrying a lot right now, and your commitment to staying clean while facing these triggers at home shows real strength. However, I'm concerned about your safety, especially after he raised his hand to you last night. Before we consider bringing him into a session, we need to ad",0.06301506996154771,0.011816576431250054
"I would acknowledge Stefan's progress on assertiveness and suggest he prepare a concrete proposal before reapproaching his supervisor. I'd recommend he frame the request as a temporary arrangement with a specific end date — such as the end of the semester — and come with potential solutions, like identifying coworkers who could be trained to open or close, or offering to help cross-train someone. Presenting a plan rather than just a problem demonstrates responsibility and commitment to the job.

I'd also encourage Stefan to use a clear ""I"" statement when making the request, such as: ""I need to reduce my hours to 20 per week temporarily so I can pass my classes, and I want to work with you to make sure the store is still covered."" This approach is direct, respectful, and solution-focused, which aligns with his assertiveness goals while acknowledging his supervisor's operational concerns.","I would acknowledge Stefan's progress on assertiveness and suggest he prepare a concrete proposal before reapproaching his supervisor. I'd recommend he frame the request as a temporary arrangement with a specific end date — such as the end of the semester — and come with potential solutions, like id",0.06310068607330344,0.01269173212831614
"Going through custody court is incredibly stressful, and it's understandable you want to present evidence of emotional abuse. However, whether your child's therapist can testify depends on several factors, including your jurisdiction's laws around therapist-client privilege, the child's age, and whether a court order or subpoena is in place. Therapists are generally bound by confidentiality and cannot simply share details ""on your behalf"" without proper legal authorization. Additionally, therapists are typically neutral parties rather than advocates for either parent.

I'd strongly encourage you to discuss this specific question with your family law attorney, who can guide you on the correct legal process for requesting records or testimony. They can also help you explore other forms of evidence that may be admissible. In the meantime, please prioritize your own emotional well-being during this process—consider seeking your own therapy or support system to help you navigate the stress ahead.","Going through custody court is incredibly stressful, and it's understandable you want to present evidence of emotional abuse. However, whether your child's therapist can testify depends on several factors, including your jurisdiction's laws around therapist-client privilege, the child's age, and whe",0.0702561831474302,0.014531900954226126
"I can hear how painful this is for you, and it's completely understandable that you're feeling devastated. Wanting to understand what's happening for your daughter shows how much you care.

However, it wouldn't be appropriate to ask her therapist to convince her to stay with you. Therapists are bound by confidentiality and their role is to support your daughter's wellbeing and autonomy, not to advocate for one parent's wishes. Doing so could damage your daughter's trust in her therapist and in you.

Instead, consider asking your daughter if she'd be open to family therapy together, where you can both express your feelings in a safe, mediated space. You might also benefit from your own therapist to process the grief and anxiety you're carrying. When you talk with your daughter directly, focus on listening rather than convincing — teens often need to feel truly heard before they can be open to hearing us in return.","I can hear how painful this is for you, and it's completely understandable that you're feeling devastated. Wanting to understand what's happening for your daughter shows how much you care.

However, it wouldn't be appropriate to ask her therapist to convince her to stay with you. Therapists are boun",0.05850012540817273,0.012110497365286068
"This is an important ethical question. Generally, it's not recommended for the same therapist to serve as both an individual counselor and a couples counselor for the same couple, as it creates dual relationships and potential conflicts of interest. Confidentiality boundaries become complicated, and the therapist's neutrality in couples sessions may be compromised.

If infidelity is disclosed during individual therapy, the therapist is ethically bound to maintain that client's confidentiality. Breaking confidentiality to reveal the affair during couples counseling would be a violation unless there's imminent danger to self or others. Instead, the therapist would typically encourage the client to disclose the affair themselves and explore their reasons for secrecy. The therapist may also discuss how keeping this secret impacts the therapeutic work and may recommend referring the couple to a different counselor to avoid being placed in an untenable position.","This is an important ethical question. Generally, it's not recommended for the same therapist to serve as both an individual counselor and a couples counselor for the same couple, as it creates dual relationships and potential conflicts of interest. Confidentiality boundaries become complicated, and",0.04997932910919234,0.011984283985666236
"This is an important ethical question. In school counseling, confidentiality has limits, particularly when there's potential harm to the school community or illegal activity occurring on grounds. Generally, if a student discloses knowledge of another student selling vapes or vandalizing property, you may have an ethical obligation to inform administration, as these activities affect school safety and involve illegal behavior. Your role includes protecting both the student's trust and the broader school environment.

If your client is the perpetrator, the situation requires careful navigation. You'd typically work to help the student take responsibility and self-disclose when possible. However, ongoing illegal activity that harms others or the school community may require breaking confidentiality. Consulting your supervisor, reviewing your school district's policies, and discussing the limits of confidentiality upfront with students at the start of counseling relationships are essential practices. Being transparent about these boundaries from the beginning helps maintain trust even when difficult disclosures must be made.","This is an important ethical question. In school counseling, confidentiality has limits, particularly when there's potential harm to the school community or illegal activity occurring on grounds. Generally, if a student discloses knowledge of another student selling vapes or vandalizing property, yo",0.04808015346527128,0.012082757450540233
"This is an important ethical question. In most therapeutic settings, a therapist would not force or mandate a client to disclose infidelity to their partner. Doing so could violate the trust essential to the therapeutic relationship and may cause the client to discontinue therapy altogether, losing an opportunity for meaningful change.

Instead, a skilled therapist would explore the infidelity with the client—understanding the underlying issues, the emotional impact, and what the client wants moving forward. The therapist might encourage disclosure as part of the healing process, especially if the couple is actively working on their relationship in couples counseling, but the decision ultimately remains the client's. There are rare exceptions, such as if there's a risk of harm, but generally, therapy works best when clients arrive at disclosure through their own insight and readiness rather than through ultimatums.","This is an important ethical question. In most therapeutic settings, a therapist would not force or mandate a client to disclose infidelity to their partner. Doing so could violate the trust essential to the therapeutic relationship and may cause the client to discontinue therapy altogether, losing ",0.0511202025413513,0.012538260469934127
"This is a complex ethical situation involving the tension between confidentiality and potential harm. Generally, therapists are bound by confidentiality, and duty to warn/report obligations typically apply when there is imminent danger to an identifiable third party. However, operating large machinery while intoxicated poses serious risk to the client, coworkers, and potentially the public.

Most ethical codes would not automatically permit reporting the client to his employer without his consent. Instead, the therapist should first work with the client to address the behavior — encouraging him to stop drinking before shifts, take a leave of absence, or self-report to his employer. The therapist might also explore whether any legal or ethical obligations specific to their jurisdiction or licensure apply.

If the client refuses to take action and the therapist believes there is imminent risk of serious harm, consultation with a supervisor or legal professional is strongly recommended before breaching confidentiality. Breaking trust prematurely could also drive the client away from treatment entirely, which may worsen the risk.","This is a complex ethical situation involving the tension between confidentiality and potential harm. Generally, therapists are bound by confidentiality, and duty to warn/report obligations typically apply when there is imminent danger to an identifiable third party. However, operating large machine",0.026681203842163548,0.010954748627133061
"I understand your desire to get support for your child, and this is a common question. The rules around consent for a minor's therapy vary by state and depend on your custody arrangement. In many jurisdictions, sole legal custody allows one parent to consent to treatment, while joint legal custody typically requires both parents' agreement. Some states have specific laws that may permit therapy with one parent's consent in certain circumstances. I'd recommend reviewing your custody decree carefully and consulting with a family law attorney in your area to understand your specific situation.

Even when legally permitted to proceed with one parent's consent, many therapists prefer to involve both parents when possible, as this often supports the child's well-being and treatment progress. When you contact potential counselors, be upfront about your custody situation. They can explain their policies, clarify what documentation they need, and help you understand how they navigate these situations. Some may require a copy of your custody agreement before beginning sessions.","I understand your desire to get support for your child, and this is a common question. The rules around consent for a minor's therapy vary by state and depend on your custody arrangement. In many jurisdictions, sole legal custody allows one parent to consent to treatment, while joint legal custody t",0.049833090305328565,0.011795050080263544
"In most cases, both parents are encouraged to be involved in a child's therapy, as consistent support from both sides benefits the child's progress. However, the specifics often depend on your divorce agreement, particularly custody arrangements. If parents share joint legal custody, both typically need to consent to treatment and have access to information about the child's sessions. If one parent has sole legal custody, they may make decisions about therapy independently.

It's important to review your custody agreement or consult a family law professional to understand your specific rights and obligations. As a therapist, I would want to know the details of any custody arrangement early on so we can navigate things appropriately and keep the child's well-being at the center. Open communication between co-parents, when possible, creates the most supportive environment for your child's therapeutic journey.","In most cases, both parents are encouraged to be involved in a child's therapy, as consistent support from both sides benefits the child's progress. However, the specifics often depend on your divorce agreement, particularly custody arrangements. If parents share joint legal custody, both typically ",0.03826282501220746,0.012608916978327693
"It's completely valid to feel hesitant about visiting when a relationship lacks emotional support. Your wellbeing matters, and you're allowed to prioritize your mental health during the holidays. Consider what specific concerns you have about not attending—are you worried about guilt, conflict, or damaging the relationship further? Understanding your fears can help you make a more grounded decision rather than one driven by anxiety alone.

You might also explore middle ground options, like a shorter visit, a phone call, or setting clear boundaries around your time together. Whatever you choose, communicate your decision respectfully but firmly, and remember that you're not obligated to endure emotional hardship just because it's the holiday season. If you anticipate significant fallout, consider discussing your situation with a therapist who can help you navigate family dynamics and develop strategies for managing any consequences.","It's completely valid to feel hesitant about visiting when a relationship lacks emotional support. Your wellbeing matters, and you're allowed to prioritize your mental health during the holidays. Consider what specific concerns you have about not attending—are you worried about guilt, conflict, or d",0.06131622314453189,0.013658921157823911
"It's completely understandable to feel torn between wanting to help a friend and protecting yourself. Your concern for their wellbeing shows you care deeply, but it's also important to recognize that your hesitation is valid—lending money when a previous debt remains unpaid creates a pattern that may be hard to break.

You might consider having an honest conversation with your friend about the previous loan before making any decisions. You could express your care for them while also being transparent about your own financial boundaries. It's okay to say no, or to offer alternative forms of support that don't involve lending money. Remember that setting limits doesn't make you a bad friend—it helps maintain a healthy relationship. Ultimately, only lend what you can afford to lose without feeling resentful, as unresolved debts can damage friendships over time.","It's completely understandable to feel torn between wanting to help a friend and protecting yourself. Your concern for their wellbeing shows you care deeply, but it's also important to recognize that your hesitation is valid—lending money when a previous debt remains unpaid creates a pattern that ma",0.08313389301300056,0.013921137976818038
"I'm so sorry you're going through this. Losing a 20-year friendship is deeply painful, and your feelings of depression and anxiety make complete sense given the significance of this relationship. It's especially hard when you're receiving mixed signals, as that inconsistency can keep you stuck in a cycle of hope and hurt.

The truth is, we can't control someone else's willingness to stay in relationship with us, even when the history is long and meaningful. What you *can* control is how you care for yourself through this. Consider giving her space while also being honest about what you need clarity on. If she ultimately chooses to end the friendship, acceptance may take time, but it doesn't mean the 20 years didn't matter or that you did something wrong. Relationships sometimes run their course, even ones we deeply value. Please consider talking to a therapist who can help you process this loss and develop coping strategies. You deserve support as you navigate this.","I'm so sorry you're going through this. Losing a 20-year friendship is deeply painful, and your feelings of depression and anxiety make complete sense given the significance of this relationship. It's especially hard when you're receiving mixed signals, as that inconsistency can keep you stuck in a ",0.04496322631835925,0.010587519465306236
"I'm really sorry you're going through this — facing potential job loss while also navigating relationship troubles is an incredibly heavy load, and it's completely understandable that you're feeling overwhelmed and low right now. What you're experiencing is valid, and it doesn't reflect your worth as a person.

Regarding your question — workplaces do have legal and practical obligations, and depending on where you live, there may be protections if personal circumstances are affecting your performance. It's worth consulting an employment lawyer or HR to understand your rights before making any decisions. That said, you don't have to ""just accept"" anything passively. If given the chance to improve, take it. If the role ends, it's not a verdict on your value — it's one chapter, not your whole story. Right now, please also consider reaching out to a therapist or counselor who can support you through both the work and relationship stress. You deserve care and guidance through this, not just survival.","I'm really sorry you're going through this — facing potential job loss while also navigating relationship troubles is an incredibly heavy load, and it's completely understandable that you're feeling overwhelmed and low right now. What you're experiencing is valid, and it doesn't reflect your worth a",0.07921897888183604,0.01165197560755473
"I'm so sorry you're carrying all of this. What you're describing—exhaustion, feeling disconnected from your body, and facing emotional manipulation from your partner—is incredibly heavy, especially while caring for two young children. His threats to leave are not fair to you, and they are a form of emotional pressure, not partnership. You deserve support, not blame.

Please consider reaching out to your own therapist or doctor, even virtually, to talk through what you're experiencing. Postpartum exhaustion and emotional distress are real and treatable, and you don't have to navigate this alone. Also, lean on any friends, family, or community support you can find—building a circle outside of your marriage matters. You cannot force your husband to change or attend therapy, but you can prioritize your own well-being and set boundaries around how you'll allow yourself to be treated. Remember: caring for yourself is not selfish—it's essential for you and your children. You are worthy of respect and support, even if he's not offering it right now.","I'm so sorry you're carrying all of this. What you're describing—exhaustion, feeling disconnected from your body, and facing emotional manipulation from your partner—is incredibly heavy, especially while caring for two young children. His threats to leave are not fair to you, and they are a form of ",0.06967387437820438,0.012290068741992484
"It sounds like you're going through an incredibly painful and confusing time. Your feelings of hurt and frustration are completely valid — when a partner becomes distant and unresponsive, it undermines the trust and connection that a marriage relies on. Significant life changes, including major weight loss, can sometimes lead people to behave in ways that feel like a betrayal of the relationship.

Before making a decision about leaving, consider having an honest, direct conversation with her when you do have the opportunity. Express how her actions are affecting you without accusation, and see if she's willing to engage. You may also want to seek individual therapy to help you process your feelings and explore what boundaries you need, regardless of what she chooses. Ultimately, you deserve a relationship built on mutual respect and presence. If she's unwilling to work toward that, your decision to leave would be understandable — but clarity often comes from giving the conversation one genuine, calm attempt first.","It sounds like you're going through an incredibly painful and confusing time. Your feelings of hurt and frustration are completely valid — when a partner becomes distant and unresponsive, it undermines the trust and connection that a marriage relies on. Significant life changes, including major weig",0.0809457468986512,0.012944651352105426
"This is an incredibly difficult and painful situation, and it's important to recognize that threats of suicide during conflicts can be a form of emotional coercion, even if your partner is genuinely suffering. You are not responsible for their choices, and you cannot be their sole lifeline. When they threaten suicide, take it seriously by contacting a crisis line, emergency services, or a trusted family member rather than absorbing the burden yourself. This both ensures their safety and establishes that you are not the only person who can help.

Your need for boundaries is valid and necessary, even in the face of their pain. Encourage them to connect with professional support — a therapist, psychiatrist, or crisis resources — and consider seeking your own therapy to navigate this. You deserve care and safety too, and you cannot sacrifice your own mental health to keep someone else afloat.","This is an incredibly difficult and painful situation, and it's important to recognize that threats of suicide during conflicts can be a form of emotional coercion, even if your partner is genuinely suffering. You are not responsible for their choices, and you cannot be their sole lifeline. When the",0.06534853219985992,0.011272181322234518
"Thank you for sharing this concern. Even if you believe your child's statements are attention-seeking rather than genuine suicidal intent, any mention of suicide should be taken seriously, and the pattern you're describing is itself concerning. Using suicidal statements as a coping strategy to avoid difficult situations is a maladaptive behavior that could escalate or become a genuine risk over time.

Additionally, you mentioned your child has a history of severe trauma, which alone is a strong reason to consider therapy. A trauma-informed therapist can help your child develop healthier coping skills, address the underlying pain from her experiences, and work through whatever is driving this behavior at school. Therapy isn't only for crisis moments—it's also for building resilience, processing difficult emotions, and learning more effective ways to communicate needs. I'd encourage you to consult with a mental health professional who specializes in working with children and trauma to determine the best path forward for your daughter.","Thank you for sharing this concern. Even if you believe your child's statements are attention-seeking rather than genuine suicidal intent, any mention of suicide should be taken seriously, and the pattern you're describing is itself concerning. Using suicidal statements as a coping strategy to avoid",0.043175442218781335,0.01179678403417253
"I'm so sorry this happened to you. What your friend did was a profound violation of your trust, privacy, and dignity. You deserved care and support in that moment, not exploitation for content. Your anger and hurt are completely valid.

Rather than ghosting silently, consider sending a brief message stating that what she did was deeply hurtful and that you need space. This communicates your boundary clearly without leaving you wondering if she even understands why you disappeared. Whether you eventually give her the chance to explain is entirely your choice—trust is earned, and her response (or lack of one) to your message will tell you a lot. You might also consider requesting that she take the video down. Please also take care of yourself right now; being mocked or watched by strangers during a vulnerable moment can be deeply distressing, and you may want to lean on other supportive people or a therapist as you process this. You deserve friends who protect you, not perform around your pain.","I'm so sorry this happened to you. What your friend did was a profound violation of your trust, privacy, and dignity. You deserved care and support in that moment, not exploitation for content. Your anger and hurt are completely valid.

Rather than ghosting silently, consider sending a brief message",0.07452547788620034,0.015574719411011932
"No, you are not lazy. Hoarding disorder is a recognized mental health condition, not a character flaw or a choice. The difficulty you experience with discarding items and organizing your space is a symptom of a genuine struggle, not a sign of laziness or lack of willpower. It's understandable that your mom's comments feel hurtful, especially when she may not fully understand the nature of hoarding disorder.

What might help is having a calm conversation with your mom during a non-conflict moment to share that hoarding disorder is a diagnosable condition that often requires professional support, not just ""trying harder."" You deserve compassion, both from others and from yourself. If you haven't already, consider working with a therapist who specializes in hoarding or clutter-related challenges—they can help you develop gradual, sustainable strategies while also addressing the emotional roots of the difficulty. Your experience is valid, and seeking support is a meaningful step forward.","No, you are not lazy. Hoarding disorder is a recognized mental health condition, not a character flaw or a choice. The difficulty you experience with discarding items and organizing your space is a symptom of a genuine struggle, not a sign of laziness or lack of willpower. It's understandable that y",0.04926038980483982,0.012137004252614407
"I hear how frightening it is to hear ""palliative care"" mentioned, and I want you to know that your desire to fight and explore every option is both valid and admirable. Palliative care doesn't mean giving up—it can actually help manage symptoms and improve quality of life while you pursue treatments like clinical trials or second opinions. Your instinct to seek additional perspectives is a powerful form of self-advocacy, and many patients do find hope through experimental therapies.

Courage isn't about feeling fearless; it's about taking the next step even when you're scared. Start by giving yourself permission to rest and process this news without guilt. Then, when you're ready, ask your oncologist for referrals to research hospitals or clinical trial databases like ClinicalTrials.gov. You might also consider connecting with a cancer support community where others have navigated similar journeys. You don't have to muster all your courage at once—just enough for today's step.","I hear how frightening it is to hear ""palliative care"" mentioned, and I want you to know that your desire to fight and explore every option is both valid and admirable. Palliative care doesn't mean giving up—it can actually help manage symptoms and improve quality of life while you pursue treatments",0.0636210799217225,0.013634148077468673
"Thank you for being honest with me about what's been happening. I can hear that you're feeling overwhelmed and wanting to move past this quickly, but I want to gently reflect something back to you: you've now had three DUIs in five years, and you're describing the ankle bracelet as a way to ""go about your life as usual."" That suggests you may be focusing on managing the consequences rather than looking at the pattern underneath them.

I'm not able to help you select character witnesses, as that's really a conversation for an attorney. What I *can* support you with is exploring what's been driving the return to drinking after three months of sobriety, and what honest accountability might look like for you right now. This situation is serious, and you deserve real support — not just to navigate the legal system, but to understand why sobriety has been so hard to sustain. Would you be open to talking about that?","Thank you for being honest with me about what's been happening. I can hear that you're feeling overwhelmed and wanting to move past this quickly, but I want to gently reflect something back to you: you've now had three DUIs in five years, and you're describing the ankle bracelet as a way to ""go abou",0.08234465360641474,0.011540321666829945
"I hear how much pain you're in, and it's completely natural to want connection and closure after a breakup, especially when you're feeling depressed. That said, his decision to stop responding is a boundary he's setting, and continuing to reach out may be deepening your hurt rather than bringing you the understanding you're hoping for. His inability to be there for you right now doesn't mean your feelings are wrong or that you don't deserve care — it just means this relationship isn't the place where you'll find it.

This is a really important moment to redirect that energy toward yourself and toward people who can actually hold space for you. If depression is making it hard to function, please consider talking to a therapist or counselor who can help you process this in a supportive way. You deserve understanding, and right now the most compassionate thing you can do is offer it to yourself rather than chasing it from someone who has stepped away.","I hear how much pain you're in, and it's completely natural to want connection and closure after a breakup, especially when you're feeling depressed. That said, his decision to stop responding is a boundary he's setting, and continuing to reach out may be deepening your hurt rather than bringing you",0.09347167968750014,0.012603375969482283
"It's completely understandable that you feel hurt and confused. When you've poured your heart into being a caring parent, being asked for space can feel like rejection rather than what it likely is—a normal developmental need for independence. Your daughter isn't necessarily pushing you away because you've done something wrong; she may be trying to establish her own identity and boundaries as an adult, which is actually a sign of healthy growth.

Rather than simply waiting, consider respecting her request while letting her know the door is open when she's ready. You might send one warm, non-demanding message acknowledging her need for space and expressing that you love her and will be there when she wants to reconnect. This shows you hear her without pressuring her to return on your timeline. In the meantime, this can be an opportunity to focus on your own life and relationships. Sometimes the hardest part of parenting adults is learning that loving them well means loosening our grip, even when it aches.","It's completely understandable that you feel hurt and confused. When you've poured your heart into being a caring parent, being asked for space can feel like rejection rather than what it likely is—a normal developmental need for independence. Your daughter isn't necessarily pushing you away because",0.05964914798736576,0.011800498052504134
"It sounds like a really painful situation, and I want to validate that your partner's accusations and phone checks are understandably triggering for you. While both individual and couples counseling could be helpful, I'd encourage you to prioritize individual therapy first. Your trauma healing matters, and having your own space to process how these dynamics affect you is important.

I also want to gently name that your partner's behavior—repeated accusations and monitoring without cause—reflects *their* insecurity or trust issues, not anything you've done. Couples counseling could eventually help address these patterns together, but only if both partners are willing to examine their own contributions. For now, focusing on your own therapeutic work can help you gain clarity, strengthen your boundaries, and determine what you need from this relationship. You deserve to feel trusted and respected.","It sounds like a really painful situation, and I want to validate that your partner's accusations and phone checks are understandably triggering for you. While both individual and couples counseling could be helpful, I'd encourage you to prioritize individual therapy first. Your trauma healing matte",0.07413699626922554,0.011493691947330709
"It sounds like you're navigating a genuinely painful and isolating situation, and it's completely understandable to feel unsettled when something as personal as your political affiliation creates friction in both your professional relationships and your client work. Your instinct that tensions may ease after the election cycle is reasonable, but it's also worth reflecting on whether the underlying culture at your practice would feel truly welcoming to you long-term, regardless of who is in office.

Consider what you need to feel safe and respected in your workplace. If the hostility is affecting your well-being or clinical effectiveness, that matters now, not just in November. You might explore whether a conversation with leadership about workplace climate is possible, or simply give yourself permission to quietly explore other options while you wait. There's no wrong answer here, but you deserve to practice in an environment where you feel valued for your professional competence rather than judged for private choices.","It sounds like you're navigating a genuinely painful and isolating situation, and it's completely understandable to feel unsettled when something as personal as your political affiliation creates friction in both your professional relationships and your client work. Your instinct that tensions may e",0.06313737869262681,0.012875227941771683
"It's completely understandable that you feel hurt and confused. Your friend said nothing would change, but his actions tell a different story. The truth is, even with the best intentions, disclosure can shift dynamics in ways people don't anticipate. His avoidance likely reflects his own discomfort or uncertainty about how to navigate this new reality, not necessarily a judgment of you or your feelings. That doesn't make it fair, and your frustration is valid.

For now, consider giving him space rather than pushing for conversation he isn't ready for. Pressuring him to address it may deepen his withdrawal. Meanwhile, focus on processing your own emotions, perhaps talking to someone else you trust. If time passes and he remains distant, you may need to accept that the friendship you had has changed, and that's a real loss. You deserve relationships where communication is mutual and your feelings are respected, not dismissed. Be gentle with yourself as you navigate this.","It's completely understandable that you feel hurt and confused. Your friend said nothing would change, but his actions tell a different story. The truth is, even with the best intentions, disclosure can shift dynamics in ways people don't anticipate. His avoidance likely reflects his own discomfort ",0.07911003828048724,0.014059581508316266
"It's completely understandable that you're feeling hurt and excluded. The arrival of a grandchild is deeply meaningful, and waiting to be invited in can feel like rejection, especially given your history with your son.

That said, the first month with a newborn is overwhelming for any new parent, and they may simply be in survival mode. Consider reaching out with a low-pressure message—something like, ""I know you're adjusting to life with the baby, and I don't want to intrude. I'd love to see you all when you're ready, even briefly."" This approach shows respect for their boundaries while expressing your desire to be involved. If they don't respond positively, you may need to accept that rebuilding trust takes time and consistent effort on both sides. Focus on what you can control—your own actions and responses—rather than waiting in resentment. Healing relationships often requires patience, and sometimes professional family counseling can help bridge the gap if both parties are willing.","It's completely understandable that you're feeling hurt and excluded. The arrival of a grandchild is deeply meaningful, and waiting to be invited in can feel like rejection, especially given your history with your son.

That said, the first month with a newborn is overwhelming for any new parent, an",0.02806907892227173,0.012330969343711994
"You have the right to seek mental health care—no one, including your spouse, can prevent you from getting support. That said, if your husband is the primary policyholder on your insurance plan, the insurance company may send Explanation of Benefits statements to the policyholder's address, which could include general information about services used, such as dates and provider names. However, under HIPAA, your specific diagnosis, treatment details, and what you discuss in sessions remain strictly confidential. You can contact your insurance company directly to ask about their EOB policies and whether you can request that sensitive information be sent only to you.

I also want to gently acknowledge that it's concerning when a partner discourages you from seeking help. Your mental health matters, and you deserve support. If you're worried about your husband's reaction, a therapist can help you navigate that conversation safely. If you ever feel unsafe or controlled in your relationship, please reach out to the National Domestic Violence Hotline at 1-800-799-7233. You deserve to prioritize your wellbeing.","You have the right to seek mental health care—no one, including your spouse, can prevent you from getting support. That said, if your husband is the primary policyholder on your insurance plan, the insurance company may send Explanation of Benefits statements to the policyholder's address, which cou",0.02144560813903773,0.014049932868482218
"Your partner's involvement in counseling can be valuable, but it depends on your goals. If you're in individual therapy, your partner doesn't need to be deeply involved—though sharing general progress can foster understanding. However, if your primary concern is the marriage itself, couples therapy would likely be more effective than individual counseling alone. A couples therapist can help both of you address patterns, improve communication, and work toward shared goals.

That said, individual therapy remains important if you're working through personal issues that affect the relationship. The key is being clear with your therapist about what you hope to achieve. They can help you decide whether involving your partner at certain points would be beneficial or whether separate work is needed first. Every situation is different, and there's no one-size-fits-all answer. What matters most is that both you and your partner are willing to engage in the process honestly and with a genuine desire to grow together.","Your partner's involvement in counseling can be valuable, but it depends on your goals. If you're in individual therapy, your partner doesn't need to be deeply involved—though sharing general progress can foster understanding. However, if your primary concern is the marriage itself, couples therapy ",-0.01955649375915547,0.009469605155586322
"It sounds like your mother may be experiencing chronic depression, possibly with agoraphobia or significant anxiety contributing to her fear of going outside. The fact that this has persisted since your birth suggests it may be deeply rooted, and she may benefit greatly from professional support. As her child, your desire to help is understandable, but remember that you cannot be her therapist — and that's okay.

You can support her by gently encouraging professional help, perhaps starting with a telehealth appointment if leaving home feels too overwhelming. Let her know you care without pressure, and help her find resources when she's ready. Small gestures — regular check-ins, helping with tasks, or simply being present — can mean more than you realize. Also, please consider seeking support for yourself, as loving someone with chronic depression can take an emotional toll. You deserve care too.","It sounds like your mother may be experiencing chronic depression, possibly with agoraphobia or significant anxiety contributing to her fear of going outside. The fact that this has persisted since your birth suggests it may be deeply rooted, and she may benefit greatly from professional support. As",0.06455769538879386,0.013426819932961078
"Your concern for your girlfriend is understandable. The behaviors you're describing—reduced need for sleep, decreased appetite, intense focus on goals, and difficulty staying on task—could potentially align with symptoms of a manic or hypomanic episode, which are characteristic of bipolar disorder. However, it's important to note that these symptoms could also be related to other conditions or factors, and a proper diagnosis can only be made by a qualified mental health professional through a comprehensive evaluation.

I'd encourage you to gently express your concerns to your girlfriend, focusing on specific observations rather than labels, and suggest she speak with a healthcare provider. You might say something like, ""I've noticed you've been sleeping less and seem to have a lot of energy lately, and I'm worried about how it's affecting you and us."" If she's open to it, offering to help her find a professional could be supportive. It's also important to take care of yourself and consider seeking your own support if the relationship is significantly impacted.","Your concern for your girlfriend is understandable. The behaviors you're describing—reduced need for sleep, decreased appetite, intense focus on goals, and difficulty staying on task—could potentially align with symptoms of a manic or hypomanic episode, which are characteristic of bipolar disorder. ",0.03443326234817512,0.01757644007682894
"It sounds like you're dealing with a really difficult situation at home, and it's understandable that the unpredictability is taking a toll on your whole family. While I can't diagnose your mom, the pattern you're describing — swings between high energy and deep lows — could be characteristic of several mental health conditions, such as bipolar disorder, depression, or even something medical like a thyroid issue. It's unlikely she's simply ""acting out for attention,"" as these shifts are usually distressing to the person experiencing them too.

I'd gently encourage you to talk to your mom when she's in a calm moment and express your concern from a place of love. Suggesting she speak with her doctor or a mental health professional could be an important first step. You might also find it helpful to talk to a counselor yourself, as supporting a parent through something like this can be emotionally heavy. You deserve support through this as well.","It sounds like you're dealing with a really difficult situation at home, and it's understandable that the unpredictability is taking a toll on your whole family. While I can't diagnose your mom, the pattern you're describing — swings between high energy and deep lows — could be characteristic of sev",0.07831853389739951,0.013367416881375653
"It sounds like you're experiencing a situation that feels both overwhelming and confusing. Your friend's constant check-ins likely stem from her own anxiety or insecurity about relationships, rather than anything you've done. That said, it's completely valid to feel unsure about how to respond, especially when you're still getting to know each other.

You might try gently acknowledging her concern while also setting a boundary, something like, ""I appreciate that you care, but I want you to know I'll be honest with you if something is off. I don't need to text constantly to know we're friends."" This reassures her while also signaling your needs. If the behavior continues despite this, it may be worth reflecting on whether this friendship feels balanced and sustainable for you. New friendships should feel enjoyable, not like work.","It sounds like you're experiencing a situation that feels both overwhelming and confusing. Your friend's constant check-ins likely stem from her own anxiety or insecurity about relationships, rather than anything you've done. That said, it's completely valid to feel unsure about how to respond, espe",0.018285067081451167,0.010540578626456765
"It's completely understandable that you feel hurt and upset. Discovering that money may be missing—especially when you're on a fixed budget—is stressful, and suspecting your own son makes it even more painful. Before confronting him, take a moment to gather your thoughts and perhaps confirm exactly how much is missing and when. Approaching the conversation calmly, rather than with accusation, may help keep the lines of communication open.

Consider using ""I"" statements, such as, ""I've noticed some money is missing and I'm feeling really worried about it."" This invites an explanation rather than putting him immediately on the defensive. It's also okay to set clear boundaries going forward, like keeping your money in a more secure location. If the conversation becomes heated or doesn't go well, remember that you have the right to protect yourself financially while also taking time to process the emotional impact. If you'd like additional support, consider reaching out to a local counseling agency that offers services on a sliding scale.","It's completely understandable that you feel hurt and upset. Discovering that money may be missing—especially when you're on a fixed budget—is stressful, and suspecting your own son makes it even more painful. Before confronting him, take a moment to gather your thoughts and perhaps confirm exactly ",0.041024034023284806,0.013440034582955302
"I can hear how hurt and excluded you're feeling, and those feelings are completely valid. Being left out by people you consider friends is painful, and it's understandable that you're feeling angry about it. That said, I'd gently encourage you to pause before sending that group text. When we communicate from a place of raw hurt, our message can get lost behind the anger, and people often become defensive rather than responsive.

Consider taking some time to cool down, then perhaps reaching out individually to the friend you're closest with. Using ""I"" statements like ""I felt hurt when I wasn't included"" tends to open doors to honest conversation rather than shutting them. It's possible there's context you're not seeing, or it may reveal something important about where these friendships stand. Either way, you deserve clarity, and approaching the situation calmly will help you get it. Your feelings matter, and how you express them matters too.","I can hear how hurt and excluded you're feeling, and those feelings are completely valid. Being left out by people you consider friends is painful, and it's understandable that you're feeling angry about it. That said, I'd gently encourage you to pause before sending that group text. When we communi",0.08810159921646088,0.01647243398416299
"It's understandable to feel concerned, but what you're describing sounds like it could be an imaginary friend, which is quite common and developmentally normal for many children. Children often create elaborate characters as a way to process emotions, practice social skills, and exercise their creativity. The fact that ""Bob"" annoys rather than frightens your child is actually a good sign.

I'd suggest taking a low-key approach. Ask open, curious questions about Bob without judgment, which lets your child share naturally. Avoid playing along too enthusiastically or dismissing it entirely. Most imaginary friends fade on their own over time. However, consider speaking with a pediatrician or child psychologist if this persists and interferes with daily life, if your child withdraws from real friendships, or if they seem genuinely distressed. Trust your instincts as a parent—you know your child best.","It's understandable to feel concerned, but what you're describing sounds like it could be an imaginary friend, which is quite common and developmentally normal for many children. Children often create elaborate characters as a way to process emotions, practice social skills, and exercise their creat",0.08914822578430215,0.013448837037276017
"It's understandable to feel concerned when your child shares stories that clearly aren't true. Children often fabricate elaborate tales for a variety of reasons — seeking attention, testing boundaries, expressing creativity, or exploring a sense of power and independence they may feel they lack in real life. These stories can also be a way of processing emotions or dealing with feelings of boredom or frustration.

Rather than focusing on disproving the story, try gently exploring what might be behind it. You might say something like, ""That's quite an imaginative story. What made you think of that?"" This invites her to share more without making her feel defensive. If this behavior is new, frequent, or accompanied by other concerning changes in mood or behavior, it may be worth consulting a child psychologist to better understand what she may be working through emotionally. Most often, though, this kind of storytelling is a normal part of childhood development and tends to fade with gentle guidance and open communication.","It's understandable to feel concerned when your child shares stories that clearly aren't true. Children often fabricate elaborate tales for a variety of reasons — seeking attention, testing boundaries, expressing creativity, or exploring a sense of power and independence they may feel they lack in r",0.031841850280761363,0.013461541500211465
"You're not being paranoid at all. Sudden changes in memory and awareness—especially forgetting the year or neglecting basic responsibilities like feeding pets—are significant warning signs that warrant attention. These symptoms could indicate a range of serious issues, including a neurological condition, a medical emergency, or even a mental health crisis, and they really should be evaluated by a healthcare professional as soon as possible.

I'd encourage you to gently express your concerns to your friend and encourage him to see a doctor. If he has family or other close friends, consider reaching out to them so he has a support network. If you ever believe he's in immediate danger or unable to care for himself, don't hesitate to contact emergency services. It's clear you care about him, and speaking up—even when it's uncomfortable—could make a real difference. Please also remember to take care of yourself; watching someone you care about struggle can be deeply stressful.","You're not being paranoid at all. Sudden changes in memory and awareness—especially forgetting the year or neglecting basic responsibilities like feeding pets—are significant warning signs that warrant attention. These symptoms could indicate a range of serious issues, including a neurological condi",0.05323747634887699,0.01589689057894542
"It's understandable to be concerned when you see such a significant shift in your daughter's behavior. The staring episodes and unresponsiveness could have several explanations — they might be dissociation, which can happen when a child is overwhelmed by stress or worry, or they could have a neurological component like absence seizures. The social withdrawal and personality change could point to emotional struggles such as anxiety, depression, or something difficult she may be processing internally.

I'd recommend starting with a visit to her pediatrician, who can help rule out any medical causes and guide you toward the right next steps, whether that's a neurological evaluation or a referral to a child therapist. In the meantime, try to gently create space for her to talk without pressure — sometimes simply sitting nearby and letting her know you're there can help her feel safe enough to open up when she's ready. Sudden changes like this deserve attention, and seeking professional guidance is the right move.","It's understandable to be concerned when you see such a significant shift in your daughter's behavior. The staring episodes and unresponsiveness could have several explanations — they might be dissociation, which can happen when a child is overwhelmed by stress or worry, or they could have a neurolo",0.05229059219360277,0.011686295052292094
"It's understandable to feel concerned, but creating an imaginary friend at this age isn't necessarily regression. Starting at a new school is a significant transition, and children often use imagination as a coping tool to process loneliness, anxiety, or the need for a sense of control in an unfamiliar environment. Kendra may represent the kind of easy, safe connection Laila wishes she had while she navigates making real friends.

Rather than focusing on whether this is ""regression,"" I'd gently encourage curiosity. You might ask Laila open-ended questions like, ""What do you and Kendra like to do together?"" without making her feel self-conscious. Often, these friendships fade naturally as real social connections build. However, if Laila seems persistently withdrawn, distressed, or struggles to engage with real peers, consulting a child therapist could provide additional support. For now, her imagination may simply be helping her bridge a gap during a stressful adjustment.","It's understandable to feel concerned, but creating an imaginary friend at this age isn't necessarily regression. Starting at a new school is a significant transition, and children often use imagination as a coping tool to process loneliness, anxiety, or the need for a sense of control in an unfamil",0.0421602725982666,0.01146504791759622
"It’s completely understandable to feel worried, especially with a family history of dementia. In addition to forgetfulness and missing appointments, watch for confusion about time or place, difficulty with familiar tasks like cooking or paying bills, withdrawal from social activities, mood changes, and trouble finding the right words. If you notice these patterns, it’s a good idea to consult her doctor.

When talking to your mom, approach the conversation with empathy and without judgment. You might say something like, “I love you and I’ve noticed a few things lately that concern me. I think it would be good to check in with your doctor to make sure everything is okay.” Avoid using the word “dementia” right away, as it can cause fear or defensiveness. Instead, frame it as a general wellness check. Reassure her that you’re on her side and that seeking answers is a way to stay in control of her health.","It’s completely understandable to feel worried, especially with a family history of dementia. In addition to forgetfulness and missing appointments, watch for confusion about time or place, difficulty with familiar tasks like cooking or paying bills, withdrawal from social activities, mood changes, ",0.04497871875762982,0.017264293252358412
"It's understandable to feel worried when you see significant changes in your son's behavior. While some withdrawal and even talking to oneself can be within the range of teenage development, the combination of prolonged isolation, talking to himself, and laughing at nothing could warrant a closer look—especially if these behaviors are new, persistent, or accompanied by other changes like declining grades, disrupted sleep, or social withdrawal.

Rather than jumping to conclusions about any specific diagnosis, I'd strongly encourage you to have a gentle, non-judgmental conversation with your son about how he's feeling, and to consult a mental health professional who can properly evaluate what's going on. Early support—whatever the underlying cause—can make a meaningful difference. You're clearly a caring parent, and reaching out for guidance is an important first step.","It's understandable to feel worried when you see significant changes in your son's behavior. While some withdrawal and even talking to oneself can be within the range of teenage development, the combination of prolonged isolation, talking to himself, and laughing at nothing could warrant a closer lo",0.03922881603241013,0.011658886309806032
"It's thoughtful that you're paying attention to your coworker's wellbeing. While muttering or laughing to oneself can sometimes be associated with mental health conditions, there are also many other possible explanations—like talking on a phone earpiece, rehearsing conversations, or simply having a habit of self-talk. It's important not to jump to conclusions about what you're observing.

If his behavior feels disruptive or concerning, the most appropriate step is to speak with a supervisor or HR, who can assess the situation professionally and connect him with resources if needed. You can also check in casually with him if you feel comfortable—sometimes simple friendliness can reveal whether everything is okay. What you want to avoid is diagnosing him or treating him differently based on assumptions. Your role as a coworker is to be kind and observant, and to escalate concerns through proper channels when something seems off.","It's thoughtful that you're paying attention to your coworker's wellbeing. While muttering or laughing to oneself can sometimes be associated with mental health conditions, there are also many other possible explanations—like talking on a phone earpiece, rehearsing conversations, or simply having a ",0.04930305719375605,0.010785326164917789
"It sounds like you're carrying a heavy burden of expectations, both from others and yourself. What you’re describing—that it takes you longer because you’re so thorough—might actually be a sign of your quality, not a deficit. However, this perfectionism can be exhausting and may be what's draining your focus, as the pressure to maintain a ""brilliant"" image leaves little room for the messy, iterative process of real learning.

To work on your attention, try breaking your work into smaller, time-boxed chunks (like the Pomodoro technique) to maintain focus without getting lost in details. More importantly, try to shift your goal from ""perfect"" to ""done."" Your worth isn't tied to being the fastest or the most brilliant; it's about persistence. Consider speaking with a campus counselor about these feelings of pressure; they are very common in grad school and can help you develop strategies to manage both the workload and your internal critic.","It sounds like you're carrying a heavy burden of expectations, both from others and yourself. What you’re describing—that it takes you longer because you’re so thorough—might actually be a sign of your quality, not a deficit. However, this perfectionism can be exhausting and may be what's draining y",0.01812013149261471,0.013077833559539469
"It sounds like you've been carrying a lot of worry for a long time, and I want to acknowledge how exhausting and isolating that can be. The combination of milestones you're describing—difficulty with potty training, limited eye contact, and social awareness differences—warrants a professional developmental evaluation. I'd encourage you to speak with her pediatrician and request a referral to a developmental specialist or early intervention program. They can assess her holistically and provide clarity on what's happening.

Early evaluation opens doors to targeted support, which can make a meaningful difference. You're not failing her by seeking answers—you're advocating for her. In the meantime, try to reduce pressure around potty training, as anxiety can intensify resistance, and focus on connection through her interests, like mirror play. Trust your instincts; parents often sense when something needs closer attention, and you clearly do.","It sounds like you've been carrying a lot of worry for a long time, and I want to acknowledge how exhausting and isolating that can be. The combination of milestones you're describing—difficulty with potty training, limited eye contact, and social awareness differences—warrants a professional develo",0.04759577035903906,0.011962283429718886
"It's understandable to feel concerned when you notice changes in a friend's body and habits that don't add up. However, it's important to consider that there are many possible explanations for weight loss — medical conditions, stress, changes in metabolism, or yes, possibly medication. Your friend may have private reasons for not sharing certain health decisions, and that doesn't necessarily mean she's trying to deceive you.

Rather than focusing on whether she's hiding something, consider expressing care directly: ""I've noticed you've lost some weight recently and I just wanted to check in — how are you doing?"" This opens the door for her to share what she's comfortable with without feeling accused. Friendship thrives on trust, and sometimes that means allowing space for privacy. If her weight loss is tied to something unhealthy, your supportive, non-judgmental presence will be far more helpful than suspicion.","It's understandable to feel concerned when you notice changes in a friend's body and habits that don't add up. However, it's important to consider that there are many possible explanations for weight loss — medical conditions, stress, changes in metabolism, or yes, possibly medication. Your friend m",0.036748955249786164,0.012481272453213689
"I'm sorry you're feeling dismissed when you know something isn't right with your body. While I can't diagnose whether this is gaslighting, what matters most right now is that your concerns deserve to be taken seriously—especially when you're experiencing physical symptoms like hair loss, weight changes, and fatigue. These could indicate a medical issue, such as a thyroid condition or other underlying problem, that warrants evaluation by a doctor. Depression can absolutely cause some physical symptoms, but it shouldn't be the default explanation that prevents you from exploring other possibilities.

Trust your instincts. You know your body better than anyone else does. I'd encourage you to schedule an appointment with your healthcare provider to discuss these symptoms directly. You don't need your husband's agreement to seek medical care. If you're consistently made to doubt your own perceptions and needs in your relationship, that pattern is worth exploring further, perhaps with a therapist who can help you sort through what you're experiencing.","I'm sorry you're feeling dismissed when you know something isn't right with your body. While I can't diagnose whether this is gaslighting, what matters most right now is that your concerns deserve to be taken seriously—especially when you're experiencing physical symptoms like hair loss, weight chan",0.07865031242370613,0.013281677208434083
"It's completely understandable that hearing your husband talking to someone else would bring up feelings of confusion, hurt, and anxiety. Before confronting him, take some time to process your own emotions so you can approach the conversation from a grounded place rather than pure reactivity. Choose a calm, private moment to talk, and use ""I"" statements to express what you experienced and how it made you feel — for example, ""I heard you talking to someone and I felt really hurt and confused.""

Be curious rather than accusatory, and give him space to explain while staying clear about your own boundaries and needs. Trust your intuition, but also remain open to hearing his perspective. If the conversation feels too difficult to navigate alone or trust has been damaged, couples counseling can provide a safe, structured environment to work through this together. Whatever the outcome, you deserve honesty and respect in your relationship.","It's completely understandable that hearing your husband talking to someone else would bring up feelings of confusion, hurt, and anxiety. Before confronting him, take some time to process your own emotions so you can approach the conversation from a grounded place rather than pure reactivity. Choose",0.04425508260727007,0.01412298981833482
"I can't diagnose your husband, but I understand you're concerned. Schizophrenia involves symptoms like hallucinations, delusions, disorganized thinking, social withdrawal, and difficulty distinguishing reality from fantasy. Only a qualified mental health professional can make this diagnosis through a comprehensive evaluation.

If your husband is experiencing symptoms that worry you, I'd gently encourage him to see a psychiatrist or psychologist. In the meantime, if he's in crisis or at risk of harming himself or others, please contact emergency services or a crisis helpline right away. You don't have to navigate this alone—support is available for both of you.","I can't diagnose your husband, but I understand you're concerned. Schizophrenia involves symptoms like hallucinations, delusions, disorganized thinking, social withdrawal, and difficulty distinguishing reality from fantasy. Only a qualified mental health professional can make this diagnosis through ",0.03745519876480108,0.012519051667981167
"I hear how overwhelmed and alone you're feeling right now, and I want you to know that your pain is real and valid. When everything feels like it's going wrong, it's natural to feel hopeless—but those thoughts about not being around are your mind's way of expressing how much you're hurting, not a sign that things can't get better. Many people struggle more than they let on; you're not alone in facing hard times, even if it feels that way.

Please reach out for support right now. You can call or text 988 (the Suicide & Crisis Lifeline) anytime, 24/7, to talk with someone who cares and can help. If you're outside the US, please contact your local emergency services or a crisis line. You don't have to carry this alone. Talking with a therapist or counselor can also help you work through these feelings and find a path forward. You matter, and there are people who want to help you through this—please give them the chance.","I hear how overwhelmed and alone you're feeling right now, and I want you to know that your pain is real and valid. When everything feels like it's going wrong, it's natural to feel hopeless—but those thoughts about not being around are your mind's way of expressing how much you're hurting, not a si",0.07242660999298112,0.012544161770819896
"Thank you for sharing this — it takes courage to talk about. What you're describing sounds like it could be binge eating, which is more common than you might think. You're not alone, and there's nothing fundamentally ""wrong"" with you. Often, persistent overeating isn't really about hunger — it can be tied to emotions, stress, restriction earlier in the day, or other underlying factors that drive the urge to keep eating even when full.

The regret you feel afterwards is a painful part of the cycle, but it doesn't define your worth. Consider speaking with a therapist or registered dietitian who specializes in eating concerns — they can help you understand your triggers and develop a healthier relationship with food. In the meantime, try to approach yourself with curiosity rather than judgment. Noticing *when* and *how* these episodes happen can be a meaningful first step. You deserve support, not shame.","Thank you for sharing this — it takes courage to talk about. What you're describing sounds like it could be binge eating, which is more common than you might think. You're not alone, and there's nothing fundamentally ""wrong"" with you. Often, persistent overeating isn't really about hunger — it can b",0.05778989791870126,0.010290132045621228
"I'm really concerned hearing that you're hitting yourself, and I want you to know right now: you do not deserve to be hurt, by anyone, including yourself. Please reach out to the Crisis Text Line (text HOME to 741741) or call 988 if you're struggling with urges to self-harm. Your safety matters more than anything in this message.

A short relationship ending doesn't mean something is wrong with you or that you were a ""bad girlfriend."" Sometimes people simply aren't compatible, or the timing isn't right, or the other person has their own reasons that have nothing to do with your worth. Weeks-long relationships often end because people are still figuring out what they want, not because you failed. You are not a failure. You are someone who cared, tried, and got hurt, and that's deeply human. Please be gentle with yourself right now, and consider talking to a therapist who can help you work through these feelings of self-blame. You deserve support and kindness, especially from yourself.","I'm really concerned hearing that you're hitting yourself, and I want you to know right now: you do not deserve to be hurt, by anyone, including yourself. Please reach out to the Crisis Text Line (text HOME to 741741) or call 988 if you're struggling with urges to self-harm. Your safety matters more",0.05566884994506838,0.011346351159317095
"What you're describing sounds like trichotillomania, a recognized condition where anxiety manifests as compulsive hair pulling. Please know this isn't a character flaw or weakness—it's a real response your body has to stress, and many people experience it. The shame cycle you describe (anxiety → pulling → guilt → more anxiety) is incredibly common, but beating yourself up only fuels the pattern.

Consider reaching out to a therapist who specializes in body-focused repetitive behaviors (BFRBs) or CBT, as there are effective treatments that can help you regain control. In the meantime, try noticing your triggers and experimenting with ""competing responses"" like squeezing a stress ball or holding ice when urges arise. You're not a loser—you're someone dealing with a difficult condition, and seeking help is a brave first step.","What you're describing sounds like trichotillomania, a recognized condition where anxiety manifests as compulsive hair pulling. Please know this isn't a character flaw or weakness—it's a real response your body has to stress, and many people experience it. The shame cycle you describe (anxiety → pul",0.04930305957794179,0.01492127472325027
"I'm so sorry you're going through this painful discovery. Your feelings of hurt, betrayal, and inadequacy are completely valid, and it's understandable that you want relief from that pain. However, numbing with alcohol isn't truly helping you heal—it's just pausing the pain while adding new problems. A bottle of wine nightly puts your health at risk and can deepen the depression you're already feeling. You deserve real support right now, not a temporary escape that leaves you feeling worse.

His choice to cheat reflects his character, not your worth. Comparing yourself to her is something many people do, but it's a trap—there will always be someone ""prettier"" by some standard, and infidelity is about the cheater's broken integrity, not the partner's inadequacy. Please consider reaching out to a therapist or trusted loved ones who can help you process this in a way that honors your value. You are worth more than how you've been treated, and you're worth more than a bottle to cope.","I'm so sorry you're going through this painful discovery. Your feelings of hurt, betrayal, and inadequacy are completely valid, and it's understandable that you want relief from that pain. However, numbing with alcohol isn't truly helping you heal—it's just pausing the pain while adding new problems",0.03784609794616722,0.012272860711655072
"I hear how much pain you're in right now, and turning forty can bring up complicated feelings about where we thought we'd be. It sounds like you may be coping with these emotions through alcohol and casual sex, which might provide temporary relief but could also be putting you at risk.

Regarding your question—no, asking someone if they're disease-free is not adequate protection. People can have STIs without knowing it, and alcohol impairs judgment and honesty. The pill only prevents pregnancy, not infections. Please consider getting tested and using barrier protection. More importantly, I'd gently encourage you to talk with a therapist about what's underneath these behaviors. You deserve to feel genuinely fulfilled, not just numbed. There's no timeline for finding meaning or partnership, and forty can be a beginning rather than an ending. You're worth caring for—including by yourself.","I hear how much pain you're in right now, and turning forty can bring up complicated feelings about where we thought we'd be. It sounds like you may be coping with these emotions through alcohol and casual sex, which might provide temporary relief but could also be putting you at risk.

Regarding yo",0.05618711948394761,0.01347933530249478
"It sounds like you're experiencing a lot of anxiety, and I want you to know that what you're feeling is valid and more common than you might think. Constant worry and feeling overwhelmed by small things can be signs of an anxiety disorder, which is a real and treatable condition — not something you should have to just ""get over."" It's painful when a parent doesn't seem to understand, but that doesn't mean your struggles aren't real or deserving of support.

Since your mom isn't currently helping you access care, consider reaching out to another trusted adult — a school counselor, teacher, doctor, or another family member who might advocate for you. You can also call or text a helpline like 988 (in the U.S.) to talk with someone who can offer support and guidance. You deserve to feel better, and there are people who want to help you get there.","It sounds like you're experiencing a lot of anxiety, and I want you to know that what you're feeling is valid and more common than you might think. Constant worry and feeling overwhelmed by small things can be signs of an anxiety disorder, which is a real and treatable condition — not something you ",0.07877138853073129,0.013605579182162644
"It sounds really exhausting to deal with racing thoughts and frustration all day, and I can understand why you're questioning what's going on. What you're describing—constant mental clutter, difficulty focusing, and daily frustration—is a real struggle, regardless of what label might apply. While everyone experiences distractibility sometimes, persistent symptoms that interfere with your daily life deserve attention and support, not just dismissal.

I can't diagnose you, but I can tell you that your experience is valid and worth exploring. A proper evaluation by a qualified professional could give you clarity and, more importantly, access to tools and strategies that actually help. Your dad may have good intentions, but ""just deal with it"" isn't a helpful answer when something is genuinely impacting your wellbeing. Consider talking to a school counselor or your doctor about getting screened—they can help you understand what's happening and find ways to make things more manageable. You deserve support, not silence.","It sounds really exhausting to deal with racing thoughts and frustration all day, and I can understand why you're questioning what's going on. What you're describing—constant mental clutter, difficulty focusing, and daily frustration—is a real struggle, regardless of what label might apply. While ev",0.057312407493591344,0.012146726043541688
"You are not broken — you are caught in a painful cycle of perfectionism, where your self-worth has become tangled up with academic performance. This often develops as a coping strategy, a way to feel safe or worthy, but it becomes exhausting and unsustainable. The sleep deprivation and distress you describe are signs that this pattern is harming you, not helping you grow.

You also don't actually know that other students are ""handling things fine"" — many are struggling silently. Comparison gives you a distorted picture. What matters right now is not why you developed this pattern, but taking small steps to loosen its grip. Could you let one paper be ""good enough"" rather than perfect? Could you talk to a campus counselor? You deserve support, not just high grades. Your worth is not a grade point average, and learning to believe that is a process — one that becomes easier with help.","You are not broken — you are caught in a painful cycle of perfectionism, where your self-worth has become tangled up with academic performance. This often develops as a coping strategy, a way to feel safe or worthy, but it becomes exhausting and unsustainable. The sleep deprivation and distress you ",0.041922907829284206,0.010125942893207389
"You're not being dramatic at all. What you're describing—flashbacks, intrusive thoughts, feeling stuck—these are real symptoms, not signs of weakness or exaggeration. Trauma isn't a competition, and pain doesn't become invalid just because someone else's looked different. Your nervous system responds to what *you* experienced, and comparing it to others doesn't make those responses stop.

It's very common to minimize what we've been through, especially when we're struggling to make sense of why it still hurts. But you don't need to justify your suffering to anyone, including yourself. What you're experiencing deserves care and attention, and I'd really encourage you to speak with a therapist who can help you process what's happening. You don't have to figure out whether you've ""earned"" the right to feel this way before reaching out for support.","You're not being dramatic at all. What you're describing—flashbacks, intrusive thoughts, feeling stuck—these are real symptoms, not signs of weakness or exaggeration. Trauma isn't a competition, and pain doesn't become invalid just because someone else's looked different. Your nervous system respond",0.07486654758453337,0.014549208567853838
"It is absolutely not too much to hope for — you can get back to feeling like yourself again. What you're describing sounds like trichotillomania, a stress-related hair-pulling behavior that many people experience, especially during periods of heightened anxiety. It's not a sign that you're ""losing it"" or that something is fundamentally wrong with you. It's your nervous system's way of coping with overwhelming stress, and it can be effectively treated.

The escalation from occasional hair twirling to eyelash plucking tells me your stress levels have reached a point where you need additional support. I'd strongly encourage you to connect with a therapist who specializes in body-focused repetitive behaviors or CBT. They can help you develop healthier coping strategies and address the underlying stress driving this behavior. In the meantime, try to be gentle with yourself — shame only adds to the stress cycle. Your classmates' reactions reflect their lack of understanding, not your worth. You took an important step by reaching out, and that courage is worth recognizing.","It is absolutely not too much to hope for — you can get back to feeling like yourself again. What you're describing sounds like trichotillomania, a stress-related hair-pulling behavior that many people experience, especially during periods of heightened anxiety. It's not a sign that you're ""losing i",0.04760082960128775,0.010942525720204734
"It's completely understandable to feel overwhelmed by the social landscape at a new school. When groups seem closed off, it's natural to want to carve out your own space where you feel like you belong. That said, I'd gently encourage you to be curious about what ""normal"" actually means to you—often, when we dig beneath that word, we find specific interests, values, or personality traits that we could share with others who might not fit neatly into existing cliques either.

Starting your own group isn't a bad idea, but consider framing it around what you *are* rather than what you *aren't*. People are drawn to authenticity, and there are likely other students at your school who also feel like they don't fit the established categories. Sometimes the most genuine connections happen when we stop trying to match a label and simply share what we genuinely enjoy.","It's completely understandable to feel overwhelmed by the social landscape at a new school. When groups seem closed off, it's natural to want to carve out your own space where you feel like you belong. That said, I'd gently encourage you to be curious about what ""normal"" actually means to you—often,",0.052069396972656445,0.011348516913958167
"Thank you for sharing this so honestly. What you're describing isn't as unusual as you might think—many people who hold themselves to very high standards react to mistakes with intense self-criticism that sometimes turns physical. It makes sense that frustration builds up and needs somewhere to go, but it also sounds painful and distressing for you.

The anger you direct at yourself likely says more about the pressure you carry than about any actual ""stupidity."" Small mistakes feel enormous when your inner critic is harsh. You deserve the same kindness you'd probably offer a friend who slipped up.

Because self-harm is involved, I'd really encourage you to talk with a therapist or counselor who can help you explore what's driving this and develop healthier ways to respond when frustration hits. You don't have to figure this out alone, and you deserve support, not punishment. If you're ever in immediate distress, please reach out to a crisis line in your area.","Thank you for sharing this so honestly. What you're describing isn't as unusual as you might think—many people who hold themselves to very high standards react to mistakes with intense self-criticism that sometimes turns physical. It makes sense that frustration builds up and needs somewhere to go, ",0.07330986738204981,0.015289682842501217
"It is incredibly common to feel this way, even when your life looks good on the outside. What you're describing sounds like a mix of imposter syndrome and emotional numbness, which can happen when we are disconnected from our authentic selves or struggling with underlying depression. The truth is, most people are also just winging it and hiding their doubts behind a confident mask.

You are not broken for feeling empty. It often means your mind is asking for deeper meaning or rest, not that you are ungrateful. Try to be gentle with yourself and avoid measuring your internal struggles against everyone else's external highlights. Speaking with a therapist could help you explore where this emptiness is coming from and guide you toward reconnecting with what truly matters to you.","It is incredibly common to feel this way, even when your life looks good on the outside. What you're describing sounds like a mix of imposter syndrome and emotional numbness, which can happen when we are disconnected from our authentic selves or struggling with underlying depression. The truth is, m",0.08474450826644908,0.012752169945076072
"Thank you for being brave enough to share this. It's completely normal to feel curious and to want to explore new things at your age. Feeling guilty doesn't automatically mean something is wrong—sometimes guilt just means you sense a conflict between what you're doing and what your parents expect.

That said, ""wrong"" and ""against the rules"" aren't always the same thing. Your parents might have rules to protect you, even if you don't fully understand their reasons yet. It might help to think about *why* they might not approve—whether it's about content that could affect how you see yourself or others, or just about growing up at your own pace.

Consider talking to a trusted adult—a school counselor, an older sibling, or even your parents—about what you're feeling. You don't have to share everything, but expressing that you're navigating curiosity and guilt can help you sort through it. You're not alone in feeling this way, and asking these questions shows maturity.","Thank you for being brave enough to share this. It's completely normal to feel curious and to want to explore new things at your age. Feeling guilty doesn't automatically mean something is wrong—sometimes guilt just means you sense a conflict between what you're doing and what your parents expect.

",0.053114609718322825,0.012489020198155235
"It's completely valid to feel indifferent about your parents' divorce, and not everyone responds to major life changes with strong emotions. That said, going to counseling doesn't have to be about processing grief you don't feel — it could simply be a space to talk about the stress of *their* ongoing conflict, which clearly affects you even if the divorce itself doesn't. You're allowed to go and say, ""I genuinely don't have feelings about the divorce, but here's what's bothering me.""

That said, if you go just to make them happy, you might end up resentful. A middle ground could be trying one or two sessions honestly, and if it truly feels pointless, you'll have real evidence to share with them rather than just avoidance. You could also suggest they pursue their own counseling, which sounds like it might be more needed. Ultimately, therapy works best when you're at least somewhat open to it, even if you're skeptical.","It's completely valid to feel indifferent about your parents' divorce, and not everyone responds to major life changes with strong emotions. That said, going to counseling doesn't have to be about processing grief you don't feel — it could simply be a space to talk about the stress of *their* ongoin",0.043708696365356126,0.013435733359599586
"First, please know that what you are feeling is incredibly common, even if other moms don’t always talk about it openly. Transitioning to motherhood involves a massive identity shift, and it is entirely normal to grieve the freedom and spontaneity of your pre-baby life. Loving your child and mourning your independence are not mutually exclusive; you can feel both at the same time without being a ""bad"" mom. Your husband’s different experience doesn’t mean your feelings are wrong—parents adjust to new roles on different timelines and in different ways.

It is important to give yourself permission to feel this way without judgment. Try to communicate these feelings to your husband or a supportive friend, as isolating with them will only amplify the guilt. If these feelings persist or begin to feel overwhelming, I strongly encourage you to discuss them with your doctor, as they can help screen for postpartum depression and connect you with additional support. You are not alone in this.","First, please know that what you are feeling is incredibly common, even if other moms don’t always talk about it openly. Transitioning to motherhood involves a massive identity shift, and it is entirely normal to grieve the freedom and spontaneity of your pre-baby life. Loving your child and mournin",0.03705375671386779,0.0130432222653295
"I hear how painful and isolating this feels for you, and I want you to know that these feelings are completely valid. It's natural to compare ourselves to others, especially when it seems like everyone around us is reaching milestones we haven't yet. But please know that there is absolutely nothing wrong with you. People find relationships at every age, and your mid-20s is still quite young, even if it doesn't feel that way right now.

The truth is that timing looks different for everyone, and finding a meaningful connection often has more to do with circumstances, timing, and luck than with your worthiness of being loved. What would it feel like to redirect some of that energy toward the things that make you feel alive and fulfilled? When we build a life we genuinely enjoy, we not only feel more content, but we also tend to attract people who appreciate us for who we authentically are. You are worthy of love exactly as you are right now.","I hear how painful and isolating this feels for you, and I want you to know that these feelings are completely valid. It's natural to compare ourselves to others, especially when it seems like everyone around us is reaching milestones we haven't yet. But please know that there is absolutely nothing ",0.05831279754638663,0.012549072471066128
"I'm concerned when I hear about wanting to get skinny fast, especially for someone underage. Rapid weight loss can seriously harm a growing body and often leads to cycles of losing and regaining weight that can damage your relationship with food long-term. Your body is still developing, and it needs nourishment.

Instead of focusing on getting skinny, I'd encourage you to talk to a trusted adult, doctor, or school counselor about how you're feeling about your body. They can help you understand what's healthy for *your* body specifically. Generally, feeling good comes from regular movement you enjoy, eating a variety of foods without restriction, and getting enough sleep. If you're struggling with body image, you deserve support — not a quick fix that could hurt you. Please reach out to someone who can help you navigate this safely.","I'm concerned when I hear about wanting to get skinny fast, especially for someone underage. Rapid weight loss can seriously harm a growing body and often leads to cycles of losing and regaining weight that can damage your relationship with food long-term. Your body is still developing, and it needs",0.044025702476501394,0.011291381299778375
"Thank you for reaching out — that takes courage, and it's an important first step. Low self-esteem can feel isolating, but you don't have to navigate it alone. Consider connecting with a licensed therapist through platforms like Psychology Today's directory, BetterHelp, or Open Path Collective if cost is a concern. Cognitive Behavioral Therapy (CBT) is particularly effective for addressing negative self-perceptions. You might also explore self-compassion practices through resources like Dr. Kristin Neff's work or apps like MoodGym.

In the meantime, try to notice when harsh self-critical thoughts arise and ask yourself whether you'd speak to a friend that way. Often we hold ourselves to standards we'd never impose on others. Small daily actions that align with your values — even tiny ones — can slowly rebuild a sense of self-worth. Healing isn't linear, and disliking yourself now doesn't mean you always will. Please be gentle with yourself as you explore what support feels right for you.","Thank you for reaching out — that takes courage, and it's an important first step. Low self-esteem can feel isolating, but you don't have to navigate it alone. Consider connecting with a licensed therapist through platforms like Psychology Today's directory, BetterHelp, or Open Path Collective if co",0.05937500953674313,0.011979402342676094
"I'm sorry you're dealing with constant anxiety — that sounds exhausting, and it makes sense that you'd want relief. One helpful starting point is learning simple grounding techniques, like the 5-4-3-2-1 method (noticing 5 things you see, 4 you hear, 3 you touch, 2 you smell, 1 you taste) to bring your attention back to the present when anxiety spikes. Regular exercise, adequate sleep, and limiting caffeine can also reduce baseline anxiety levels over time.

It's also worth considering talking to a school counselor or therapist if you haven't already — anxiety is very treatable, and a professional can help you identify specific triggers and build a personalized toolkit of coping strategies. You don't have to figure this out alone, and reaching out for support is a sign of strength, not weakness. In the meantime, try to be patient with yourself; managing anxiety is a skill that takes practice, and small steps still count as progress.","I'm sorry you're dealing with constant anxiety — that sounds exhausting, and it makes sense that you'd want relief. One helpful starting point is learning simple grounding techniques, like the 5-4-3-2-1 method (noticing 5 things you see, 4 you hear, 3 you touch, 2 you smell, 1 you taste) to bring yo",0.03264811038970983,0.015252688988703534
"I'm sorry you're going through this — depression can feel incredibly heavy and exhausting, especially when it's affecting your ability to function day to day. Please know that what you're experiencing is real, and it's not a personal failure.

I'd strongly encourage you to connect with a therapist or doctor, as professional support can make a significant difference. They can help you explore whether therapy, medication, or a combination might be right for you. In the meantime, try to focus on very small, manageable steps — getting sunlight, taking a short walk, eating something nourishing, or reaching out to one person you trust. When even basic tasks feel overwhelming, break them into the smallest possible pieces and celebrate those small wins. Be gentle with yourself — healing isn't linear, and simply reaching out for help, as you've done here, is a meaningful step forward. You don't have to figure this all out at once.","I'm sorry you're going through this — depression can feel incredibly heavy and exhausting, especially when it's affecting your ability to function day to day. Please know that what you're experiencing is real, and it's not a personal failure.

I'd strongly encourage you to connect with a therapist o",0.040727436542510986,0.012145537233594551
"Managing depression can feel overwhelming, but small, consistent steps often make the biggest difference. Start by focusing on the basics—maintaining a regular sleep schedule, nourishing your body, and engaging in gentle movement, even if it's just a short walk. Connecting with supportive people, whether friends, family, or a support group, can also help reduce the isolation that often accompanies depression. Consider journaling or mindfulness practices to help process difficult emotions.

Professional support is one of the most effective tools for managing depression. A therapist can help you develop personalized coping strategies, and if needed, medication may also be beneficial. Be patient with yourself—recovery isn't linear, and progress may come slowly. Celebrate small victories, like getting out of bed or reaching out to someone, and remember that seeking help is a sign of strength, not weakness. You don't have to navigate this alone.","Managing depression can feel overwhelming, but small, consistent steps often make the biggest difference. Start by focusing on the basics—maintaining a regular sleep schedule, nourishing your body, and engaging in gentle movement, even if it's just a short walk. Connecting with supportive people, wh",-0.0004398918151857778,0.015270284625236212
"What you're experiencing is very common—public speaking triggers the body's fight-or-flight response, which can cause lightheadedness, racing heart, and shallow breathing. The key is to work with your body rather than against it. Before speaking, try grounding techniques: press your feet firmly into the floor, and practice slow breathing where your exhales are longer than your inhales. This signals safety to your nervous system. Also, remind yourself that feeling nervous doesn't mean you'll perform poorly—most audiences are rooting for you and can't see your internal experience.

Preparation also helps reduce anxiety. Practice your material enough that you can deliver it conversationally rather than reciting it perfectly. When speaking, pick a few friendly faces and speak to them individually rather than addressing ""a group."" If you feel lightheaded in the moment, pause, take a breath, and sip water—pauses feel longer to you than to the audience. Over time, repeated exposure helps your brain learn that public speaking isn't a threat, and these symptoms will gradually decrease.","What you're experiencing is very common—public speaking triggers the body's fight-or-flight response, which can cause lightheadedness, racing heart, and shallow breathing. The key is to work with your body rather than against it. Before speaking, try grounding techniques: press your feet firmly into",0.03717230796813897,0.015272341634259116
"It's completely understandable that you're struggling with focus and procrastination, especially since the pandemic disrupted so many of our routines. Many people have experienced similar difficulties, whether or not they have ADHD. If you haven't already, consider speaking with a mental health professional or your doctor for a proper evaluation; they can provide clarity and tailored support.

In the meantime, try breaking your work into very small, manageable steps to reduce overwhelm. You might also find techniques like the Pomodoro method—working for 25 minutes followed by a short break—helpful for maintaining focus. Be gentle with yourself as you navigate this, and remember that seeking help is a positive first step.","It's completely understandable that you're struggling with focus and procrastination, especially since the pandemic disrupted so many of our routines. Many people have experienced similar difficulties, whether or not they have ADHD. If you haven't already, consider speaking with a mental health prof",0.039999241828918564,0.012721325058351107
"It's completely understandable that you feel hesitant after a past experience that didn't help. One unsuccessful attempt doesn't mean therapy can't work for you — different therapists, approaches, and timing can make a significant difference. PTSD treatment has also evolved, and there are various modalities like EMDR, somatic therapy, or trauma-focused CBT that you may not have tried.

That said, you don't have to jump straight into traditional therapy if it doesn't feel right. You might start with a support group, online resources, or even a different type of professional like a psychiatrist or social worker. The most important step is acknowledging you need support, which you've already done. When you're ready, consider being upfront with a new provider about your past experience so they can tailor their approach. You deserve to find the help that works for you, and sometimes that takes more than one try.","It's completely understandable that you feel hesitant after a past experience that didn't help. One unsuccessful attempt doesn't mean therapy can't work for you — different therapists, approaches, and timing can make a significant difference. PTSD treatment has also evolved, and there are various mo",0.057656021118163814,0.011506066860275641
"Thank you for reaching out and for your concern for this student. However, I am unable to confirm or deny whether someone is or is not my client, as I am bound by strict confidentiality and ethical guidelines that prevent me from discussing any individual's treatment or sharing information about their care.

What I can say is that if you have concerns about a student's wellbeing, the most appropriate step would be to share your observations directly with the parents or guardians, as well as with your school's counselor or support team. They are in the best position to follow up with the family and connect them with appropriate resources. You can describe what you are seeing in the classroom—such as signs of anxiety or difficulty coping—without making specific treatment recommendations, as those decisions are best made between families and qualified healthcare providers.

Thank you again for your care and attention to your students' mental health. It is clear you are a compassionate educator.","Thank you for reaching out and for your concern for this student. However, I am unable to confirm or deny whether someone is or is not my client, as I am bound by strict confidentiality and ethical guidelines that prevent me from discussing any individual's treatment or sharing information about the",0.0904572772979737,0.01404951613092799
"Thank you for sharing this concern — it's clear you care deeply about your child's wellbeing, and your own experience with medication is valid. Please know there are many treatment options beyond Zoloft, including other medications and evidence-based therapies like CBT. A child psychiatrist can work with your family to find the right approach, and they can explore non-medication options if appropriate.

Given your child is experiencing suicidal thoughts, I strongly encourage you to seek professional help promptly and contact a crisis line (such as 988 in the US) if there's immediate concern. A qualified mental health provider can assess your child's needs and collaborate with you on a treatment plan that respects your concerns. You don't have to navigate this alone.","Thank you for sharing this concern — it's clear you care deeply about your child's wellbeing, and your own experience with medication is valid. Please know there are many treatment options beyond Zoloft, including other medications and evidence-based therapies like CBT. A child psychiatrist can work",0.038099842071533274,0.011340293377353828
"I'm glad to hear TMS has helped your mood—that's meaningful progress. What you're describing is common; mood often lifts before motivation and energy follow, as those symptoms can involve different pathways and may need additional support.

Consider discussing with your provider whether adding or adjusting medication could target these residual symptoms specifically. Behavioral activation—starting with very small, low-pressure tasks—can also help rebuild momentum gradually, even when motivation feels absent. Occupational therapy or working with a vocational counselor might help you develop practical strategies for productivity. Additionally, addressing sleep, nutrition, and any underlying attention issues (like ADHD) could be relevant, as these often overlap with the symptoms you're describing.

Be patient with yourself. Recovery isn't linear, and building energy back takes time after depression has depleted your reserves.","I'm glad to hear TMS has helped your mood—that's meaningful progress. What you're describing is common; mood often lifts before motivation and energy follow, as those symptoms can involve different pathways and may need additional support.

Consider discussing with your provider whether adding or ad",0.021574754714966282,0.01277156465320591
"Hearing voices that tell you to do things you don't want to do sounds frightening and exhausting. Please know that you deserve support with this right away. I'd strongly encourage you to reach out to a healthcare professional or mental health service as soon as possible, as they can properly assess what's happening and offer appropriate treatment options.

If you're in immediate distress or feel unsafe, please contact a crisis line or emergency services right away. You can call 988 (Suicide & Crisis Lifeline in the US), text HOME to 741741 (Crisis Text Line), or go to your nearest emergency department. You don't have to manage this alone, and help is available.","Hearing voices that tell you to do things you don't want to do sounds frightening and exhausting. Please know that you deserve support with this right away. I'd strongly encourage you to reach out to a healthcare professional or mental health service as soon as possible, as they can properly assess ",0.05011922597885121,0.016155477426321823
"It sounds like you're feeling understandably frustrated after putting in consistent effort at the gym while still seeing the scale move in the wrong direction. That kind of disconnect between effort and results can be deeply discouraging, especially when you've already tried multiple approaches.

Whether medication might help is really a question best explored with your physician or a weight-management specialist who can review your full health history. What I can say is that weight regulation is complex and influenced by many factors beyond willpower or effort, so struggling doesn't mean you're doing something wrong. Therapy can still play a valuable role alongside any medical approach, helping you navigate the emotional toll and develop sustainable patterns. Consider having an honest conversation with your doctor about your frustration and history so they can help you weigh the potential benefits and risks of medication in your specific situation.","It sounds like you're feeling understandably frustrated after putting in consistent effort at the gym while still seeing the scale move in the wrong direction. That kind of disconnect between effort and results can be deeply discouraging, especially when you've already tried multiple approaches.

Wh",0.03743761062622131,0.013566546193915835
"It's wonderful that you've made such meaningful progress with your self-esteem and self-compassion. That is a huge foundation for addressing the binge drinking, as these episodes often stem from unmanaged stress or lingering emotional patterns. To start cutting down quickly, try identifying your specific triggers—whether it's certain social situations, emotions, or times of the week—and planning alternative coping strategies in advance.

For lasting sobriety, consider integrating structured support like attending SMART Recovery or AA meetings, which provide accountability and community. I also strongly recommend consulting a physician or an addiction specialist, as they can offer medical guidance and ensure your safety during this process. Remember, recovery is a journey, not a race; be patient with yourself as you build new habits.","It's wonderful that you've made such meaningful progress with your self-esteem and self-compassion. That is a huge foundation for addressing the binge drinking, as these episodes often stem from unmanaged stress or lingering emotional patterns. To start cutting down quickly, try identifying your spe",0.03419592380523717,0.012662340683912001
"It's understandable to feel frustrated when you're putting in effort and not seeing results yet. Finding the right treatment for generalized anxiety disorder often takes time and sometimes involves trying different approaches before finding what works best for you. This is a common experience, and it doesn't mean nothing will help.

I'd encourage you to have an honest conversation with your doctor about your ongoing symptoms and your questions about medication options. They can help you understand the full range of treatments available—both medication and therapy-based approaches—and work with you to find the right fit. Different medications work differently for each person, and your doctor is best positioned to guide those decisions safely. In the meantime, if you're also working with a therapist, let them know how you're feeling too—they may be able to adjust your current strategies. You deserve to feel better, and it's okay to advocate for yourself while trusting the process of finding what works.","It's understandable to feel frustrated when you're putting in effort and not seeing results yet. Finding the right treatment for generalized anxiety disorder often takes time and sometimes involves trying different approaches before finding what works best for you. This is a common experience, and i",0.043834071159362775,0.01253622528339794
"I'm really sorry you're feeling this way, and I understand how exhausting it must be. As a therapist, I'm not able to recommend specific medications—that's something a psychiatrist or your primary care doctor would need to evaluate, as they can assess your full medical history and symptoms to find the right fit. I'd strongly encourage you to reach out to one of them soon, especially since you've been struggling for weeks.

I also hear that therapy hasn't helped before, and that's completely valid—not every approach or therapist is the right match. That said, medication alone can sometimes be more effective when combined with the right support, and there are many different therapy styles out there. If you're open to it in the future, it might be worth exploring a different approach. For now, please consider talking to a doctor about medication options, and if you're ever in crisis, reach out to a crisis line or emergency services. You don't have to navigate this alone.","I'm really sorry you're feeling this way, and I understand how exhausting it must be. As a therapist, I'm not able to recommend specific medications—that's something a psychiatrist or your primary care doctor would need to evaluate, as they can assess your full medical history and symptoms to find t",0.09238210916519174,0.010614543533269424
"It's completely understandable that you're seeking ways to help your son manage his energy, and there's nothing wrong with wanting him to get good sleep. However, making him participate in sports he doesn't enjoy may inadvertently create a negative relationship with physical activity and could increase his stress rather than reduce it. Kids who are forced into activities often resist them more over time.

Consider exploring activities that align more with his natural rhythm and interests—perhaps individual pursuits like swimming, martial arts, rock climbing, or even unstructured play like running around at a park or trampoline time. Some children also benefit from sensory-based movement like obstacle courses or heavy work activities. If his energy levels and sleep difficulties are significantly impacting daily life, it may also be worth discussing these patterns with his pediatrician, as they can help rule out or identify underlying factors and offer tailored strategies. Finding what works *with* his nature rather than against it will likely serve everyone better in the long run.","It's completely understandable that you're seeking ways to help your son manage his energy, and there's nothing wrong with wanting him to get good sleep. However, making him participate in sports he doesn't enjoy may inadvertently create a negative relationship with physical activity and could incre",0.0629808712005615,0.018131390219159292
"It sounds like you're carrying a lot of uncertainty and worry, and it's understandable that walking into your home each day feeling on edge is exhausting for both of you. The fact that her mood shifts have become more frequent and severe, along with impulsive behaviors like the hair dyeing incident, is worth taking seriously rather than dismissing as just ""how Carol is.""

The most important step would be encouraging Carol to speak with her doctor or a mental health professional. These changes could reflect many things—hormonal shifts, a mood disorder, stress, or other underlying factors—and a professional can help identify what's actually going on. Approach her with concern rather than criticism, using ""I"" statements like ""I've noticed you seem to be struggling more lately and I want to support you in getting help."" You can't control her moods for her, but you can be a steady, nonjudgmental presence as she explores what's happening. If she's resistant, couples counseling could be a gentler entry point.","It sounds like you're carrying a lot of uncertainty and worry, and it's understandable that walking into your home each day feeling on edge is exhausting for both of you. The fact that her mood shifts have become more frequent and severe, along with impulsive behaviors like the hair dyeing incident,",0.07982649087905891,0.012817988800724281
"I'm so sorry you're dealing with this—it's more common than you might think, and you deserve compassion, not shame. First, I'd strongly encourage you to speak with a urologist or your primary care doctor, as incontinence often has treatable underlying causes, from pelvic floor dysfunction to medication side effects. Physical therapy for pelvic floor strengthening can be remarkably effective for many people. Regarding the anxiety, cognitive behavioral therapy could help you challenge the fearful thoughts about others noticing, which are likely more intense in your mind than in reality. For practical comfort, there are specialized products beyond standard diapers—like moisture-wicking underwear designed for activewear—that might feel less conspicuous. Regarding intimacy, remember that the right partner will be understanding; honesty, when you're ready, often reduces anxiety more than hiding. You don't have to solve this alone, and reaching out to professionals—medical and therapeutic—is a powerful first step toward reclaiming your life.","I'm so sorry you're dealing with this—it's more common than you might think, and you deserve compassion, not shame. First, I'd strongly encourage you to speak with a urologist or your primary care doctor, as incontinence often has treatable underlying causes, from pelvic floor dysfunction to medicat",0.053821909427642645,0.010894171814111885
"I understand your concern about losing a medication that's helping you, but please don't keep this from your doctor. Tremors severe enough to prevent you from working are a significant side effect that your doctor needs to know about. They can't help you if they don't have the full picture.

The good news is that your doctor has many options. They might adjust your dosage, add something to counteract the tremors, or transition you to a different medication that still helps your depression without this side effect. There are numerous antidepressants available, and finding the right fit sometimes takes a few tries. Please reach out to your doctor soon—there's no need to choose between your mental health and your ability to function at work.","I understand your concern about losing a medication that's helping you, but please don't keep this from your doctor. Tremors severe enough to prevent you from working are a significant side effect that your doctor needs to know about. They can't help you if they don't have the full picture.

The goo",0.044310421943664746,0.013740108840023855
"It sounds like you're caught in a cycle of rumination, which is exhausting but very common. When you notice your mind looping, try gently interrupting the pattern by grounding yourself in the present moment — name five things you can see, four you can hear, three you can feel. This isn't about forcing the thoughts away, but giving your brain a different anchor.

You might also try setting a ""worry timer"" — give yourself 10 minutes to write down everything on your mind, then close the notebook and shift to an activity that requires focus. If the thoughts return, remind yourself you've already given them dedicated time. Sometimes these loops persist because something underneath needs attention, so consider whether there's an unresolved feeling or decision hiding beneath the repetition. If this is interfering with your daily life or sleep, talking with a therapist can help you understand what's driving it and develop tools tailored to you. You don't have to untangle this alone.","It sounds like you're caught in a cycle of rumination, which is exhausting but very common. When you notice your mind looping, try gently interrupting the pattern by grounding yourself in the present moment — name five things you can see, four you can hear, three you can feel. This isn't about forci",0.06228174924850505,0.01297082479817935
"It sounds like you're feeling overwhelmed right now, and I want you to know that's okay. When anxiety spikes and thoughts feel unstoppable, try the 5-4-3-2-1 grounding technique: notice five things you see, four you can touch, three you hear, two you smell, and one you taste. This pulls your mind back to the present moment. You can also try slow breathing — inhale for four counts, hold for four, exhale for four — which signals your nervous system that you're safe.

Remember that trying to force thoughts to stop can sometimes make them louder. Instead of fighting them, imagine them as clouds passing across the sky — you notice them, but you don't have to hold onto them. Anxiety is uncomfortable, but it's not dangerous, and it will pass. If these feelings are persistent or interfering with your daily life, I'd gently encourage you to connect with a mental health professional who can offer ongoing support tailored to you. You don't have to manage this alone.","It sounds like you're feeling overwhelmed right now, and I want you to know that's okay. When anxiety spikes and thoughts feel unstoppable, try the 5-4-3-2-1 grounding technique: notice five things you see, four you can touch, three you hear, two you smell, and one you taste. This pulls your mind ba",0.023494131565093834,0.012531843670611328
"Healing from trauma is absolutely possible, though I want to be honest that ""getting over it"" often looks more like learning to carry it differently rather than erasing it entirely. What you experienced shaped you, but it doesn't have to define your future. Many people find that working with a trauma-informed therapist—using approaches like EMDR, somatic therapy, or cognitive processing—helps them gradually process painful memories so they lose some of their emotional charge over time.

It's also important to be patient with yourself. Healing isn't linear, and setbacks don't mean you're failing. Small steps matter: building safe relationships, learning grounding techniques for difficult moments, and practicing self-compassion when the weight feels heavy. You've already shown remarkable resilience just by surviving what you went through and by reaching out now—that desire to not let the past drag you down is real strength. If professional help feels out of reach right now, even community support groups or trauma-focused workbooks can be meaningful starting points. You deserve support as you work through this.","Healing from trauma is absolutely possible, though I want to be honest that ""getting over it"" often looks more like learning to carry it differently rather than erasing it entirely. What you experienced shaped you, but it doesn't have to define your future. Many people find that working with a traum",0.03360204219818108,0.013838676703010054
"Finding meaning often starts with small, intentional shifts in attention. Try identifying what already matters to you—relationships, creativity, learning, helping others—and look for ways to weave more of those into your routine, even briefly. Meaning rarely comes from grand gestures; it usually emerges from consistent, small moments of connection and purpose. Consider setting aside a few minutes daily to reflect on what felt meaningful or what you're grateful for.

It can also help to focus on contribution rather than achievement. Ask yourself: Who did I help today? What did I learn? When we orient toward growth and connection rather than productivity, daily life tends to feel more significant. If you're feeling persistently empty or disconnected, that may also be worth exploring more deeply, sometimes with professional support, as it can signal underlying concerns that benefit from attention.","Finding meaning often starts with small, intentional shifts in attention. Try identifying what already matters to you—relationships, creativity, learning, helping others—and look for ways to weave more of those into your routine, even briefly. Meaning rarely comes from grand gestures; it usually eme",0.01367964267730759,0.017782713778395295
"It's great that you're recognizing this pattern and wanting to change it—that self-awareness is an important first step. Negative thinking often becomes habitual, meaning your brain has essentially practiced being negative until it became the default. To start shifting this, try a daily practice of noticing three small positive things, even if they feel tiny or insignificant. This trains your brain to scan for positives rather than automatically filtering them out. You might also try catching negative thoughts and gently asking yourself, ""Is this thought absolutely true? Is there another way to see this?""

Be patient with yourself through this process. Change won't happen overnight, and being critical of yourself for being negative will only reinforce the pattern. If you find that negativity feels deeply entrenched or is affecting your daily functioning, consider working with a therapist who can help you explore underlying causes and provide more personalized strategies. You deserve to experience more ease and balance in your thinking.","It's great that you're recognizing this pattern and wanting to change it—that self-awareness is an important first step. Negative thinking often becomes habitual, meaning your brain has essentially practiced being negative until it became the default. To start shifting this, try a daily practice of ",0.04570133924484221,0.01240852882252785
"Yes, it is absolutely possible to heal and move forward from an abusive relationship, though healing looks different than simply forgetting. Trauma memories don't disappear, but with time and support, they can lose their intensity and their grip on your daily life. Many survivors reach a place where the past no longer defines their present or dictates their future.

The path often involves processing what happened in a safe, supportive environment—whether through therapy, trusted relationships, or support groups—rather than trying to push the memories away. Healing isn't about erasing what happened; it's about integrating the experience so it becomes something you survived rather than something that controls you. You've already taken an important step by asking this question, which shows a part of you believes a different future is possible. That belief, even if it's small right now, matters. You deserve support on this journey, and reaching out to a trauma-informed therapist could help you find your way forward at your own pace.","Yes, it is absolutely possible to heal and move forward from an abusive relationship, though healing looks different than simply forgetting. Trauma memories don't disappear, but with time and support, they can lose their intensity and their grip on your daily life. Many survivors reach a place where",0.052690653800963716,0.01313044298050907
"I hear how exhausted and overwhelmed you are. Living with flashbacks and constant hypervigilance is incredibly draining — your nervous system is stuck in survival mode, and that takes a real toll on every part of your life. Please know that reaching out, even here, takes courage, and your desire to reclaim your life matters.

PTSD is treatable, and you don't have to manage this alone. I strongly encourage you to connect with a trauma-informed therapist — therapies like EMDR, Cognitive Processing Therapy, or Prolonged Exposure have strong evidence for reducing flashbacks and hypervigilance. A psychiatrist can also discuss whether medication might help take the edge off symptoms while you do that work. In moments of flashbacks, try grounding yourself: name five things you see, four you can touch, three you hear, two you smell, one you taste. This helps bring your brain back to the present. You deserve relief, and with the right support, recovery is absolutely possible.","I hear how exhausted and overwhelmed you are. Living with flashbacks and constant hypervigilance is incredibly draining — your nervous system is stuck in survival mode, and that takes a real toll on every part of your life. Please know that reaching out, even here, takes courage, and your desire to ",0.05575316190719626,0.014050302528257078
"I'm so sorry for your loss. Please know that grief doesn't have a timeline, and missing someone you loved deeply is never ""abnormal."" However, crying every day after seven years suggests your grief may have become complicated, and you deserve support to help process it. A grief counselor or therapist—especially one trained in modalities like EMDR or grief-focused therapy—can help you work through the pain in ways that honor your friend while also allowing you to live more fully.

Consider also finding ways to channel your love for him—perhaps through a memorial project, writing letters, or supporting a cause he cared about. Connection can be healing: a grief support group might help you feel less alone. You don't have to stop missing him or forget him; the goal isn't to move on but to find a way to carry your love for him that doesn't cause you daily suffering. You've carried this pain long enough on your own—please reach out for professional support.","I'm so sorry for your loss. Please know that grief doesn't have a timeline, and missing someone you loved deeply is never ""abnormal."" However, crying every day after seven years suggests your grief may have become complicated, and you deserve support to help process it. A grief counselor or therapis",0.022400999069214222,0.014453743016228524
"I hear how exhausting and discouraging it is to keep trying and not finding relief. Years of struggling with self-harm while feeling like nothing works takes an incredible toll, and it makes sense that you'd feel hopeless about it. Please know that not finding the right fit yet doesn't mean nothing will ever work—healing from self-harm is deeply personal and what helps one person may not help another.

Since this is a single message, I want to gently encourage you to reach out to a crisis line like 988 (text or call) or the Crisis Text Line (text HOME to 741741) whenever things feel overwhelming. They can offer in-the-moment support. Sometimes it also helps to approach coping in smaller, more specific ways—like focusing on what specific feeling or urge precedes self-harm (numbness, anger, needing release) and trying strategies tailored to that feeling rather than general coping skills. You deserve support that actually meets you where you are.","I hear how exhausting and discouraging it is to keep trying and not finding relief. Years of struggling with self-harm while feeling like nothing works takes an incredible toll, and it makes sense that you'd feel hopeless about it. Please know that not finding the right fit yet doesn't mean nothing ",0.053556020259857284,0.014491981071142558
"I hear you, and your experience is incredibly common. CBT was designed for neurotypical brains and often misses the mark for autistic people because meltdowns and shutdowns aren't distorted thinking — they're neurological responses to overwhelm. That's not something to ""reframe""; it's something to understand and work with.

I'd encourage you to seek out autism-affirming therapists or providers who specialize in sensory regulation and autistic experiences. Occupational therapy can also be surprisingly helpful for identifying triggers and building personalized regulation strategies. In the meantime, tracking what precedes your meltdowns and shutdowns — sensory input, social demands, transitions, cumulative stress — can help you spot patterns and advocate for accommodations. You deserve support that actually fits how your brain works, not therapy that asks you to think your way out of a nervous system response.","I hear you, and your experience is incredibly common. CBT was designed for neurotypical brains and often misses the mark for autistic people because meltdowns and shutdowns aren't distorted thinking — they're neurological responses to overwhelm. That's not something to ""reframe""; it's something to u",0.05560637474060037,0.012265504908193661
"It sounds painful to be labeled that way, and I hear your desire to set the record straight. Rather than trying to convince people through argument, the most powerful response is often changed behavior over time. Consider reflecting honestly on what patterns might be pushing people away—not to confirm the label, but to understand the dynamic. Sometimes traits like difficulty validating others' feelings, centering conversations on yourself, or struggling with criticism can read as narcissistic even when they stem from other causes like anxiety, ADHD, or simply learned communication habits.

A therapist could help you explore these patterns in a safe, non-judgmental space. They can offer honest feedback about how you come across and help you develop stronger relational skills. Ultimately, people's opinions may shift when they experience consistent changes in how you engage with them. Focus on growth rather than defense—your actions will speak louder than any explanation you offer.","It sounds painful to be labeled that way, and I hear your desire to set the record straight. Rather than trying to convince people through argument, the most powerful response is often changed behavior over time. Consider reflecting honestly on what patterns might be pushing people away—not to confi",0.06778321743011517,0.012853621146264135
"It's important to recognize that dissociation served a purpose—it protected you when you needed it. Honoring that while acknowledging it's no longer helping you is a meaningful first step. Your nervous system learned to disconnect as a survival response, and it will take time and practice to feel safe being present again.

Grounding techniques can help bridge that gap: try noticing five things you see, four you hear, three you feel, two you smell, and one you taste. Holding ice, pressing your feet into the floor, or naming objects around you can also bring you back. Practice these when you're calm so they're more accessible when you need them. Working with a trauma-informed therapist can help you process what's underneath and develop new ways to cope. Be patient with yourself—learning to stay is a courageous process.","It's important to recognize that dissociation served a purpose—it protected you when you needed it. Honoring that while acknowledging it's no longer helping you is a meaningful first step. Your nervous system learned to disconnect as a survival response, and it will take time and practice to feel sa",0.06608601570129391,0.014856368637745228
"It's completely normal for intrusive memories of a traumatic event like that to surface unexpectedly, even when most days are going well. These flashbacks are your brain's way of trying to process an experience that felt threatening and overwhelming. Rather than trying to force the memories away—which often makes them push back harder—try acknowledging the thought when it comes, reminding yourself you're safe now, and grounding yourself in the present moment through your senses.

For putting this truly behind you, I'd really encourage you to consider working with a trauma therapist. Approaches like EMDR or trauma-focused CBT are specifically designed to help the brain properly process traumatic memories so they stop hijacking you unexpectedly. You don't have to keep navigating this alone, and you deserve to feel fully free from that experience.","It's completely normal for intrusive memories of a traumatic event like that to surface unexpectedly, even when most days are going well. These flashbacks are your brain's way of trying to process an experience that felt threatening and overwhelming. Rather than trying to force the memories away—whi",0.06697470664977967,0.015785285108094613
"It takes real courage to recognize this pattern and want to change it. Since you sometimes scratch unconsciously, creating physical barriers can help — try wearing long sleeves or lightweight gloves, especially during times you're prone to scratching. Pay attention to when it happens most: during stress, anxiety, or boredom? Identifying triggers can help you catch yourself earlier. Some people find it helpful to keep their hands busy with fidget items or to place something textured nearby that satisfies the urge without breaking skin.

I'd also encourage you to speak with a therapist who can help you understand what's driving this behavior and develop personalized coping strategies. Self-harm often signals underlying emotional pain that deserves attention and care. You deserve support as you work through this, and you don't have to figure it out alone.","It takes real courage to recognize this pattern and want to change it. Since you sometimes scratch unconsciously, creating physical barriers can help — try wearing long sleeves or lightweight gloves, especially during times you're prone to scratching. Pay attention to when it happens most: during st",0.04581027030944895,0.012272073417118548
"What you're experiencing is rumination — your mind's attempt to ""solve"" unresolved pain by replaying it. The first step is recognizing that letting go doesn't require resolution or agreement; it means choosing to no longer let those moments occupy your mental space. When you catch yourself replaying a fight, try gently naming it: ""I'm ruminating again."" Then redirect your attention to something in the present — your breath, a physical sensation, a task in front of you. This isn't avoidance; it's consciously deciding where your energy goes.

Consider journaling those conversations once, then physically closing the book — a symbolic act of containment. You might also practice shifting the narrative from ""they were wrong"" to ""this happened, it hurt, and I can still move forward."" Healing doesn't mean forgetting or excusing; it means loosening the grip those memories have on your daily life. If the pattern feels deeply entrenched, working with a therapist can help you process the underlying emotions so they stop demanding replay.","What you're experiencing is rumination — your mind's attempt to ""solve"" unresolved pain by replaying it. The first step is recognizing that letting go doesn't require resolution or agreement; it means choosing to no longer let those moments occupy your mental space. When you catch yourself replaying",0.014685523509978538,0.013572334925314242
"I hear how exhausting it is to carry the weight of your ex's treatment long after the relationship has ended. What you're experiencing is common — when someone repeatedly diminishes us, we can internalize those messages and mistake them for truth. The first step is recognizing that those beliefs belong to *them*, not to you. Try gently challenging critical self-talk by asking, ""Is this my voice or theirs?"" and ""What would I say to a friend in this situation?""

To stop overthinking the past, consider setting a ""worry window"" — a brief, bounded time to process difficult memories — then redirect your attention to something grounding in the present moment. Rebuilding self-esteem also means reconnecting with your values, interests, and the people who see you clearly. Small, consistent actions that honor your worth matter more than grand gestures. Healing isn't linear, and progress often shows up quietly. Consider working with a therapist if these patterns feel deeply rooted — you don't have to untangle this alone.","I hear how exhausting it is to carry the weight of your ex's treatment long after the relationship has ended. What you're experiencing is common — when someone repeatedly diminishes us, we can internalize those messages and mistake them for truth. The first step is recognizing that those beliefs bel",0.06527222156524637,0.01303139503795112
"Setting boundaries with a parent who hasn't respected them before is difficult, and it's important to recognize that your mother may not respond positively at first. The key is being clear, consistent, and firm rather than hoping she'll simply understand. Start by communicating your limits directly, such as asking her to call before visiting and letting her know you won't always be available. Then follow through by not answering the door when she drops by unannounced or letting calls go to voicemail when you're busy.

The hard truth is that you cannot control whether she respects your boundaries, only whether you enforce them. Her reaction is her responsibility, not yours. It may help to remember that setting limits isn't punishment, it's self-care. You might also benefit from speaking with a therapist who can help you navigate the guilt that often accompanies boundary-setting with family. Change will likely feel uncomfortable before it gets better, but protecting your space and well-being is worth it.","Setting boundaries with a parent who hasn't respected them before is difficult, and it's important to recognize that your mother may not respond positively at first. The key is being clear, consistent, and firm rather than hoping she'll simply understand. Start by communicating your limits directly,",0.04299826622009295,0.01402875998779736
"It's very common for familiar coping strategies to feel less effective when stress intensifies, especially during high-stakes situations like exams. When deep breathing isn't enough, try grounding techniques like the 5-4-3-2-1 method — identify five things you see, four you can touch, three you hear, two you smell, and one you taste. This engages your senses and pulls attention away from anxious thoughts. You might also try progressive muscle relaxation before the test, tensing and releasing different muscle groups to release physical tension. During the exam, try cognitive reframing — remind yourself ""I've prepared for this"" or ""This feeling is just my body's response, not a sign of failure."" If possible, arrive early to settle in, and consider speaking with your school's counseling center about formal accommodations like extended time or a quieter testing environment. Since you mentioned experiencing anxiety most days, exploring longer-term support like therapy could also help you build a broader toolkit for managing anxiety across different situations.","It's very common for familiar coping strategies to feel less effective when stress intensifies, especially during high-stakes situations like exams. When deep breathing isn't enough, try grounding techniques like the 5-4-3-2-1 method — identify five things you see, four you can touch, three you hear",0.010331399440764777,0.012116028704979557
"It sounds exhausting to carry that weight every day, and I want you to know that what you're experiencing is more common than you might think. Death anxiety often thrives on avoidance—the more we shrink our lives to feel safe, the bigger the fear becomes. A helpful starting place is practicing gentle exposure: gradually re-engaging in activities you've been avoiding, even with the anxious thoughts present. You don't need to silence the thoughts; you just need to change your relationship with them. Try acknowledging the thought (""There's that fear again"") and then redirecting your attention to what you're doing in the present moment. Over time, this teaches your brain that you can feel the fear *and* still live fully.

I'd also strongly encourage you to work with a therapist, particularly one trained in CBT or ACT, as these approaches are highly effective for intrusive existential anxiety. You deserve to reclaim your life, and with support, you absolutely can.","It sounds exhausting to carry that weight every day, and I want you to know that what you're experiencing is more common than you might think. Death anxiety often thrives on avoidance—the more we shrink our lives to feel safe, the bigger the fear becomes. A helpful starting place is practicing gentl",0.06532869100570604,0.015998583770367076
"It takes courage to recognize your part in the dynamic and seek change. What you're describing — a pursuer/withdrawer pattern — is very common in relationships. Your tendency to internalize feelings likely developed as a self-protective response, especially when yelling feels threatening or overwhelming.

Learning to express feelings starts with creating safety for yourself. Practice naming emotions privately first — journaling can help you identify what you're feeling before conversations happen. When you do share with your spouse, use ""I"" statements like ""I feel overwhelmed when voices get raised"" rather than staying silent or counter-accusing. It's also completely valid to set a boundary around yelling — you can say you want to talk but will step away if volume escalates, returning when things calm down. Couples counseling could provide a safe space to practice these skills together, and ideally, your spouse would also examine his communication style. Healthy relationships require both partners to create space for honest, respectful dialogue. You deserve to be heard without fear.","It takes courage to recognize your part in the dynamic and seek change. What you're describing — a pursuer/withdrawer pattern — is very common in relationships. Your tendency to internalize feelings likely developed as a self-protective response, especially when yelling feels threatening or overwhel",0.06879006385803255,0.013346558426392773
"Growing into a new person starts with small, intentional steps rather than dramatic overhauls. Begin by reflecting on what ""new"" means to you — what values, habits, or qualities do you want to embody? Self-awareness through journaling, therapy, or quiet reflection helps you understand who you are now and who you'd like to become. Start with one small change that aligns with that vision, whether it's a daily walk, reading something new, or practicing a different way of responding to stress.

Be patient with yourself — growth is rarely linear, and setbacks don't erase progress. Surround yourself with people who support your evolution, and give yourself permission to let go of relationships or patterns that keep you stuck. Curiosity is your greatest tool here: explore new interests, sit with discomfort, and notice what feels meaningful. You don't have to become someone entirely different — often, growth is about uncovering parts of yourself that were always there. Trust the process, and take it one day at a time.","Growing into a new person starts with small, intentional steps rather than dramatic overhauls. Begin by reflecting on what ""new"" means to you — what values, habits, or qualities do you want to embody? Self-awareness through journaling, therapy, or quiet reflection helps you understand who you are no",0.0065232086181641336,0.018724651408392443
"It takes courage to ask this question, and wanting to grow is already a meaningful step. Start by getting curious about what specifically those people are suggesting — not to accept their feedback as absolute truth, but to understand it. Ask yourself what resonates with you and what doesn't. Change that comes from external pressure alone rarely lasts, but change rooted in your own values and self-awareness can be transformative.

Consider reflecting on who you want to be and what matters most to you. Small, consistent actions align with those values matter more than sweeping overhauls. If possible, a therapist or counselor can help you explore patterns in your behavior and relationships with non-judgmental support. Remember that becoming ""better"" isn't about fixing something broken — it's about growing into a more intentional version of yourself. Be patient with the process, and try to hold compassion for yourself along the way. Growth is rarely linear, and that's okay.","It takes courage to ask this question, and wanting to grow is already a meaningful step. Start by getting curious about what specifically those people are suggesting — not to accept their feedback as absolute truth, but to understand it. Ask yourself what resonates with you and what doesn't. Change ",0.05038565635681147,0.012923402613561254
