text,text_trunc,humt_text,std_humt_text
"I'm really sorry you've been through that kind of abandonment—it makes complete sense that it would leave you feeling wrecked and wary. What you're describing, that intense emotional response when people you care about aren't available, is a very common reaction to past relationship wounds. It doesn't mean something is fundamentally wrong with you; it means you've been hurt and your mind is trying to protect you from being hurt again.

The fact that you recognize these patterns and want to grow is actually a really meaningful first step. Healing from abandonment often benefits from working with a therapist or counselor who can help you understand these triggers, build self-compassion, and develop healthier ways to cope with those painful feelings when they come up. You don't have to figure this out alone, and you deserve support as you work through it.","I'm really sorry you've been through that kind of abandonment—it makes complete sense that it would leave you feeling wrecked and wary. What you're describing, that intense emotional response when people you care about aren't available, is a very common reaction to past relationship wounds. It doesn",0.08758998155593822,0.013457590503425133
"It's completely normal to feel nervous before starting therapy, and worrying about crying is one of the most common fears people have. The good news is that therapists are specifically trained to handle tears — crying is something they see regularly, and they view it as a natural, healthy part of the process, not something embarrassing. You won't be judged or seen as weak. In fact, tears often signal that something meaningful is being explored.

If you do cry, your therapist will likely offer you a moment, maybe some tissues, and gently help you through it at whatever pace feels right. You're also allowed to set boundaries — you can tell them you're nervous about crying, or ask for a break if you need one. Many people find that once they've had that first session, the anxiety eases considerably. You're taking a brave step by going, and you don't have to have it all together when you walk in.","It's completely normal to feel nervous before starting therapy, and worrying about crying is one of the most common fears people have. The good news is that therapists are specifically trained to handle tears — crying is something they see regularly, and they view it as a natural, healthy part of th",0.08429210901260387,0.012623266107436982
"It's completely normal to feel nervous and shaky going into therapy, even after a few sessions. Therapy asks you to open up about deeply personal things, often with someone you're still getting to know. That vulnerability can trigger your body's stress response, which might explain the shakiness. Building trust and comfort with a therapist takes time, and a couple of sessions is still very early in that process.

If the nervousness feels overwhelming or gets in the way of you engaging in sessions, it's absolutely worth mentioning to your therapist. They're used to hearing this and can help you explore what's coming up and find ways to help you feel more at ease. You might also find that the intensity lessens as you build more rapport and familiarity. There's no timeline you need to follow — your experience is valid wherever you are in the process.","It's completely normal to feel nervous and shaky going into therapy, even after a few sessions. Therapy asks you to open up about deeply personal things, often with someone you're still getting to know. That vulnerability can trigger your body's stress response, which might explain the shakiness. Bu",0.07770448207855196,0.013374617802347097
"It sounds like you're going through a really difficult transition, and it's completely understandable to feel sad and unsettled when a relationship dynamic changes so suddenly. What you're experiencing may well be related to separation anxiety, and those feelings of being unwanted are valid even if they don't reflect his actual feelings toward you.

Consider having an honest, gentle conversation with him when he's home about how you've been feeling, focusing on expressing your needs rather than accusing him of neglect. In the meantime, coping strategies can include staying connected through scheduled check-ins that work for both of you, filling your time with activities and people that bring you fulfillment, journaling your feelings, and perhaps speaking with a counselor who can help you develop tools to manage the anxiety. Remember that his behavior likely reflects the demands of a new job rather than a change in how he feels about you, but you still deserve to feel valued and connected in your relationship.","It sounds like you're going through a really difficult transition, and it's completely understandable to feel sad and unsettled when a relationship dynamic changes so suddenly. What you're experiencing may well be related to separation anxiety, and those feelings of being unwanted are valid even if ",0.08934359550476056,0.012560809215667502
"I'm so sorry you're dealing with all of this — racing thoughts, poor sleep, and anxiety after a head injury is an exhausting combination, and it's especially frustrating when medication options haven't worked for you. Since you've had strong physical reactions to medications, it's important to talk with your doctor about those specific side effects so they can explore alternatives or non-medication approaches that may be gentler on your system.

In the meantime, some people find relief with grounding techniques like slow box breathing — inhale for four counts, hold four, exhale four, hold four — which can help calm your nervous system without any side effects. Progressive muscle relaxation, where you tense and release muscle groups one at a time, may also help with both anxiety and sleep. Reducing screen time before bed, keeping your room cool and dark, and trying a guided sleep meditation can make a difference too. You might also ask your doctor about whether a referral to a neuropsychologist or a therapist experienced with brain injury could be helpful — there are therapy approaches that don't involve medication at all. You're not alone in this, and it's okay to keep searching for what works for you.","I'm so sorry you're dealing with all of this — racing thoughts, poor sleep, and anxiety after a head injury is an exhausting combination, and it's especially frustrating when medication options haven't worked for you. Since you've had strong physical reactions to medications, it's important to talk ",0.047312314510345566,0.011784965919109984
"It sounds really painful to carry that belief about yourself, especially when it conflicts with what someone close to you is saying. Sometimes our inner critic can be much harsher than reality, and it can be hard to accept reassurance even when it's genuine.

Your girlfriend's perspective matters — she knows you and is telling you that you're not a burden. It's okay to not fully believe that right away, but try to stay open to the possibility that she might be seeing something you can't. If these feelings are persistent and affecting your relationships or wellbeing, talking to a mental health professional could help you understand where this self-critical voice comes from and how to quiet it. You deserve to feel okay being yourself.","It sounds really painful to carry that belief about yourself, especially when it conflicts with what someone close to you is saying. Sometimes our inner critic can be much harsher than reality, and it can be hard to accept reassurance even when it's genuine.

Your girlfriend's perspective matters — ",0.05617184877395598,0.014026854466173263
"It sounds like you're deeply attuned to your daughter's wellbeing, and your concern makes sense. Intense emotional reactions to stress, especially in a high-achieving student, can be a sign that she's carrying more than she can manage on her own. That doesn't necessarily mean something is ""wrong"" with her, but it does mean she may need more support than she's currently getting.

Reaching out to her pediatrician or a licensed mental health professional is a reasonable and caring step. They can help assess what's going on and offer tools to manage stress before it escalates. In the meantime, you can also gently let her know that her worth isn't tied to her grades and that you're there for her no matter what. Sometimes just feeling truly heard and supported at home can ease some of that pressure.","It sounds like you're deeply attuned to your daughter's wellbeing, and your concern makes sense. Intense emotional reactions to stress, especially in a high-achieving student, can be a sign that she's carrying more than she can manage on her own. That doesn't necessarily mean something is ""wrong"" wi",0.06203673362731932,0.010558113979222745
"It sounds like you're carrying a lot of pain from this situation, and it's understandable to feel torn. Children generally benefit from having consistent, loving relationships with both parents when it's safe to do so. Rather than seeing your child very little, maintaining regular, predictable contact can provide stability and reassurance—children are often more resilient than we give them credit for, and what matters most is that they feel loved and secure with you. The confusion tends to come more from inconsistency or conflict between parents than from simply having two involved parents.

That said, every situation is unique, and a family therapist or counselor could help you think through what arrangement would best support your child's emotional needs while also helping you process your own feelings about the past. If there are custody or visitation concerns, a family law professional can help clarify your rights and options. You don't have to figure this out alone, and reaching out for support is a sign of strength, not weakness.","It sounds like you're carrying a lot of pain from this situation, and it's understandable to feel torn. Children generally benefit from having consistent, loving relationships with both parents when it's safe to do so. Rather than seeing your child very little, maintaining regular, predictable conta",0.05744906425476071,0.011989696658407926
"I'm sorry you're feeling this way. It sounds really painful to feel sad all the time and to feel like the people closest to you are holding you back instead of supporting you. Your feelings are valid, and it's okay to want space and independence.

Feeling controlled by family can be especially confusing because these are people who are supposed to care about you. Sometimes talking to a counselor or therapist can help you sort through these feelings and figure out healthy ways to set boundaries or communicate what you need. If you're in the U.S., you can text HOME to 741741 to connect with a crisis counselor, or call 988 if things ever feel overwhelming. You don't have to figure this out alone.

You deserve to grow and to feel like your own person. Please consider reaching out to someone you trust or a mental health professional who can support you through this.","I'm sorry you're feeling this way. It sounds really painful to feel sad all the time and to feel like the people closest to you are holding you back instead of supporting you. Your feelings are valid, and it's okay to want space and independence.

Feeling controlled by family can be especially confu",0.05376645565032945,0.014245962692337619
"That practice would generally be considered unethical. Counselors are expected to remain neutral, especially in custody-related situations, and to prioritize the child's well-being rather than serving as a tool to build one parent's case. A counselor should not allow a parent to direct the child to report detailed information about the other parent's visitation for litigation purposes, as this can place the child in a stressful loyalty conflict and cause emotional harm.

If you have concerns about a counselor's conduct, you can consider filing a complaint with their licensing board or speaking with a family law attorney about your options. You might also request a court-appointed evaluator or an independent child therapist if a neutral professional is needed. It's important that any professional involved focuses on the child's best interests rather than advocacy for one parent. If you're navigating a difficult custody situation, reaching out to a trusted family law attorney or a local family services organization can help you understand your rights and next steps.","That practice would generally be considered unethical. Counselors are expected to remain neutral, especially in custody-related situations, and to prioritize the child's well-being rather than serving as a tool to build one parent's case. A counselor should not allow a parent to direct the child to ",0.026590037345886053,0.012047570301129913
"It sounds like you care deeply about your daughter and want her to get the help she needs, but the financial barrier is real and stressful. That's a difficult position for both of you.

There may be lower-cost options worth exploring. Many community mental health centers offer sliding-scale fees based on income, and some therapists offer reduced rates. If she's in the U.S., she can call 211 to learn about local resources, or check NAMI (nami.org) for free support groups and guidance. If she had a positive experience last year, the facility she went to may also have payment plans or scholarships she could ask about. Online therapy platforms can sometimes be more affordable too.

It's also okay to acknowledge that you can't fix this financially — that doesn't mean you're failing her. Encouraging her to take small steps, like connecting with a support group or a primary care doctor who can point her toward resources, can still make a meaningful difference.","It sounds like you care deeply about your daughter and want her to get the help she needs, but the financial barrier is real and stressful. That's a difficult position for both of you.

There may be lower-cost options worth exploring. Many community mental health centers offer sliding-scale fees bas",0.06880909919738798,0.014582889623597472
"It sounds incredibly painful to be called ""crazy"" and to watch your daughters favor their father after everything you went through and sacrificed. Your hurt is completely understandable—anyone would feel deeply wounded in your shoes.

It's worth remembering that adult children often have limited or incomplete understanding of their parents' experiences, and they may be processing family dynamics in their own way, on their own timeline. That doesn't make their behavior acceptable, especially the name-calling, which you have every right to address by setting a clear boundary: you can let them know you won't engage in conversations where you're spoken to disrespectfully.

You might also consider speaking with a therapist who can help you navigate the grief, anger, and complex emotions this situation brings. A professional can offer personalized guidance on communication strategies and boundaries with your adult children. In the meantime, leaning on your spouse and other trusted supports can help you feel less alone as you work through this.","It sounds incredibly painful to be called ""crazy"" and to watch your daughters favor their father after everything you went through and sacrificed. Your hurt is completely understandable—anyone would feel deeply wounded in your shoes.

It's worth remembering that adult children often have limited or ",0.07096846580505378,0.014179133076630143
"It sounds incredibly exhausting to give so much of yourself and still feel like it's never enough. What you're describing — the kindness, the effort, the willingness to learn — those are genuinely admirable qualities, and I hope you can recognize that the problem may not be with you, but with impossible expectations that no one could meet.

Sometimes the voices telling us we're ""not enough"" come from others, and sometimes they become an internal voice we've absorbed. It might help to ask: whose standard are you being measured against, and is that standard actually fair? You might also consider speaking with a counselor or therapist who can help you explore these feelings of hopelessness in a supportive space. If these feelings become overwhelming or you start having thoughts of harming yourself, please reach out to a crisis line or someone you trust right away.

You deserve care too — including from yourself.","It sounds incredibly exhausting to give so much of yourself and still feel like it's never enough. What you're describing — the kindness, the effort, the willingness to learn — those are genuinely admirable qualities, and I hope you can recognize that the problem may not be with you, but with imposs",0.05168783664703369,0.009990761918528393
"It makes complete sense that this betrayal is affecting you so deeply, especially given what you witnessed with your father. Childhood experiences shape how we understand trust, love, and self-worth, and it's very common for old wounds to resurface when we experience similar pain as adults. The conflicting feelings you have—gratitude, hate, wanting his validation—are all valid and normal responses to betrayal. You don't need to force forgiveness or any particular emotion; healing isn't about choosing the ""right"" feeling.

The social media checking is likely reinforcing the obsession and keeping the wound open. Consider muting or unfollowing him to give yourself space to focus on your present life. Since this is affecting your sleep, causing nightmares, and interfering with your current relationship, talking to a therapist could help you process both the recent betrayal and the earlier experiences with your father. You deserve to heal and feel whole without needing validation from someone who hurt you. Be gentle with yourself—you're carrying a lot, and it's okay to seek support.","It makes complete sense that this betrayal is affecting you so deeply, especially given what you witnessed with your father. Childhood experiences shape how we understand trust, love, and self-worth, and it's very common for old wounds to resurface when we experience similar pain as adults. The conf",0.03741007566451948,0.012503466219046114
"It takes real courage to recognize how your insecurity and trust issues are affecting someone you love. The fact that you want her happiness—even if it means stepping back—shows genuine care, not weakness. Feeling trapped by her housing situation is a heavy burden, but staying in a relationship out of guilt or logistics isn't sustainable for either of you, and it may actually deepen the resentment and jealousy you're already struggling with.

Consider talking with a therapist individually to work through the trust issues and self-worth concerns you've described. You might also try having an honest, compassionate conversation with her about how you're feeling—not to make a final decision in one talk, but to open the door to understanding what she actually wants. She may have more clarity than you're giving her credit for. Ultimately, both of you deserve a relationship built on trust and mutual choice, not obligation. Whatever you decide, getting professional support can help you navigate this with more confidence and less guilt.","It takes real courage to recognize how your insecurity and trust issues are affecting someone you love. The fact that you want her happiness—even if it means stepping back—shows genuine care, not weakness. Feeling trapped by her housing situation is a heavy burden, but staying in a relationship out ",0.08001837253570532,0.015705884175467866
"I'm so sorry you're going through this. Being bullied about your appearance is incredibly painful, and it makes complete sense that years of those messages have affected how you see yourself. What the bullies say reflects their cruelty, not your worth or reality.

It's really tough when your parents aren't taking your need for support seriously. You deserve to talk to someone who can help. Consider speaking with a school counselor—they can offer support during the school day and may be able to help your parents understand why therapy would be valuable. You can also reach out to free text or phone lines like Crisis Text Line (text HOME to 741741) or The Trevor Project if you need someone to talk to right away.

Your feelings are valid, and wanting help is a sign of strength, not weakness. Please keep advocating for yourself—you deserve support and kindness, including from yourself.","I'm so sorry you're going through this. Being bullied about your appearance is incredibly painful, and it makes complete sense that years of those messages have affected how you see yourself. What the bullies say reflects their cruelty, not your worth or reality.

It's really tough when your parents",0.08123355388641373,0.013657538755433511
"I'm so sorry you're carrying this much pain. What you're describing — feeling like everyone else is smarter, thinner, better — and the urge to throw up to control your body, those feelings are heavy and exhausting. While many teens struggle with comparison and self-doubt, throwing up to try to change your body is harmful and is something worth talking about with a trusted adult or health professional who can support you.

You don't have to figure this out alone. Please consider reaching out to someone you trust — a parent, school counselor, doctor, or a helpline. In the US, you can text HOME to 741741 to connect with a crisis counselor, or call the National Eating Disorders Association helpline at 1-800-931-2237. You deserve real support and care, not to suffer in silence. What you're feeling matters, and help is available.","I'm so sorry you're carrying this much pain. What you're describing — feeling like everyone else is smarter, thinner, better — and the urge to throw up to control your body, those feelings are heavy and exhausting. While many teens struggle with comparison and self-doubt, throwing up to try to chang",0.042730722427368306,0.012680048266799018
"I'm sorry you're going through this—breakups can be genuinely painful, and it makes sense that reminders are everywhere right now. Your brain is processing a loss, and that takes time.

A few things that may help: First, try to limit your exposure to triggers when possible—muting or unfollowing your ex on social media, putting away photos or gifts for now. Second, when reminders do hit, try acknowledging the feeling without fighting it: ""I'm missing them right now, and that's okay."" Resisting the pain often makes it louder. Third, gently fill your schedule with small things that engage you—walking, calling a friend, trying a new routine. Not as a distraction from grief, but alongside it.

Consider journaling to get the looping thoughts out of your head and onto paper. If you find the obsessing is interfering with sleep, work, or daily life for more than a few weeks, talking to a counselor could be really valuable. You don't have to figure this out alone.","I'm sorry you're going through this—breakups can be genuinely painful, and it makes sense that reminders are everywhere right now. Your brain is processing a loss, and that takes time.

A few things that may help: First, try to limit your exposure to triggers when possible—muting or unfollowing your",0.03619487047195413,0.012169512135993637
"It's incredibly hard to move on when someone opened emotional doors you didn't know existed. That grief is real, and it makes sense that you don't want to lose those feelings—they're part of you now, even if the relationship can't continue. You don't have to force yourself to stop loving someone overnight; healing often means learning to carry those feelings differently rather than erasing them.

The isolation of not being able to talk about this with people in your life must add another heavy layer. If possible, consider speaking with a counselor or therapist—confidentiality means you can be honest without judgment, and a professional can help you process both the love and the loss. You might also try journaling as a private outlet for now. Be gentle with yourself—moving on isn't a switch to flip, and you're allowed to grieve something that mattered deeply while still taking steps forward.","It's incredibly hard to move on when someone opened emotional doors you didn't know existed. That grief is real, and it makes sense that you don't want to lose those feelings—they're part of you now, even if the relationship can't continue. You don't have to force yourself to stop loving someone ove",0.041721463203430176,0.009646062335187652
"I'm so sorry you're going through this. Having your wife ask for a divorce with no clear explanation is deeply painful and disorienting, especially when you're also thinking about your daughter and the family you've built together.

It's natural to want to fight for your family, and showing your commitment isn't wrong. However, ""fighting for"" a relationship works best when it means staying open, calm, and willing to listen rather than pressuring her for answers she may not be ready to give. Sometimes people struggle to articulate their feelings, or they need space before they can. You might let her know you love her and your family, that you're willing to work on things together, and that you'll respect whatever pace she needs. Couples counseling could also help create a safe space for honest conversation, even if she's unsure.

In the meantime, please lean on trusted friends, family, or a counselor for your own support. This is a heavy burden to carry alone, and you deserve care too.","I'm so sorry you're going through this. Having your wife ask for a divorce with no clear explanation is deeply painful and disorienting, especially when you're also thinking about your daughter and the family you've built together.

It's natural to want to fight for your family, and showing your com",0.08832264661788924,0.012505999065870903
"It takes real courage to share this, and the fact that you're reflecting on these patterns shows how much you care about yourself and your son. It's completely understandable to feel scared about the future, especially when past wounds are so deeply tied to how you relate to others now.

Healing from childhood abuse and breaking cycles of harmful behavior often requires support that goes beyond what anyone can do alone. A therapist or counselor can help you process those early experiences, understand how they shape your relationships now, and develop healthier ways of coping. You deserve that support, and your son deserves a mom who is healing and whole. Consider reaching out to a domestic violence or trauma-informed counseling service in your area, as they understand these complexities with compassion and without judgment. You're not alone in this, and asking ""what should I do"" is already an important first step.","It takes real courage to share this, and the fact that you're reflecting on these patterns shows how much you care about yourself and your son. It's completely understandable to feel scared about the future, especially when past wounds are so deeply tied to how you relate to others now.

Healing fro",0.052504923343658305,0.012666013207273449
"Reducing the risk of divorce often comes down to consistent, intentional effort in the relationship. Couples who stay connected tend to prioritize open communication, making time to really listen to each other without judgment. They also work on managing conflict constructively—addressing issues directly rather than letting resentment build, and being willing to repair after disagreements rather than staying withdrawn.

It's also important to nurture friendship and appreciation within the partnership. Small gestures of kindness, expressing gratitude, and making space for shared activities can strengthen the emotional bond over time. Being realistic about challenges and willing to seek support—whether through couples counseling or trusted resources—can also make a meaningful difference. Every relationship faces difficulties, and reaching out for help early rather than waiting until things feel overwhelming is a sign of strength, not failure.","Reducing the risk of divorce often comes down to consistent, intentional effort in the relationship. Couples who stay connected tend to prioritize open communication, making time to really listen to each other without judgment. They also work on managing conflict constructively—addressing issues dir",0.07256206512451158,0.013795492211053034
"I'm so sorry you experienced this. Crying is a completely normal human response to stress, and feeling emotional at a new job—especially your first one—doesn't make you weak or unprofessional. What you went through sounds really overwhelming, and it's understandable that you're worried about how things stand now.

That said, no one should be pushed to tears at work, especially a teenager just starting out. If your boss's management style is making you feel this way, it might be worth talking to a trusted adult—a parent, guardian, teacher, or school counselor—who can help you think through your options. You deserve a workplace that treats you with respect, and if this environment isn't healthy for you, it's okay to consider whether it's the right fit. Your wellbeing matters far more than any job.","I'm so sorry you experienced this. Crying is a completely normal human response to stress, and feeling emotional at a new job—especially your first one—doesn't make you weak or unprofessional. What you went through sounds really overwhelming, and it's understandable that you're worried about how thi",0.07231369256973252,0.014123708650710467
"That sounds exhausting and painful to navigate. It's hard to feel constantly under suspicion, especially when you don't intend harm.

One approach is to shift the conversation from defending yourself to understanding her feelings. Try saying something like, ""I can see this really hurts you, and I want to understand what's behind it."" This doesn't mean accepting false accusations, but it may open a more productive dialogue. Her reactions may stem from insecurity, past experiences, or anxiety rather than anything you're actually doing.

That said, you can't force her to see your perspective if she's not ready. Couples counseling could provide a neutral space where both of you feel heard and where patterns like this can be explored safely. A therapist can help facilitate conversations that feel impossible to have on your own.

In the meantime, it's also fair to set gentle boundaries, like expressing that constant accusations are affecting your wellbeing and the relationship. You deserve to feel trusted and respected too.","That sounds exhausting and painful to navigate. It's hard to feel constantly under suspicion, especially when you don't intend harm.

One approach is to shift the conversation from defending yourself to understanding her feelings. Try saying something like, ""I can see this really hurts you, and I wa",0.0653528523445126,0.012295461939474788
"That sounds incredibly draining, and it's completely valid to feel both anxious and demoralized when your effort isn't being recognized or compensated fairly. Your well-being matters more than any job.

In the short term, try to set firmer boundaries around your work hours—log off when the day is done, take your breaks, and resist the pressure to be constantly available. Outside of work, even small rituals like a short walk, deep breathing, or talking with a trusted friend can help release tension. It may also be worth having an honest conversation with your manager about workload and compensation, or exploring whether an internal transfer or job search could lead to a healthier environment. You deserve a role that respects your contributions and your humanity.

If the anxiety starts to feel unmanageable or spills into other areas of your life, consider reaching out to a mental health professional or an employee assistance program if your company offers one. You don't have to carry this alone.","That sounds incredibly draining, and it's completely valid to feel both anxious and demoralized when your effort isn't being recognized or compensated fairly. Your well-being matters more than any job.

In the short term, try to set firmer boundaries around your work hours—log off when the day is do",0.05788496494293227,0.013997812917050809
"It sounds like you're in a really painful spot—holding onto hope while also knowing he hasn't shown genuine interest in more. That mixed signaling, especially the physical closeness, makes it much harder to move on because it keeps feeding those fantasies.

Honestly, maintaining the friendship as it currently exists may not be realistic right now. His casual touching and attention are giving you false hope, even if he doesn't intend it that way. To get him out of your system, you likely need real distance—not just a different office, but boundaries on conversation frequency and physical contact. You can be kind but honest: something like, ""I value our friendship, but I need some space to reset."" A true friend will respect that. Also, be gentle with yourself—three years of connection and attraction don't disappear quickly. Consider redirecting that emotional energy toward people and activities that nourish you outside of this dynamic. If the friendship is meant to survive, it can withstand a period of distance while you heal.","It sounds like you're in a really painful spot—holding onto hope while also knowing he hasn't shown genuine interest in more. That mixed signaling, especially the physical closeness, makes it much harder to move on because it keeps feeding those fantasies.

Honestly, maintaining the friendship as it",0.07719834327697761,0.012830428904512938
"I appreciate you reaching out, but I don't have enough context to understand what specific situation or action you're referring to. Without knowing more details, I can't speak to whether something might conflict with ethical codes or have legal implications.

If you're comfortable sharing more about what's on your mind, I'm happy to help you think through it. Generally speaking, ethical codes vary depending on the field or profession involved, and legal ramifications depend on your jurisdiction and the specific circumstances.

If your concern involves something that happened to you or someone else—such as a boundary violation, mistreatment, or something that felt wrong—I'd encourage you to consider speaking with a trusted professional, an advocate, or a legal advisor who can give you guidance tailored to your situation. You deserve clarity and support in navigating whatever you're facing.","I appreciate you reaching out, but I don't have enough context to understand what specific situation or action you're referring to. Without knowing more details, I can't speak to whether something might conflict with ethical codes or have legal implications.

If you're comfortable sharing more about",0.05588155746459966,0.01440409217310444
"Thank you for sharing something so deeply personal. What you're experiencing — triggers affecting daily life and intimacy — is a common and valid response to trauma, and it makes complete sense that you're seeking ways to cope.

Healing from sexual trauma is rarely linear, and being in a sexual relationship while navigating triggers can add complexity. Some survivors find grounding techniques helpful when triggered — like focusing on sensory details in the present moment, communicating with your partner about boundaries and what feels safe, and establishing signals to pause intimacy. It's also okay to step back from sexual intimacy while you work on healing.

Working with a trauma-informed therapist, particularly one trained in approaches like EMDR or somatic therapies, can make a meaningful difference in processing triggers and reclaiming your sense of safety. Organizations like RAINN (1-800-656-HOPE) can also connect you with resources.

You've already taken an important step by acknowledging what you're going through. Your healing matters, and you deserve support that meets your needs.","Thank you for sharing something so deeply personal. What you're experiencing — triggers affecting daily life and intimacy — is a common and valid response to trauma, and it makes complete sense that you're seeking ways to cope.

Healing from sexual trauma is rarely linear, and being in a sexual rela",0.01814103126525879,0.015262987158847757
"I'm so sorry for the loss of your friend. Grief from suicide is incredibly painful and complex, and it makes sense that you're looking for ways to cope with such overwhelming emotions. Turning to substances might offer temporary relief, but they can ultimately intensify grief and make it harder to process your feelings.

Please consider reaching out for support. A grief counselor or therapist can help you navigate this loss in a healthy way. If you're in the US, you can call or text 988 to reach the Suicide & Crisis Lifeline, which offers support for those grieving a loss to suicide as well. Connecting with others who've experienced similar losses through support groups can also be deeply validating. You deserve care and support during this difficult time.","I'm so sorry for the loss of your friend. Grief from suicide is incredibly painful and complex, and it makes sense that you're looking for ways to cope with such overwhelming emotions. Turning to substances might offer temporary relief, but they can ultimately intensify grief and make it harder to p",0.04540781974792463,0.011739163320400155
"Yes, experiencing a car accident can potentially compound the challenges of existing PTSD. Trauma can have a cumulative effect, meaning new traumatic experiences may interact with or intensify symptoms you're already managing from your military service. The accident might trigger similar responses—like hypervigilance, intrusive memories, or avoidance behaviors—that you associate with your combat-related trauma, even if the events are quite different.

This is a very valid concern, and I'd encourage you to discuss it with your mental health provider or care team. They can help assess how the accident may be affecting your symptoms and whether any adjustments to your treatment could be helpful. Being honest about new stressors, even if they seem unrelated, is an important part of recovery. You've already taken a meaningful step by recognizing this connection and asking the question.","Yes, experiencing a car accident can potentially compound the challenges of existing PTSD. Trauma can have a cumulative effect, meaning new traumatic experiences may interact with or intensify symptoms you're already managing from your military service. The accident might trigger similar responses—l",0.049405975341796804,0.013060691352582143
"I'm glad you're reaching out for support with PTSD, and I want you to know that there are options available even without money or insurance.

Several pathways exist for accessing free or low-cost therapy. You can contact SAMHSA's National Helpline at 1-800-662-4357 for referrals to community-based treatment. Community mental health centers often provide services on a sliding scale or at no cost. NAMI (National Alliance on Mental Illness) offers free support groups and can help connect you with resources. If you're a veteran, the VA provides PTSD treatment. University psychology departments frequently offer low-cost therapy with supervised trainees. Open Path Collective connects people with therapists offering $30-80 sessions. You might also check if you qualify for Medicaid, as eligibility has expanded in many states.

You deserve support, and I encourage you to reach out to one of these resources today to explore what's available in your area.","I'm glad you're reaching out for support with PTSD, and I want you to know that there are options available even without money or insurance.

Several pathways exist for accessing free or low-cost therapy. You can contact SAMHSA's National Helpline at 1-800-662-4357 for referrals to community-based t",0.04359890222549456,0.012855451808509284
"Thank you for sharing something so deeply painful. What you're describing—blurry or missing memories around traumatic events—is actually a very common response to childhood trauma. Our minds can shield us from overwhelming experiences by making those memories difficult to access. This doesn't mean anything is wrong with you; it's a protective response.

That said, carrying the weight of what happened to your brother and the complicated feelings around your parents can be incredibly heavy, especially when the memories feel fragmented or unclear. Working through this with a trauma-informed therapist could help you process what you do remember, understand your reactions, and find ways to cope with the gaps. You deserve support in navigating this, and you don't have to carry it all alone.",Thank you for sharing something so deeply painful. What you're describing—blurry or missing memories around traumatic events—is actually a very common response to childhood trauma. Our minds can shield us from overwhelming experiences by making those memories difficult to access. This doesn't mean a,0.06654350280761712,0.01625290952438034
"What you're describing is verbal and emotional abuse, regardless of what your partner calls it. Name-calling, vulgarity, and escalating verbal attacks directed at you are not okay, and you don't deserve to be treated that way. Anger is a feeling everyone experiences, but how someone expresses it is a choice, and taking it out on you is never justified.

It's concerning that the behavior is getting worse over time, as escalation can be a warning sign. Please consider reaching out to the National Domestic Violence Hotline at 1-800-799-7233 or text ""START"" to 88788. They can offer support, guidance, and help you think through your options in a confidential, nonjudgmental way. You might also benefit from speaking with a counselor or therapist who can help you process what you're going through. Your safety and well-being matter, and support is available.","What you're describing is verbal and emotional abuse, regardless of what your partner calls it. Name-calling, vulgarity, and escalating verbal attacks directed at you are not okay, and you don't deserve to be treated that way. Anger is a feeling everyone experiences, but how someone expresses it is ",0.06893553972244248,0.012593862433545381
"This sounds like a very dangerous situation for both your friend and now for you. What you're describing—choking, physical violence, false imprisonment, disabling her vehicle—are serious crimes, and his behavior toward you is escalating. Please take this seriously. If anyone is in immediate danger, call 911 right away.

Your friend can contact the National Domestic Violence Hotline at 1-800-799-7233 or text ""START"" to 88788 for confidential support and safety planning. They can help her think through options even if she's not ready to leave. You may also want to consider calling them yourself, as you're now being targeted. Document everything—his visits to your home, what he says to your boyfriend, any threats—and consider whether a restraining order might be appropriate for your own safety. Please don't minimize what's happening; choking in particular is a significant risk factor for lethal violence. Both of you deserve safety and support.","This sounds like a very dangerous situation for both your friend and now for you. What you're describing—choking, physical violence, false imprisonment, disabling her vehicle—are serious crimes, and his behavior toward you is escalating. Please take this seriously. If anyone is in immediate danger, ",0.06359770536422715,0.014733444857688557
"What you're describing is a serious breach of professional ethics and confidentiality. A therapist should not share your assessment results with your husband, especially in the context of domestic abuse, where that information could be used against you. This was wrong, and your feelings about it are completely valid.

Your safety is the priority right now. If you feel at risk, please contact a domestic violence hotline — the National Domestic Violence Hotline is available at 1-800-799-7233 or by texting ""START"" to 88788. You may also want to consider filing a complaint with your state's licensing board, as confidentiality violations are taken seriously. Finding a new therapist who understands both trauma and abuse dynamics could also help you process this experience in a safe, confidential space. You deserve care that protects you.","What you're describing is a serious breach of professional ethics and confidentiality. A therapist should not share your assessment results with your husband, especially in the context of domestic abuse, where that information could be used against you. This was wrong, and your feelings about it are",0.09573258638381965,0.011620612748933301
"I'm so sorry you're going through this. What you're describing—physical abuse, emotional manipulation, blame, and disrespect—is not your fault, and no one deserves to be treated this way. His refusal to take responsibility and his efforts to diminish your worth are signs of abuse, not a relationship problem you can fix by talking.

Your safety is the most important thing right now. Please consider reaching out to a domestic violence hotline, such as the National Domestic Violence Hotline at 1-800-799-7233 or text ""START"" to 88788. They can offer confidential support and help you explore your options safely. You might also talk to a trusted friend, family member, or counselor who can support you. You deserve respect, safety, and care, and there are people who want to help you find a way forward.","I'm so sorry you're going through this. What you're describing—physical abuse, emotional manipulation, blame, and disrespect—is not your fault, and no one deserves to be treated this way. His refusal to take responsibility and his efforts to diminish your worth are signs of abuse, not a relationship",0.0641793036460876,0.011518194218631386
"Recognizing that you're struggling with anger and trust issues takes real self-awareness, and that's an important first step toward healing. These patterns often develop as protective responses to past experiences, so being patient with yourself matters.

Working with a therapist could be particularly helpful here—they can help you understand the roots of these feelings and develop concrete strategies for managing anger and rebuilding trust. Approaches like cognitive behavioral therapy (CBT) are well-supported for these concerns. In the meantime, practices like pausing before reacting, journaling to identify triggers, and learning to communicate feelings rather than acting on them can start making a difference. Building trust often involves taking small, safe risks in relationships and noticing when those go well. You don't have to fix everything at once—healing happens gradually, and reaching out for support is a sign of strength, not weakness.","Recognizing that you're struggling with anger and trust issues takes real self-awareness, and that's an important first step toward healing. These patterns often develop as protective responses to past experiences, so being patient with yourself matters.

Working with a therapist could be particular",0.0360300588607787,0.012264176596707064
"That sounds frightening, and your fear is completely valid. Locking yourself in the room was a smart protective step. Self-directed violence during an argument can be a warning sign, even if it's the first time, and it's important to take it seriously.

If you feel unsafe or things escalate, please call emergency services right away. You can also reach out to the National Domestic Violence Hotline at 1-800-799-7233 or text ""START"" to 88788 for confidential support and guidance. They can help you think through next steps and create a safety plan, even if you're unsure how to label what's happening. Your safety matters most, and you deserve support during this scary moment.","That sounds frightening, and your fear is completely valid. Locking yourself in the room was a smart protective step. Self-directed violence during an argument can be a warning sign, even if it's the first time, and it's important to take it seriously.

If you feel unsafe or things escalate, please ",0.04712535142898577,0.013319053777992775
"It takes real courage to recognize this pattern and want to change it, especially with your girls in mind. That self-awareness is actually a powerful first step. It's also very possible that living in a high-conflict environment is affecting you more than you realize—we often absorb the stress and emotional patterns around us.

You might find it helpful to explore individual counseling, where you can process what you're experiencing and develop tools for managing those intense reactions. Couples counseling could also be valuable, especially if your fiancé is open to addressing his anger. If you ever feel unsafe or worried about escalating conflict, please reach out to a domestic violence hotline like 1-800-799-7233—they support people in many types of difficult relationship dynamics, not just physical situations. Your girls deserve a peaceful home, and so do you.","It takes real courage to recognize this pattern and want to change it, especially with your girls in mind. That self-awareness is actually a powerful first step. It's also very possible that living in a high-conflict environment is affecting you more than you realize—we often absorb the stress and e",0.06900681257247943,0.011724911296410956
"Thank you for sharing this so clearly. The fact that you recognize the rage as disproportionate and separate from who you are shows real insight. That self-awareness, while painful, is actually important. Wanting to not be consumed by anger shows you're oriented toward healing.

Extreme anger that feels disproportionate can stem from many things: accumulated stress, past experiences, nervous system dysregulation, or other underlying factors. A therapist, particularly one who works with anger or emotion regulation, could help you understand what's driving the intensity and develop ways to work with it. You don't have to figure this out alone. If you ever feel your safety or someone else's is at risk, please reach out to a crisis line or emergency services right away.","Thank you for sharing this so clearly. The fact that you recognize the rage as disproportionate and separate from who you are shows real insight. That self-awareness, while painful, is actually important. Wanting to not be consumed by anger shows you're oriented toward healing.

Extreme anger that f",0.05929077148437578,0.016046075712101312
"It sounds like you're dealing with intense anger that escalates very quickly, and it's good that you're recognizing this pattern. That self-awareness is actually an important first step.

When anger spikes that fast, it often means your body is reacting before your mind has a chance to catch up. Some people find it helpful to identify early physical warning signs — like a racing heart, clenched jaw, or feeling hot — so they can intervene before reaching that ""100."" In the moment, stepping away, taking slow breaths, or even counting can create a small gap between the trigger and your reaction.

It might also be worth exploring what's underneath those reactions. Sometimes anger moves quickly because it's protecting other feelings like hurt, fear, or feeling disrespected. Talking with a mental health professional could help you understand those patterns and develop strategies that actually work for you. You don't have to figure this out alone, and change is absolutely possible with practice and support.","It sounds like you're dealing with intense anger that escalates very quickly, and it's good that you're recognizing this pattern. That self-awareness is actually an important first step.

When anger spikes that fast, it often means your body is reacting before your mind has a chance to catch up. Som",0.04467702388763417,0.010865231866504906
"I'm really sorry you're going through this. Emotional abuse is painful and confusing, and it's completely understandable that you're struggling with intense emotions in response. Your feelings are valid.

When dealing with emotional abuse, strategies like stepping away when conversations escalate, using grounding techniques (deep breathing, counting, focusing on your senses), and setting boundaries around what you will and won't engage with can help you protect your wellbeing in the moment. However, managing your reactions doesn't mean the abuse is acceptable or your fault.

I'd strongly encourage you to reach out to a counselor, therapist, or a trusted adult who can support you and help you explore your options. If you're a minor, a school counselor or a helpline like Childhelp (1-800-422-4453) can offer guidance. If you're an adult, the National Domestic Violence Hotline (1-800-799-7233) supports people experiencing abuse from family members. You deserve support and safety.","I'm really sorry you're going through this. Emotional abuse is painful and confusing, and it's completely understandable that you're struggling with intense emotions in response. Your feelings are valid.

When dealing with emotional abuse, strategies like stepping away when conversations escalate, u",0.06482996940612784,0.01200381705788678
"Thank you for sharing this with me. It takes courage to talk about self-harm, and I want you to know that your feelings are valid. What you're describing—being triggered by sad or depressing things—is very common. Our brains can create strong associations between emotional pain and self-harm as a coping mechanism, and those patterns can resurface even after we've stopped for a while.

When you notice that urge coming on, try to create a small buffer between the trigger and your response. This could be reaching out to someone you trust, doing something physical like holding ice or snapping a rubber band, or simply removing yourself from the situation. Consider speaking with a mental health professional who can help you develop personalized coping strategies and work through the underlying emotions. You can also reach out to a crisis line like 988 (in the US) anytime you need support. You deserve care and help through this.","Thank you for sharing this with me. It takes courage to talk about self-harm, and I want you to know that your feelings are valid. What you're describing—being triggered by sad or depressing things—is very common. Our brains can create strong associations between emotional pain and self-harm as a co",0.06772669076919557,0.011797335056539748
"I'm so sorry for the loss of your grandpa. Grief is incredibly heavy, and it's completely understandable that you're struggling right now. You deserve support during this time.

There are free and low-cost options available. Many hospice organizations offer free bereavement support groups and counseling to anyone in the community, even if your grandpa wasn't under their care. You can also call 211 (available in many areas) to be connected with local grief resources. NAMI (National Alliance on Mental Illness) offers free peer support, and faith communities often have grief groups open to anyone regardless of membership. Online communities like GriefShare can also help you feel less alone. If you're in the U.S., you can call or text 988 anytime for emotional support at no cost.

Please be gentle with yourself—there's no timeline for grief, and reaching out for help is a meaningful step. You don't have to carry this alone.","I'm so sorry for the loss of your grandpa. Grief is incredibly heavy, and it's completely understandable that you're struggling right now. You deserve support during this time.

There are free and low-cost options available. Many hospice organizations offer free bereavement support groups and counse",0.06481658458709694,0.011131265863788863
"I'm so deeply sorry for the loss of your baby. There are no words for a pain this profound, and I want you to know that whatever you're feeling—whether it's sadness, anger, numbness, guilt, or all of these at once—is valid. Grief doesn't follow a timeline, and there is no ""right"" way to mourn. Be gentle with yourself and allow space for your feelings without judgment.

Consider reaching out to a grief counselor or a support group for parents who have experienced pregnancy or infant loss; connecting with others who understand can be incredibly healing. If you're in the U.S., organizations like SHARE or MISS Foundation offer resources. Please also lean on trusted friends or family, and if you ever feel overwhelmed to the point of crisis, reach out to a crisis line like 988. You don't have to carry this alone.","I'm so deeply sorry for the loss of your baby. There are no words for a pain this profound, and I want you to know that whatever you're feeling—whether it's sadness, anger, numbness, guilt, or all of these at once—is valid. Grief doesn't follow a timeline, and there is no ""right"" way to mourn. Be ge",0.03457286834716777,0.011621523158780182
"I'm so sorry you're carrying all of this—the grief of losing your child, the pain of feeling your marriage slipping away, and the hurt of infidelity on top of it all. That's an enormous weight, and it makes sense that you're willing to forgive if it means keeping your family together.

Grief like yours doesn't have a timeline, and anniversaries can reopen wounds in powerful ways. It also sounds like there may be deeper, unresolved pain that has been affecting your relationship for years. Couples counseling could provide a safe space to work through this together, and individual support for each of you might also help. A licensed therapist can help you both navigate this in a way that honors your loss while addressing what's happening now.

Whatever happens, you deserve support through this too. Consider reaching out to a counselor or a grief support group. You don't have to carry this alone.","I'm so sorry you're carrying all of this—the grief of losing your child, the pain of feeling your marriage slipping away, and the hurt of infidelity on top of it all. That's an enormous weight, and it makes sense that you're willing to forgive if it means keeping your family together.

Grief like yo",0.07483469963073741,0.01239196975454834
"I'm so sorry for the loss of your mom. Grief is deeply personal, and there's no right or wrong way to move through it. It's okay to feel a wide range of emotions — sadness, anger, confusion, even moments of peace — sometimes all in the same day. Be gentle with yourself and allow yourself to feel whatever comes up without judgment.

Some people find comfort in talking about their loved one, creating rituals or keepsakes, or connecting with others who understand loss. Supporting yourself with basics like rest, nourishment, and movement can also help, even when it feels hard. If you're struggling to cope or feeling overwhelmed, reaching out to a grief counselor or a support group can make a real difference. You don't have to carry this alone. If you ever feel like you're in crisis or having thoughts of harming yourself, please reach out to a crisis line or someone you trust right away. Your feelings matter, and support is available.","I'm so sorry for the loss of your mom. Grief is deeply personal, and there's no right or wrong way to move through it. It's okay to feel a wide range of emotions — sadness, anger, confusion, even moments of peace — sometimes all in the same day. Be gentle with yourself and allow yourself to feel wha",0.05985805034637437,0.01205938651377734
"I'm so deeply sorry for your loss. Losing someone you love that much, on a day that was meant to be celebratory, adds layers of pain that most people can't even begin to understand. The grief you're carrying is heavy, and it makes complete sense that starting fresh in a new town hasn't fixed it—grief doesn't respond to changes of scenery.

What you're experiencing isn't a failure to cope. It's the natural response to losing someone central to your life and your future. The apartment, the anniversary, the plans you had—those represent dreams that were interrupted, and mourning those dreams is just as real as mourning the person.

Please consider reaching out to a grief counselor or a local grief support group. You don't have to carry this alone, and talking with others who understand profound loss can help. You can also call or text 988 anytime if things become overwhelming. Your grief deserves support, and you deserve care as you navigate this.","I'm so deeply sorry for your loss. Losing someone you love that much, on a day that was meant to be celebratory, adds layers of pain that most people can't even begin to understand. The grief you're carrying is heavy, and it makes complete sense that starting fresh in a new town hasn't fixed it—grie",0.07505628585815405,0.01505655766573476
"I'm so sorry you're facing this incredibly difficult situation. Your brother's safety is at serious risk right now, and your concern for him shows how much you care.

Whether you can sign him into a facility depends on your state's laws and your legal relationship to him. In many states, any concerned person can petition for an emergency mental health evaluation, but the criteria usually focus on whether someone is a danger to themselves or others or is gravely disabled. Given what you've described, he may meet that threshold. I'd strongly encourage you to contact your local county mental health crisis team or call a crisis line like 988 to ask about the specific process in your area. They can guide you through emergency evaluation options and any legal steps available to you.

You might also consider contacting adult protective services or asking local law enforcement to do a welfare check if he's in immediate danger. You're doing the right thing by seeking help for him.","I'm so sorry you're facing this incredibly difficult situation. Your brother's safety is at serious risk right now, and your concern for him shows how much you care.

Whether you can sign him into a facility depends on your state's laws and your legal relationship to him. In many states, any concern",0.07697290658950795,0.012806985706890477
"Thank you for sharing this — it takes courage to reflect honestly on these patterns. Feeling guilty after drinking, even without an obvious ""incident,"" is very common and often signals that your relationship with alcohol may be causing you distress. The fact that drinking has led to behaviors that conflict with your values — like anger and infidelity — and that the guilt persists regardless of what happens, suggests it's worth exploring this further with a professional.

This doesn't mean you're broken or that there's something fundamentally wrong with you. It may mean that alcohol is affecting your life in ways that aren't aligned with who you want to be. A therapist or counselor can help you understand the guilt, examine your drinking patterns without judgment, and figure out what changes might feel right for you. You might also consider looking into resources like SMART Recovery or speaking with your doctor. You're asking important questions, and reaching for support is a meaningful first step.","Thank you for sharing this — it takes courage to reflect honestly on these patterns. Feeling guilty after drinking, even without an obvious ""incident,"" is very common and often signals that your relationship with alcohol may be causing you distress. The fact that drinking has led to behaviors that c",0.056391313076019856,0.012593229822911554
"It sounds like you're concerned about someone's safety and want to connect them with emergency mental health services. The Baker Act is Florida's law for involuntary examination, but most states have similar processes. Generally, you can contact your local crisis response team, mobile crisis unit, or call 911 and specifically request a mental health professional or crisis intervention-trained officer to conduct a welfare check. You can also call the 988 Suicide and Crisis Lifeline for guidance on local resources.

If you believe this person is in immediate danger to themselves or others, don't hesitate to call emergency services. You can explain the situation calmly and share specific behaviors or statements that concern you. Mental health professionals and law enforcement can determine whether someone meets the criteria for involuntary evaluation. It's really hard to see someone struggling, and reaching out for help on their behalf shows you care deeply about their wellbeing.","It sounds like you're concerned about someone's safety and want to connect them with emergency mental health services. The Baker Act is Florida's law for involuntary examination, but most states have similar processes. Generally, you can contact your local crisis response team, mobile crisis unit, o",0.05820968389511094,0.011160729763664666
"I hear how much pain you're in, and I'm sorry you're carrying this weight. Feeling hopeless while struggling with both bipolar II and addiction is incredibly hard, and it makes sense that you feel overwhelmed. You're not a bad person for continuing to drink—addiction is powerful, and it doesn't mean you don't care about yourself or others.

What you're describing deserves real support. Please consider reaching out to a healthcare professional who understands both mood disorders and substance use, as they often go hand in hand and need integrated care. If you're feeling unsafe or like you might hurt yourself, please contact a crisis line right now—call or text 988 in the U.S., or reach out to your local emergency services. You can also talk to someone you trust about what's happening.

The fact that you're expressing this here means part of you wants things to change. That matters, even when hope feels far away. You deserve help, and recovery is possible with the right support.","I hear how much pain you're in, and I'm sorry you're carrying this weight. Feeling hopeless while struggling with both bipolar II and addiction is incredibly hard, and it makes sense that you feel overwhelmed. You're not a bad person for continuing to drink—addiction is powerful, and it doesn't mean",0.07713408946990974,0.012435150301925492
"I'm so sorry about the loss of your mom — it's completely understandable that you're missing her guidance right now, especially during such a stressful moment.

Your concern for your daughter-in-law and future grandchild comes from a place of love. Marijuana use during pregnancy can carry potential risks to the baby's development, and most healthcare providers advise against it. The best thing you can do is encourage her to speak openly with her doctor or midwife about her morning sickness. There are safe, medically approved treatments for nausea during pregnancy that her care team can recommend. Approach the conversation gently — she may be struggling more than she's letting on, and morning sickness can be genuinely miserable. You might say something like, ""I care about you and the baby so much. Have you talked to your doctor about other options for the nausea?"" This keeps the door open without sounding judgmental. You're in a hard spot, and reaching out for guidance — even here — shows how much you care.","I'm so sorry about the loss of your mom — it's completely understandable that you're missing her guidance right now, especially during such a stressful moment.

Your concern for your daughter-in-law and future grandchild comes from a place of love. Marijuana use during pregnancy can carry potential ",0.05819253444671624,0.012991074545406243
"What you're describing isn't cruel at all. You're being honest about a complicated feeling, and the fact that you don't wish her harm shows you're not acting from malice. The idea that blood relation automatically creates closeness is a cultural expectation, not a guarantee. Siblings can have fundamentally different personalities, values, or ways of relating that make genuine connection difficult or even impossible.

It's also worth noting that not loving someone doesn't mean something is broken or needs fixing. Sometimes family relationships are simply cordial or distant, and that can be okay. If the relationship is causing you distress or conflict, you might find it helpful to speak with a counselor or therapist who can help you explore these feelings in a supportive space. They can also help you navigate family dynamics and set boundaries that feel right for you. What you're feeling is more common than many people admit, and you're not wrong or bad for feeling it.","What you're describing isn't cruel at all. You're being honest about a complicated feeling, and the fact that you don't wish her harm shows you're not acting from malice. The idea that blood relation automatically creates closeness is a cultural expectation, not a guarantee. Siblings can have fundam",0.07956580162048343,0.012402154244124287
"It's completely valid to feel this way. You're not responsible for absorbing all your mother's stress, and setting boundaries doesn't mean you don't care about her or your niece. Caregiver burnout is real, and it sounds like your mother may need more support than daily venting can provide.

You might try gently letting her know you love her but find the daily complaints difficult, and ask if you can focus your calls on other topics. You could also encourage her to seek support through caregiver groups, respite care services, or counseling—local family services or organizations like the National Alliance for Caregiving may have resources. If your niece's situation involves legal custody or child welfare concerns, your mother might benefit from consulting a family law attorney or local social services. Taking care of your own mental health matters too, so consider reaching out to a counselor if you're feeling overwhelmed by the family dynamics.","It's completely valid to feel this way. You're not responsible for absorbing all your mother's stress, and setting boundaries doesn't mean you don't care about her or your niece. Caregiver burnout is real, and it sounds like your mother may need more support than daily venting can provide.

You migh",0.03680490255355817,0.01191335734784831
"I'm so sorry you experienced this betrayal and abuse. What you're describing—constant hypervigilance, difficulty trusting, reading between lines—makes complete sense given the manipulation you endured. Your brain is trying to protect you from being hurt again, which is a natural response to emotional abuse.

Healing from this takes time, and you don't have to force yourself to trust anyone right now. Consider working with a therapist who understands emotional abuse and coercive control—they can help you process what happened and gradually rebuild your ability to discern safe people from unsafe ones. Regarding the immigration fraud concerns, you may want to consult with an immigration attorney or contact the appropriate authorities to understand your options and protections. You deserve relationships built on honesty and respect, and what she did reflects on her, not on you or on women generally.","I'm so sorry you experienced this betrayal and abuse. What you're describing—constant hypervigilance, difficulty trusting, reading between lines—makes complete sense given the manipulation you endured. Your brain is trying to protect you from being hurt again, which is a natural response to emotiona",0.07165334701538129,0.016223009105260797
"It sounds like you're carrying a lot of hurt, and it's completely understandable. When someone close to us repeatedly criticizes our character, it can be deeply painful and confusing, even when we know they care about us.

It's worth trusting your own instincts here. If you haven't received this feedback from others in your life, it may say more about your cousin's communication style and emotional regulation than about who you are. Her temper and frustration don't give her the right to belittle you, regardless of her intentions.

Since direct conversation hasn't worked and tends to circle back to attacks, you might consider setting clearer boundaries around what you will and won't accept. It's okay to say something like, ""I want to spend time together, but I need you to speak to me respectfully."" You can also limit how much emotional energy you give to her criticisms, recognizing that her comments reflect her perspective, not your worth.

Your feelings are valid, and prioritizing your emotional well-being is not inconsiderate—it's healthy.","It sounds like you're carrying a lot of hurt, and it's completely understandable. When someone close to us repeatedly criticizes our character, it can be deeply painful and confusing, even when we know they care about us.

It's worth trusting your own instincts here. If you haven't received this fee",0.06123316049575811,0.008527857028710652
"Feeling jealous of your boyfriend's mother is more common than you might think, and it doesn't make you a bad person. These feelings often stem from a fear of being replaced or not feeling like a priority. It's worth reflecting on what specifically triggers the jealousy, whether it's time spent together, inside jokes, or something else.

Consider having an open, gentle conversation with your boyfriend about your feelings, focusing on what you need from the relationship rather than criticizing his relationship with his mom. Remember that a strong maternal bond doesn't diminish what you bring to his life. Working on your own self-worth and recognizing that different relationships fulfill different needs can also help. If these feelings are causing significant distress, speaking with a counselor could provide you with personalized strategies to work through them.","Feeling jealous of your boyfriend's mother is more common than you might think, and it doesn't make you a bad person. These feelings often stem from a fear of being replaced or not feeling like a priority. It's worth reflecting on what specifically triggers the jealousy, whether it's time spent toge",0.016897218227386546,0.012674824080036593
"It sounds incredibly exhausting to repeatedly face accusations when you're doing your best to rebuild trust. Your feelings of fatigue are completely valid — trust takes time to repair, but it also requires both partners to actively work toward healing, not just one person constantly defending themselves.

Consider having an open, calm conversation with your husband about how these recurring accusations are affecting you and the marriage. Couples counseling could provide a safe space to address the root of his mistrust and develop healthier communication patterns together. You deserve to feel believed and respected in your relationship.","It sounds incredibly exhausting to repeatedly face accusations when you're doing your best to rebuild trust. Your feelings of fatigue are completely valid — trust takes time to repair, but it also requires both partners to actively work toward healing, not just one person constantly defending themse",0.07770775794982931,0.015073073453191038
"It sounds incredibly frustrating to feel dismissed when you're raising legitimate safety concerns. You're not being unreasonable — a grandbaby near an unstable shelf and a dog running into traffic are real risks worth addressing.

Consider having a calm conversation with your husband during a quiet moment, not right after an incident. You might express how his response makes you feel and emphasize that you're bringing these things up because you care about your family's safety, not to criticize him. Using ""I"" statements — like ""I feel scared when the dog gets out"" — can help keep the conversation productive rather than accusatory.

If these patterns continue and communication feels stuck, couples counseling could provide a safe space to work through these dynamics together. You deserve to feel heard and respected in your own home.","It sounds incredibly frustrating to feel dismissed when you're raising legitimate safety concerns. You're not being unreasonable — a grandbaby near an unstable shelf and a dog running into traffic are real risks worth addressing.

Consider having a calm conversation with your husband during a quiet ",0.054956393241882395,0.012636112500610112
"That sounds incredibly painful and exhausting. You're carrying a heavy load with work and parenting alone, while also processing years of feeling emotionally neglected. It makes complete sense that his sudden attention feels confusing rather than joyful — you've been starving for connection for a long time, and now that he's offering it, it's hard to trust or even receive it.

Your feelings of hurt and resentment are valid. Five years of emotional starvation leaves deep marks, and one year of distance doesn't automatically erase that. It's okay to acknowledge that you need more than words — you need consistent, sustained effort and real accountability. Consider having an honest conversation with him about what you've been feeling, ideally with the support of a couples counselor who can help you both navigate this. You deserve to be heard and cared for, not just when it's convenient for him.","That sounds incredibly painful and exhausting. You're carrying a heavy load with work and parenting alone, while also processing years of feeling emotionally neglected. It makes complete sense that his sudden attention feels confusing rather than joyful — you've been starving for connection for a lo",0.06013787269592363,0.011911052340971815
"It's encouraging that he's willing to go to counseling — that's a meaningful sign he hasn't given up, even if his actions feel confusing right now. Many couples go through periods of separation and do find their way back to each other, especially when both people are open to working on things with professional help.

Counseling can give you both a safe space to understand what's driving his need for distance and what you each need moving forward. In the meantime, try to focus on what you can control — taking care of yourself and your kids, being honest about your feelings without pressure, and letting the counseling process unfold. It's okay to feel uncertain; this is a painful and disorienting situation. Try not to interpret his casual demeanor as indifference — people sometimes minimize things around their children to protect them. The fact that you're both still in conversation and he's open to counseling suggests there's something worth working with. Take it one step at a time.","It's encouraging that he's willing to go to counseling — that's a meaningful sign he hasn't given up, even if his actions feel confusing right now. Many couples go through periods of separation and do find their way back to each other, especially when both people are open to working on things with p",0.10485254526138288,0.010288943596154754
"Thank you for sharing something so vulnerable. What you're feeling isn't dumb or petty—it's grief. You had a vision for meaningful moments in your life, and those moments didn't unfold the way you hoped. Even when you love your partner and value your marriage, it's possible to grieve what you didn't get. That doesn't make you selfish; it makes you human.

The reason it's hard to move on may be that you're carrying unspoken disappointment that hasn't been fully acknowledged or expressed. Hiding these feelings takes energy and can leak out as irritation over small things, which damages your connection. Consider talking to your husband honestly—not to blame him, but to share what you've been holding. You might also explore this with a therapist who can help you process the grief and find peace. You deserve to feel free in your marriage rather than weighed down by what didn't happen.","Thank you for sharing something so vulnerable. What you're feeling isn't dumb or petty—it's grief. You had a vision for meaningful moments in your life, and those moments didn't unfold the way you hoped. Even when you love your partner and value your marriage, it's possible to grieve what you didn't",0.07286976099014275,0.011777098865013508
"In most cases, a therapist cannot force a client into eating disorder treatment without their consent unless the client is in immediate, life-threatening danger. If someone's eating disorder has caused severe medical instability—such as dangerously low weight, electrolyte imbalances, or risk of organ failure—a therapist or medical professional may initiate an emergency hold or hospitalization to protect their life. This process varies depending on local laws and the specific circumstances.

If you're navigating this situation, it's important to know that treatment is generally most effective when someone is willing to participate. If you're concerned about yourself or someone else, reaching out to a healthcare provider, a crisis line, or an eating disorder helpline can help clarify options and provide guidance. You deserve support and care, and there are people who can help you explore what feels right.","In most cases, a therapist cannot force a client into eating disorder treatment without their consent unless the client is in immediate, life-threatening danger. If someone's eating disorder has caused severe medical instability—such as dangerously low weight, electrolyte imbalances, or risk of orga",0.030696482658385982,0.015660501484032377
"Thank you for sharing this — reaching out takes real courage, and wanting to recover as you start this new chapter shows incredible strength. Bulimia is treatable, and you don't have to face it alone.

I'd encourage you to start by connecting with professionals who specialize in eating disorders. A good first step is contacting your school's student health or counseling center — they can often provide support or referrals. You can also reach out to the **National Eating Disorders Association (NEDA)** Helpline at 1-800-931-2237 or visit their website at nationaleatingdisorders.org for guidance and resources. A therapist who specializes in eating disorders, along with a registered dietitian and possibly a medical provider, can help you build a recovery team.

Recovery is a process, and setbacks don't mean failure. Please consider telling a trusted person in your life so you have support along the way. You deserve care and healing.","Thank you for sharing this — reaching out takes real courage, and wanting to recover as you start this new chapter shows incredible strength. Bulimia is treatable, and you don't have to face it alone.

I'd encourage you to start by connecting with professionals who specialize in eating disorders. A ",0.03583131313324017,0.013828918668393052
"Thank you for sharing something so personal and painful. What you're describing—binge eating followed by compensatory exercise—is a recognized pattern, and it makes sense that stress and shame fuel the cycle. You're not alone in this, and it's not a failure of willpower.

Some strategies that can help: practice urge surfing—when you feel the urge to binge, try to pause and sit with the feeling for even five minutes, noticing it without acting. Identify your stress triggers and experiment with alternative coping responses like reaching out to someone, journaling, or grounding exercises. After a binge, try to resist the urge to ""fix"" it through exercise—instead, speak to yourself with the compassion you'd offer a friend. Working with a therapist who specializes in eating concerns can be incredibly valuable for addressing the deeper patterns, and I'd really encourage you to consider that step.

Breaking a cycle that's been present since your teens takes time and patience. Please be gentle with yourself as you work through this.","Thank you for sharing something so personal and painful. What you're describing—binge eating followed by compensatory exercise—is a recognized pattern, and it makes sense that stress and shame fuel the cycle. You're not alone in this, and it's not a failure of willpower.

Some strategies that can he",0.03771485805511521,0.015484730417032577
"It can be really frustrating and confusing to feel like you're eating very little yet still gaining weight. There are many possible reasons this can happen, including slowed metabolism from restricted eating, hormonal imbalances (like thyroid issues), stress, certain medications, or your body holding onto calories in response to perceived scarcity. It's also possible that what feels like ""hardly eating"" may still include enough calories to maintain or gain weight, depending on the foods involved.

Because weight changes can be tied to complex medical factors, it's a good idea to talk with a healthcare provider who can help you understand what's happening in your body. They can check for underlying conditions and help you find a balanced approach to eating that supports your health. You deserve to feel well and have answers, so please consider reaching out to a professional who can support you.","It can be really frustrating and confusing to feel like you're eating very little yet still gaining weight. There are many possible reasons this can happen, including slowed metabolism from restricted eating, hormonal imbalances (like thyroid issues), stress, certain medications, or your body holdin",0.06321131229400612,0.012666526469288886
"It sounds really frustrating to feel like food has that kind of pull over you, and it's brave to name it so honestly. What you're describing isn't simply a willpower problem—eating for pleasure activates reward pathways in the brain, and sugary foods are particularly good at hijacking those signals. Many people experience this, so you're not broken or weak.

A few things that can help: avoiding keeping sweets in the house so the impulse is harder to act on, eating satisfying protein- and fiber-rich meals earlier in the day to reduce cravings, and practicing pausing for a few minutes when the urge hits—sometimes the intensity fades. Consider speaking with a therapist or registered dietitian who understands emotional and reward-based eating; they can help you build a healthier relationship with food without shame or restriction extremes. You deserve support with this, not judgment.","It sounds really frustrating to feel like food has that kind of pull over you, and it's brave to name it so honestly. What you're describing isn't simply a willpower problem—eating for pleasure activates reward pathways in the brain, and sugary foods are particularly good at hijacking those signals.",0.07277966499328592,0.013857395062199506
"It's understandable to feel uneasy, especially in a long-distance relationship where trust is so important. When approaching him, try to choose a calm moment and use ""I"" statements to express your feelings without sounding accusatory. For example, you might say, ""I noticed you've been texting a coworker frequently, and I'm feeling a bit insecure about it. Can we talk about your relationship with her?""

Being open about your feelings rather than making assumptions gives him the opportunity to reassure you and explain the context. A healthy partner will understand your concern and be willing to have an honest conversation. Pay attention to how he responds—whether he's patient and transparent or dismissive and defensive can tell you a lot. Long-distance relationships require extra communication and trust, so it's important that you feel comfortable expressing your needs. If the conversation leaves you feeling more anxious or unheard, that's worth reflecting on as well.","It's understandable to feel uneasy, especially in a long-distance relationship where trust is so important. When approaching him, try to choose a calm moment and use ""I"" statements to express your feelings without sounding accusatory. For example, you might say, ""I noticed you've been texting a cowo",0.06507478713989245,0.011056986654018391
"That sounds really painful, and it's completely understandable that you're struggling with this. Hearing that your partner has feelings for someone else — even if she's downplaying it — can shake your sense of security, especially in a long-distance relationship where trust and communication are everything.

A good starting point is to have an honest conversation about what you both need moving forward. It's okay to express that this hurt you, and it's okay to ask questions about how she plans to handle these feelings. You might also ask yourselves whether the distance is creating space for this to happen and what you both can do to feel more connected. Ultimately, you deserve to feel secure and valued in your relationship. If she's not willing to address your concerns or if the situation keeps causing you distress, it may be worth reflecting on whether this relationship is meeting your needs. Consider talking to friends, family, or a counselor — you don't have to process this alone.","That sounds really painful, and it's completely understandable that you're struggling with this. Hearing that your partner has feelings for someone else — even if she's downplaying it — can shake your sense of security, especially in a long-distance relationship where trust and communication are eve",0.08694419145584087,0.013078259617618982
"It sounds like this situation is causing you a lot of distress and confusion, and that's completely understandable. When you can't make sense of what someone is doing, it can feel really unsettling and even make you question your own perception.

I can't determine whether he's talking to himself or someone else, but what matters most right now is how this is affecting you. If you're feeling manipulated or like you're being made to doubt your own reality, that's a serious concern worth exploring with a trusted professional, such as a counselor or therapist, who can help you sort through what you're experiencing. You might also consider talking openly with him about how his behavior is impacting you, if you feel safe doing so. Your feelings are valid, and you deserve clarity and support.","It sounds like this situation is causing you a lot of distress and confusion, and that's completely understandable. When you can't make sense of what someone is doing, it can feel really unsettling and even make you question your own perception.

I can't determine whether he's talking to himself or ",0.08247657537460329,0.01272189840948629
"I'm so sorry you're going through this pain. What you're feeling—the unsettlement, the intrusive thoughts, the hurt—is completely normal, even when you've chosen to forgive. Healing from infidelity takes time, and wanting to move forward doesn't mean the emotions switch off right away. The fact that she forgave you in the past shows there's a foundation of commitment between you, but that doesn't make this any less difficult.

Consider seeking couples counseling with a licensed therapist who can help you both process this together in a safe, structured space. Individual therapy could also help you work through the intrusive thoughts and find healthy ways to cope. Rebuilding trust is possible, but it rarely happens alone—you deserve support as you navigate this. Be patient with yourself; healing isn't linear, and it's okay to still feel hurt even while choosing to stay.","I'm so sorry you're going through this pain. What you're feeling—the unsettlement, the intrusive thoughts, the hurt—is completely normal, even when you've chosen to forgive. Healing from infidelity takes time, and wanting to move forward doesn't mean the emotions switch off right away. The fact that",0.047341067790985125,0.012357678737080251
"I hear how exhausted you are, and I want you to know that what you're feeling is real and valid. Depression doesn't care about age, and being unable to afford help doesn't make your struggle any less deserving of support. The fact that you've carried this alone for so long shows incredible strength, even if it doesn't feel that way.

There are low- and no-cost options that might help: many communities have sliding-scale or free counseling through organizations like NAMI, local health departments, or university training clinics. Crisis lines like 988 (call or text) are free, confidential, and available 24/7—you don't have to be in immediate crisis to reach out. Online support communities can also reduce the isolation of hiding how you feel. Please consider connecting with one of these resources soon; you shouldn't have to carry this alone.","I hear how exhausted you are, and I want you to know that what you're feeling is real and valid. Depression doesn't care about age, and being unable to afford help doesn't make your struggle any less deserving of support. The fact that you've carried this alone for so long shows incredible strength,",0.09334433555603017,0.012768252835655454
"I'm so sorry you're going through this. Hearing ""I don't love you"" during arguments is deeply painful, especially when you're genuinely trying to resolve things. It's understandable that you want to fix the communication for your family's sake.

That said, a healthy relationship requires effort from both people. You shouldn't have to repeatedly swallow your pride or absorb hurtful statements alone. Couples counseling could provide a safe space to learn healthier conflict resolution together, but your partner needs to be willing to participate. In the meantime, consider individual counseling to help you process these experiences and clarify what you need. You might also try expressing during a calm moment (not during an argument) how his words affect you, using ""I feel"" statements. If he remains unwilling to work on things or continues using hurtful language, you may need to reflect on what's sustainable long-term. You and your children deserve a healthy home environment, whatever form that takes.","I'm so sorry you're going through this. Hearing ""I don't love you"" during arguments is deeply painful, especially when you're genuinely trying to resolve things. It's understandable that you want to fix the communication for your family's sake.

That said, a healthy relationship requires effort from",0.059985139369964635,0.012601815289802146
"It sounds incredibly painful and exhausting to be in a situation where someone keeps changing their mind and not following through, especially when you’re already struggling. You don’t have to agree with or feel okay about his decision, and feeling hurt, confused, and let down is completely valid. Respecting someone’s right to make their own choices doesn’t mean you have to accept being treated in a way that causes you ongoing distress or leaves you feeling abandoned.

What matters most right now is your wellbeing. You deserve consistency, honesty, and support, especially when you’re going through a hard time. If this relationship is making you feel worse and you’re crying and worried every night, it may be worth talking to a trusted friend, family member, or a counselor who can help you sort through your feelings and figure out what you need. You are allowed to set boundaries and prioritize your own mental health, even if others aren’t doing the same.","It sounds incredibly painful and exhausting to be in a situation where someone keeps changing their mind and not following through, especially when you’re already struggling. You don’t have to agree with or feel okay about his decision, and feeling hurt, confused, and let down is completely valid. R",0.07565931320190433,0.01553220369679944
"Managing anxiety with OCD can feel overwhelming, but there are strategies that may help. Many people benefit from working with a mental health professional trained in Exposure and Response Prevention (ERP), a therapy specifically designed for OCD. It gradually helps you face fears without engaging in compulsions, reducing anxiety over time. Mindfulness practices, grounding techniques, and learning to label intrusive thoughts as just thoughts can also be useful tools.

It's important to remember that anxiety often spikes before it gets better, and progress isn't always linear. Be patient with yourself. If you're not already connected with a therapist or counselor, reaching out to one can make a meaningful difference. You can also contact the International OCD Foundation or a crisis line like 988 (in the U.S.) if you need immediate support. You don't have to navigate this alone.","Managing anxiety with OCD can feel overwhelming, but there are strategies that may help. Many people benefit from working with a mental health professional trained in Exposure and Response Prevention (ERP), a therapy specifically designed for OCD. It gradually helps you face fears without engaging i",0.007317757606505992,0.014472012112663454
"It takes real self-awareness and courage to recognize this pattern and want to change it. Possessiveness often stems from deeper fears—like fear of abandonment, insecurity, or anxiety about losing connection. These feelings are valid, but acting on them in ways that push people away can create a painful cycle.

A good starting point is to notice the thoughts and physical sensations that arise when you feel possessive urges. Are you afraid someone will leave? Do you feel you're not enough? Therapy can be incredibly helpful for unpacking these root causes and building healthier relationship patterns. In the moment, practicing pausing before reacting, challenging anxious thoughts, and allowing your friends space without trying to control their choices can help you respond differently over time. Change is absolutely possible with patience and practice.","It takes real self-awareness and courage to recognize this pattern and want to change it. Possessiveness often stems from deeper fears—like fear of abandonment, insecurity, or anxiety about losing connection. These feelings are valid, but acting on them in ways that push people away can create a pai",0.060966041088104106,0.013664631587990401
"It sounds like you're carrying a lot of emotional pain, and I want you to know that you deserve support. What you're describing—self-harm, intense reactions to memories, fear of abandonment, and feeling overwhelmed in public—can feel exhausting and isolating, but you don't have to face it alone.

Because you mentioned hitting yourself and pulling your hair, I want to gently encourage you to reach out for help. Consider contacting a mental health professional who can help you understand these patterns and develop coping strategies. If you're in crisis or worried about your safety, please reach out to a crisis line like 988 (in the US) or emergency services. You can also talk to someone you trust about what you're experiencing.

Your feelings are valid, and struggling doesn't make you ""too much"" or unworthy of care. Healing is possible with the right support.","It sounds like you're carrying a lot of emotional pain, and I want you to know that you deserve support. What you're describing—self-harm, intense reactions to memories, fear of abandonment, and feeling overwhelmed in public—can feel exhausting and isolating, but you don't have to face it alone.

Be",0.05384339094161961,0.014178516812717494
"It sounds like you're carrying a lot of frustration and self-blame, and I want to gently challenge the idea that you're ""lazy."" Often, what looks like procrastination is actually anxiety, perfectionism, or burnout in disguise—especially for high-achieving students who suddenly struggle. The fact that you care so much about your grades suggests this isn't about not caring; something deeper may be making it hard to start.

Consider trying a few small shifts: break tasks into tiny, almost ridiculously small steps (just open the document, just write one sentence), and try working for only five minutes to lower the barrier to starting. Sometimes removing the pressure to ""do it well"" and just focusing on ""doing something"" helps break the cycle. It might also be worth talking to a school counselor or academic support service—they see this pattern frequently and can help you figure out what's really getting in your way. You're clearly capable, and struggling right now doesn't erase that capability.","It sounds like you're carrying a lot of frustration and self-blame, and I want to gently challenge the idea that you're ""lazy."" Often, what looks like procrastination is actually anxiety, perfectionism, or burnout in disguise—especially for high-achieving students who suddenly struggle. The fact tha",0.06728610754013076,0.011200569590376245
"It sounds like you're noticing something about your body or a behavior that's raising concern for you, even if it doesn't feel painful or problematic on the surface. That instinct to pay attention when something feels off is worth listening to.

I'd encourage you to talk with a healthcare professional who can help you understand what's going on in a safe, non-judgmental way. They can check things out properly and give you accurate information. If you're ever feeling distressed or like you might be in danger, please reach out to a crisis line or someone you trust right away. You deserve support and clarity about whatever you're experiencing.","It sounds like you're noticing something about your body or a behavior that's raising concern for you, even if it doesn't feel painful or problematic on the surface. That instinct to pay attention when something feels off is worth listening to.

I'd encourage you to talk with a healthcare profession",0.05260007619857765,0.010769465806428586
"That's a really good question to ask, and it's understandable to want clarity about your privacy. Generally, a past therapist cannot disclose your information to a current therapist without your written consent. Mental health professionals are bound by confidentiality laws like HIPAA, which protect your records and communications.

There are some exceptions, such as imminent risk of harm, but routine sharing between providers requires your permission. If you'd like your therapists to coordinate care, you can sign a release of information authorizing that communication. You have the right to decide what gets shared and with whom.

If you're concerned about your privacy, it's completely okay to ask either therapist directly about their confidentiality policies. They should be able to explain clearly how your information is protected and what control you have over it.","That's a really good question to ask, and it's understandable to want clarity about your privacy. Generally, a past therapist cannot disclose your information to a current therapist without your written consent. Mental health professionals are bound by confidentiality laws like HIPAA, which protect ",0.09169366598129258,0.012429253200624334
"It's understandable to feel frustrated and dismissed when you've taken the courageous step to reach out for support and haven't heard back. While social workers generally strive to respond within their stated timeframe, there could be practical reasons for the delay—extended weekends, vacations, or administrative gaps. That said, you deserve clear communication, and being left waiting can feel discouraging.

You might consider calling once more during regular business hours, or if possible, sending a brief email if that's an option. If you still don't hear back, it's absolutely okay to seek out a different provider. Your well-being matters, and finding a counselor who is responsive and available is an important part of that. You're taking a positive step by wanting to return to counseling, and you deserve someone who meets you with that same commitment.","It's understandable to feel frustrated and dismissed when you've taken the courageous step to reach out for support and haven't heard back. While social workers generally strive to respond within their stated timeframe, there could be practical reasons for the delay—extended weekends, vacations, or ",0.047180881500243466,0.014942608738162997
"It's completely understandable to feel scared and frustrated when someone you care about is in the hospital and you're left without answers. Hospitals are often limited in what they can share due to privacy regulations, especially if your boyfriend hasn't explicitly authorized them to release information to you.

If you're able to, try reaching out to his family or close friends who might have more access to updates. You can also ask the hospital staff if there's a way for your boyfriend to grant permission for them to share information with you. In the meantime, take care of yourself—this kind of uncertainty is exhausting, and you deserve support too. Consider talking to someone you trust about what you're feeling.","It's completely understandable to feel scared and frustrated when someone you care about is in the hospital and you're left without answers. Hospitals are often limited in what they can share due to privacy regulations, especially if your boyfriend hasn't explicitly authorized them to release inform",0.06339064836502128,0.014135255429693823
"This sounds like an incredibly distressing and serious situation. If a child is being medicated inappropriately or harmed, that's a child safety issue that warrants immediate attention from the proper authorities. Consider contacting Child Protective Services or local law enforcement to report your concerns, as they can investigate potential child endangerment or medical abuse. You may also want to consult with a family law attorney who can help address the custody interference and guide you through legal protections.

If you need support navigating this, you can also reach out to the Childhelp National Child Abuse Hotline at 1-800-422-4453 for guidance on reporting and resources. Please prioritize the child's safety and take steps to involve professionals who can intervene appropriately.","This sounds like an incredibly distressing and serious situation. If a child is being medicated inappropriately or harmed, that's a child safety issue that warrants immediate attention from the proper authorities. Consider contacting Child Protective Services or local law enforcement to report your ",0.07017674684524566,0.011848574745625921
"It sounds like that appointment was really difficult, and I'm glad you reached out to talk about it. Sharing your feelings with your doctor, especially when you're very upset, takes courage.

Could you tell me more about what happened with the discussion about that particular medication? Were you asking about side effects, expressing concerns, or requesting a change? Your feelings about your treatment matter, and it's important that you feel heard by your doctor.

If you left the appointment feeling dismissed or unsupported, you might consider reaching out to your doctor's office to continue the conversation, or seeking a second opinion if you feel your concerns aren't being addressed. You deserve to feel comfortable with your treatment plan.

If you're feeling overwhelmed or in crisis right now, please consider reaching out to a crisis line or a trusted person in your life for support.","It sounds like that appointment was really difficult, and I'm glad you reached out to talk about it. Sharing your feelings with your doctor, especially when you're very upset, takes courage.

Could you tell me more about what happened with the discussion about that particular medication? Were you as",0.03633233785629297,0.009957833221858411
"Counselors typically consider ending therapy when a client has made meaningful progress toward their goals, developed stronger coping skills, and feels more confident managing challenges independently. Termination is usually a collaborative decision, discussed openly so both parties feel comfortable with the transition. A counselor might also discuss ending if therapy isn't benefiting the client, if a different approach or specialist would be more helpful, or if there are practical barriers like scheduling or finances.

Ethical guidelines also require counselors to terminate or refer when they recognize they're not the right fit for a client's needs, when boundaries become complicated, or when the therapeutic relationship isn't productive. Importantly, good termination isn't abrupt—it's planned, includes reviewing progress, discussing relapse-prevention strategies, and ensuring the client knows they can return if needed. If you're currently in counseling and wondering about this, it's completely okay to ask your counselor directly about their thoughts on your progress and timeline.","Counselors typically consider ending therapy when a client has made meaningful progress toward their goals, developed stronger coping skills, and feels more confident managing challenges independently. Termination is usually a collaborative decision, discussed openly so both parties feel comfortable",0.04823787212371844,0.01790992835802137
"What you're describing sounds very distressing, and your confusion is completely understandable. A therapist entering your home while you're medicated and writing down your credit card information is a serious boundary violation and may be illegal, regardless of his intent to repay a loan. The professional therapeutic relationship has clear ethical boundaries, and what you've described crosses them significantly.

I'd encourage you to take some protective steps. Consider contacting your credit card company to flag or monitor your account for unauthorized charges. You can also file a complaint with your state or provincial licensing board that oversees therapists, as they investigate ethical violations. If you believe a crime may have occurred, you can contact local police. It may also help to reach out to a trusted friend or family member who can support you right now as you sort through what happened. Please take care of yourself and prioritize your safety and financial security.","What you're describing sounds very distressing, and your confusion is completely understandable. A therapist entering your home while you're medicated and writing down your credit card information is a serious boundary violation and may be illegal, regardless of his intent to repay a loan. The profe",0.10600885868072574,0.014752925914649525
"It sounds like you're looking to connect with someone in a specific field to learn about their career journey — that's a great way to explore whether a path might be right for you. A great starting point would be reaching out through your school's career center, alumni networks, or professional organizations related to the field you're interested in. Many people are happy to share their experiences with students.

You could also try platforms like LinkedIn to find professionals and send a polite, brief message explaining that you're a student interested in learning about their career path. Informational interviews are very common, and most people are flattered to be asked. When you do connect, asking about their courses, how long they studied, and what they enjoy about their job are all wonderful questions. Good luck with your search!","It sounds like you're looking to connect with someone in a specific field to learn about their career journey — that's a great way to explore whether a path might be right for you. A great starting point would be reaching out through your school's career center, alumni networks, or professional orga",0.06216512680053743,0.011649596510026177
"It's really touching that you want to show your appreciation, and it's wonderful that your counselor helped you through such a difficult transition. That said, many university counseling centers have strict policies about gifts, and alcohol in particular can be problematic due to professional ethics and campus policies. Even with the best intentions, giving wine might put your counselor in an awkward position where they'd have to decline.

A heartfelt handwritten note expressing what their support meant to you is often the most cherished gift a counselor can receive. If you'd like to give something more, small, inexpensive items like a postcard or traditional candy from your country are usually more acceptable. You could also simply tell them in person how much their help meant to you. Many counselors say that knowing they made a difference is the greatest reward.","It's really touching that you want to show your appreciation, and it's wonderful that your counselor helped you through such a difficult transition. That said, many university counseling centers have strict policies about gifts, and alcohol in particular can be problematic due to professional ethics",0.10758441448211631,0.013444568774878802
"It's completely understandable to feel unsure about bringing this up, and it's a positive step that you're considering support. When you see your doctor, you can keep it simple and direct. You might say something like, ""I've been struggling with some things from my past and how I'm feeling now, and I think talking to someone could help. Can you refer me to a therapist?"" Remember, doctors hear this often and are there to help you access the right care. You don't need to share everything all at once if you're not comfortable. You deserve support, and reaching out is a brave and important step toward healing.","It's completely understandable to feel unsure about bringing this up, and it's a positive step that you're considering support. When you see your doctor, you can keep it simple and direct. You might say something like, ""I've been struggling with some things from my past and how I'm feeling now, and ",0.07332668781280516,0.01109632408021088
"That sounds really exhausting. When someone feels compelled to make a joke about everything, it can feel dismissive, especially if you're trying to have a genuine conversation or share something meaningful. It's okay to find that awkward and frustrating.

You're allowed to set boundaries around this. A simple ""I'd rather talk seriously about this"" or ""That joke doesn't land for me"" can gently signal what you need. Some people use humor as a defense mechanism or a way to manage discomfort, but that doesn't mean you have to absorb it without comment. Your feelings about this are valid.","That sounds really exhausting. When someone feels compelled to make a joke about everything, it can feel dismissive, especially if you're trying to have a genuine conversation or share something meaningful. It's okay to find that awkward and frustrating.

You're allowed to set boundaries around this",0.06722122907638539,0.011686113785032731
"It's completely valid to feel hurt and frustrated when friendships feel one-sided. You're investing care and energy, and it's painful when that isn't reciprocated. Those feelings don't make you a bad friend — they show you value connection deeply.

It might help to remember that people's capacity often shifts due to their own life circumstances, stress, or mental health, and their lack of effort may not be about you personally. That said, it's also okay to reassess where you place your energy. You deserve relationships that feel mutual and fulfilling. Consider gently expressing how you feel to friends you value — sometimes people genuinely don't realize. And if certain connections remain draining despite your efforts, it's okay to step back and make space for people who can meet you halfway.","It's completely valid to feel hurt and frustrated when friendships feel one-sided. You're investing care and energy, and it's painful when that isn't reciprocated. Those feelings don't make you a bad friend — they show you value connection deeply.

It might help to remember that people's capacity of",0.048190059661865625,0.01369201905744976
"It's really painful when you've experienced manipulation and then others dismiss or doubt your account. What you're describing—someone presenting differently to others than they did to you, being blamed for problems, and feeling confused about what was real—are common experiences in manipulative relationships. The fact that others don't see it doesn't mean it didn't happen; many people who cause harm are skilled at maintaining a positive public image.

You don't need absolute certainty or external validation to trust your own experience. You lived it. You felt the impact. Writing down specific memories—what happened, how you felt—can help you reconnect with your own perspective rather than relying on others' interpretations. Consider talking with a counselor who understands spiritual or relational manipulation; they can help you process this without pressure to ""prove"" anything. Your concern about others potentially being affected is valid, but your primary responsibility is your own healing and wellbeing right now.","It's really painful when you've experienced manipulation and then others dismiss or doubt your account. What you're describing—someone presenting differently to others than they did to you, being blamed for problems, and feeling confused about what was real—are common experiences in manipulative rel",0.06584832668304497,0.013967328822921402
"It's wonderful that you're focusing on building more positive relationships — that desire itself shows real self-awareness and hope. Meaningful connections often start with small steps: being curious about others, practicing active listening, and allowing yourself to be a little vulnerable when it feels safe to do so. Sometimes it also helps to reflect on what qualities you value most in relationships, so you can seek those out intentionally.

It's also okay to go at your own pace. Building trust and connection takes time, and every small interaction — a kind word, a moment of genuine presence — can be a step toward the relationships you want. If you find old patterns or fears getting in the way, consider talking with a counselor or therapist who can help you explore those barriers in a supportive space. You deserve fulfilling connections, and the fact that you're reaching for them matters.","It's wonderful that you're focusing on building more positive relationships — that desire itself shows real self-awareness and hope. Meaningful connections often start with small steps: being curious about others, practicing active listening, and allowing yourself to be a little vulnerable when it f",0.059373793601989355,0.011978807297032101
"It sounds really exhausting and hurtful to be called names, especially when it feels unfair and one-sided. You deserve to be treated with respect, and it's completely valid to feel tired of this.

One thing you might try is setting a clear boundary by calmly telling them how their words affect you and that you want the name-calling to stop. If they continue, it's okay to limit your interactions with them or walk away when it happens. Surrounding yourself with people who treat you kindly can also make a big difference. If this is happening at school or work, consider talking to a trusted adult, counselor, or supervisor who can help address the situation. You don't have to handle this alone, and your feelings matter.","It sounds really exhausting and hurtful to be called names, especially when it feels unfair and one-sided. You deserve to be treated with respect, and it's completely valid to feel tired of this.

One thing you might try is setting a clear boundary by calmly telling them how their words affect you a",0.06353753805160522,0.011461398554094376
"Finding the right therapist often comes down to how you feel in the room with them. A good fit usually means you feel heard, respected, and safe enough to be honest—even when it's hard. You don't have to feel instant comfort, but over time you should sense progress, collaboration, and trust.

You don't need to ""train"" your therapist, but you *can* guide the process. It's okay to share what helps and what doesn't—whether that's wanting more structure, needing gentle challenges, or preferring to lead the conversation. A skilled therapist will welcome that feedback and adjust. If you're unsure how to start, try saying something like, ""I want to talk about what I need from our sessions."" If you express your needs and feel dismissed or misunderstood over time, it's valid to seek someone else. Therapy works best when it's a partnership.","Finding the right therapist often comes down to how you feel in the room with them. A good fit usually means you feel heard, respected, and safe enough to be honest—even when it's hard. You don't have to feel instant comfort, but over time you should sense progress, collaboration, and trust.

You do",0.004151506423950568,0.013512053040835989
"Yes, counseling can genuinely help many people. It provides a structured, nonjudgmental space to explore thoughts and emotions, understand patterns in behavior or relationships, and develop practical coping strategies. Research across decades shows that therapy can reduce symptoms of anxiety, depression, and stress while improving overall well-being and quality of life.

That said, counseling isn't one-size-fits-all. The therapeutic approach, the connection between client and counselor, and a person's readiness to engage all matter. Some people notice changes quickly, while for others it's a gradual process. It's also okay if a particular therapist or style isn't the right fit—finding the right match can make a significant difference. If you're curious, reaching out for an initial session or consultation can be a low-pressure way to explore whether it feels helpful for you.","Yes, counseling can genuinely help many people. It provides a structured, nonjudgmental space to explore thoughts and emotions, understand patterns in behavior or relationships, and develop practical coping strategies. Research across decades shows that therapy can reduce symptoms of anxiety, depres",0.015382723808288645,0.015442713481409631
"Starting counseling can feel intimidating, but it's a positive step toward caring for your mental health. A good first move is to identify what you'd like support with — whether that's stress, anxiety, relationships, grief, or simply wanting to understand yourself better. You don't need to have everything figured out before reaching out.

From there, you can ask your primary care provider for a referral, check with your insurance company for in-network therapists, or search online directories like Psychology Today. Many therapists offer a brief free consultation call, which is a great opportunity to ask about their approach and see if you feel comfortable. When you attend your first session, know that it's okay to be unsure of what to say — the therapist is there to guide the conversation at a pace that works for you. Taking that first step takes courage, and it's perfectly normal to feel nervous.","Starting counseling can feel intimidating, but it's a positive step toward caring for your mental health. A good first move is to identify what you'd like support with — whether that's stress, anxiety, relationships, grief, or simply wanting to understand yourself better. You don't need to have ever",0.030093841552734535,0.012607820109853424
"A good counselor typically needs strong communication skills, especially active listening—being able to truly hear and understand what someone is sharing without rushing to fix or judge. Empathy is essential, allowing the counselor to connect with a person's feelings and experiences in a genuine way. Patience and nonjudgmental acceptance help create a safe space where people feel comfortable opening up.

Beyond these interpersonal qualities, effective counselors also need good boundaries, self-awareness, and the ability to remain calm and grounded even when difficult emotions arise. They should understand when to gently guide a conversation and when to simply hold space for silence. Problem-solving and goal-setting skills matter too, as does ongoing self-reflection to recognize their own biases and limitations. If you're considering counseling—whether seeking one or becoming one—these are the qualities worth looking for or cultivating.","A good counselor typically needs strong communication skills, especially active listening—being able to truly hear and understand what someone is sharing without rushing to fix or judge. Empathy is essential, allowing the counselor to connect with a person's feelings and experiences in a genuine way",0.024274029731750524,0.013268972748810105
"Counselors can encounter a range of challenges when working with clients. These may include resistance or reluctance to engage, difficulty building trust, and clients who struggle to articulate their feelings. Counselors also navigate complex situations like managing boundaries, addressing crises, and balancing empathy with professional objectivity. Additionally, clients may present with overlapping issues, such as co-occurring mental health conditions, that require careful assessment and collaboration with other professionals.

Counselors may also face emotional demands, as supporting others through distress can take a toll over time. Recognizing these challenges is an important part of the work, and many counselors use supervision, peer consultation, and self-care strategies to maintain their effectiveness and well-being. If you're exploring this topic for yourself or someone you know, reaching out to a qualified professional can provide more tailored guidance.","Counselors can encounter a range of challenges when working with clients. These may include resistance or reluctance to engage, difficulty building trust, and clients who struggle to articulate their feelings. Counselors also navigate complex situations like managing boundaries, addressing crises, a",0.04485246658325259,0.016057677438237716
