text,text_trunc,humt_text,std_humt_text
"In situations involving alleged physical and verbal abuse, the absolute priority must be safety. Generally, mental health professionals strongly advise against couples counseling or joint sessions when intimate partner violence is present. Even if the client is amenable to the idea, joint sessions can be highly dangerous. An abusive partner may use what is shared during a session to further manipulate, control, or physically retaliate against the victim behind closed doors. Because of this, individual support focused on safety planning and empowerment is the standard recommendation, rather than joint relationship repair.

If you or someone you know is navigating domestic abuse, please consider reaching out to a dedicated support service. In the United States, the National Domestic Violence Hotline is available 24/7 by calling 1-800-799-SAFE (7233) or texting ""START"" to 88788. They can provide confidential guidance on safely navigating these complex and dangerous dynamics.","In situations involving alleged physical and verbal abuse, the absolute priority must be safety. Generally, mental health professionals strongly advise against couples counseling or joint sessions when intimate partner violence is present. Even if the client is amenable to the idea, joint sessions c",0.06532832145690914,0.014724141158002817
"Navigating an invitation like this requires balancing genuine support with professional boundaries. You might consider saying something like: ""I am so incredibly proud of you and deeply honored that you would invite me to such an important milestone. Your hard work and dedication are what got you to this graduation, and it has been a privilege to support you along the way.""

You can then gently explain the boundary by adding: ""Due to professional ethics and my commitment to protecting your confidentiality, I am unable to attend the ceremony in person. However, I am absolutely thrilled for you and would love to dedicate time in our next session to celebrate this amazing achievement together."" This approach validates their success and expresses your gratitude for the invitation, while safely upholding the ethical boundaries necessary in a therapeutic relationship.","Navigating an invitation like this requires balancing genuine support with professional boundaries. You might consider saying something like: ""I am so incredibly proud of you and deeply honored that you would invite me to such an important milestone. Your hard work and dedication are what got you to",0.04706481933593709,0.015017619853176635
"It is completely understandable to feel hurt or confused by this situation. In professional counseling, transitioning from individual to couples therapy with the same counselor is often discouraged because it creates an inherent imbalance. Furthermore, a key principle of couples counseling is that the relationship itself is the client. It is generally not considered acceptable or effective practice for a therapist to explicitly ""take sides."" A counselor's role is to facilitate healthy communication and understanding, not to act as a judge. 

When a therapist takes one partner aside and then declares they are siding with them, it breaks down the trust and safety essential for therapy. Because of these ethical complexities, it is usually recommended to use a separate, neutral couples counselor so both partners start on equal footing. You have every right to discuss how this made you feel with the counselor, or to seek a new therapist if the trust in this professional relationship has been broken.","It is completely understandable to feel hurt or confused by this situation. In professional counseling, transitioning from individual to couples therapy with the same counselor is often discouraged because it creates an inherent imbalance. Furthermore, a key principle of couples counseling is that t",0.060389871597290146,0.0137131473299499
"It is not acceptable for a counselor to take the side of a bully or ask a child what they did to provoke being bullied. A counselor's primary role is to provide a safe, supportive, and non-judgmental space for their client. Asking a child how they provoked bullying is a form of victim-blaming, which can deeply damage a child's self-esteem and destroy the trust necessary for effective therapy. No one deserves to be bullied, and a mental health professional should focus on validating the child's experience, helping them process their feelings, and supporting them in navigating the situation safely.

If a counselor is behaving this way, it is completely valid to be concerned. It may be in the child's best interest for a parent or guardian to address this directly with the counselor or the clinic's management. Finding a new therapist who uses a supportive, empathetic approach is often the best step to ensure the child gets the safe and validating care they deserve.","It is not acceptable for a counselor to take the side of a bully or ask a child what they did to provoke being bullied. A counselor's primary role is to provide a safe, supportive, and non-judgmental space for their client. Asking a child how they provoked bullying is a form of victim-blaming, which",0.05275212526321438,0.012566337107701275
"In couples therapy, the relationship itself is considered the primary client. While it is very common for therapists to hold individual sessions with each partner to gather background information or explore specific issues, this should always happen with the knowledge and prior consent of both partners. The guidelines for these individual meetings—including how confidentiality will be handled between partners—are typically established together during the initial informed consent process so everyone understands the boundaries.

Meeting with one partner secretly, without the other partner's consent or knowledge, generally goes against standard ethical practices in couples counseling. Doing so can create a conflict of interest, build unhealthy alliances, and damage the trust necessary for therapy to be effective. If you have concerns about how your therapy is being handled or feel that boundaries are being crossed, it is completely valid to bring this up directly with the therapist to clarify their policies and ensure you feel safe and respected in the process.","In couples therapy, the relationship itself is considered the primary client. While it is very common for therapists to hold individual sessions with each partner to gather background information or explore specific issues, this should always happen with the knowledge and prior consent of both partn",0.038793487548828054,0.013965031908404164
"It can feel very unsettling if a therapist brings up second-hand information during a session. In general, therapy is built on trust, and therapists primarily rely on what you choose to share with them. Bringing in outside information can sometimes disrupt that safe space. However, there are a few situations where a therapist might feel it is necessary to address second-hand information. The most common reason is if the information involves a serious safety concern, such as a risk of harm to yourself or someone else. They might also bring it up if you previously gave them consent to speak with a family member or another healthcare provider. 

If your therapist confronted you with outside information and it made you uncomfortable, it is completely valid to feel that way. It can be very helpful to share your feelings about this directly with them. Discussing how the situation impacted your trust can help clarify their intentions and repair the therapeutic relationship.","It can feel very unsettling if a therapist brings up second-hand information during a session. In general, therapy is built on trust, and therapists primarily rely on what you choose to share with them. Bringing in outside information can sometimes disrupt that safe space. However, there are a few s",0.05258828163146978,0.011990469571466673
"In a custody situation, a child's counselor can usually speak with both parents. In fact, it is often helpful for them to do so to better understand the child's needs and environment. However, the counselor's primary ethical duty is to provide a safe, neutral therapeutic space for the child, rather than acting as an investigator for the court. 

Regarding court testimony or letters, most professional ethical guidelines strongly discourage or prohibit a treating counselor from making custody recommendations or stating which parent is ""better."" A treating therapist's role is to support the child's mental health, not to evaluate parental fitness. When courts need an expert opinion on custody, they typically rely on a specially appointed, neutral forensic psychologist or custody evaluator who conducts formal assessments of both parents. Because legal procedures and ethical codes can vary by jurisdiction, it is always best to consult with a family law attorney to understand how these rules apply to your specific situation.","In a custody situation, a child's counselor can usually speak with both parents. In fact, it is often helpful for them to do so to better understand the child's needs and environment. However, the counselor's primary ethical duty is to provide a safe, neutral therapeutic space for the child, rather ",0.022246427536011026,0.013762084221528277
"Counselors are generally not ethically allowed—nor is it clinically beneficial—to share every detail of a child's therapy session with parents. While parents of minors do have certain legal rights regarding healthcare, ethical guidelines prioritize the child's need for a safe, private space to build trust. If a child knows everything will be reported back to their parents, they are unlikely to open up, making therapy ineffective. 

Instead of specific details, counselors typically share general updates on treatment goals, overall progress, and strategies parents can use to support their child at home. Most importantly, counselors are ethically and legally obligated to break confidentiality and inform parents immediately if the child is in danger, such as expressing intent to harm themselves, harm someone else, or if there is suspected abuse. These specific privacy boundaries are usually discussed and agreed upon with both the parent and child during the very first session.","Counselors are generally not ethically allowed—nor is it clinically beneficial—to share every detail of a child's therapy session with parents. While parents of minors do have certain legal rights regarding healthcare, ethical guidelines prioritize the child's need for a safe, private space to build",0.04857788085937553,0.013642468006528732
"This is a very complex and painful situation. Mandated reporting laws vary by location, but generally, therapists are legally required to report situations where a minor is suspected of being abused, neglected, or placed in danger. In many jurisdictions, guardians knowingly exposing a child to a past abuser—despite professional warnings—can be considered a ""failure to protect"" or a form of neglect, which often triggers the legal duty to report to Child Protective Services (CPS).

Because mandated reporting is a legal requirement designed to protect vulnerable individuals, making a report is an established exception to confidentiality, meaning it is neither illegal nor unethical even if the minor asks not to report. While therapists care deeply about preserving the therapeutic relationship and avoiding additional distress for the minor, the legal and ethical obligation to ensure the child's safety must come first. If you are navigating this, consulting with a clinical supervisor, a legal professional, or a professional ethics board in your specific jurisdiction can provide definitive guidance.","This is a very complex and painful situation. Mandated reporting laws vary by location, but generally, therapists are legally required to report situations where a minor is suspected of being abused, neglected, or placed in danger. In many jurisdictions, guardians knowingly exposing a child to a pas",0.046574928760528156,0.01270562695315193
"It is completely understandable to feel hurt and confused by an abrupt end to therapy. Ethically, therapists are required to avoid client abandonment, which is why providing referrals is a necessary step when ending treatment. A therapist might need to terminate if they experience severe countertransference or an unmanageable rupture with legal guardians, as these issues can prevent them from providing effective care. In such cases, stepping down is often considered the ethical choice to protect the client.

However, abruptly terminating without any explanation is generally discouraged by professional guidelines. While therapists have the right to end treatment if they cannot provide adequate care, best practices dictate that they should communicate the reasons clearly and offer a proper termination process to minimize harm. If you are feeling left in the dark, it may be helpful to discuss this experience with a new therapist who can help you process this difficult transition and provide the stable support you deserve.","It is completely understandable to feel hurt and confused by an abrupt end to therapy. Ethically, therapists are required to avoid client abandonment, which is why providing referrals is a necessary step when ending treatment. A therapist might need to terminate if they experience severe countertran",0.04620535373687762,0.015430735212672207
"In this situation, the most appropriate response is to gently decline the request to bring the partner into the session and immediately prioritize safety planning. Because the partner threatened physical violence by raising his hand, bringing him into a session could escalate the danger and put the client at greater risk of harm at home. Joint sessions are strongly contraindicated when there is active domestic violence or a threat of abuse. 

The counselor should validate the client's strong commitment to her recovery and her valid concerns about the triggering environment. However, the focus of the session must shift to assessing her immediate physical safety, developing a safety plan, and exploring options for a secure living situation away from active drug use and violence. If you or someone you know is experiencing domestic abuse or threats of violence, please reach out to the National Domestic Violence Hotline at 1-800-799-SAFE (7233) or text ""START"" to 88788 for free, confidential support.","In this situation, the most appropriate response is to gently decline the request to bring the partner into the session and immediately prioritize safety planning. Because the partner threatened physical violence by raising his hand, bringing him into a session could escalate the danger and put the ",0.07695135116577134,0.013789624944517838
"An appropriate response would first validate Stefan's dedication to his education and his progress in wanting to practice assertiveness. It is completely understandable that he feels overwhelmed balancing a 30-hour work week with his studies, especially after a setback with his exams. 

To help him make his case, you might suggest that Stefan schedule a formal, dedicated time to speak with his supervisor, rather than bringing it up in passing. He can practice using clear, firm ""I"" statements, such as, ""I value my job here, but I must reduce my hours to 20 per week to succeed in my classes."" To address the supervisor's concern about opening and closing the shop, Stefan could offer a collaborative but firm solution, like helping train another employee for those shifts over the next week. This approach allows him to hold his boundaries and prioritize his degree while still showing professionalism and respect for the business's needs.","An appropriate response would first validate Stefan's dedication to his education and his progress in wanting to practice assertiveness. It is completely understandable that he feels overwhelmed balancing a 30-hour work week with his studies, especially after a setback with his exams. 

To help him ",0.04235442638397213,0.013235685937347995
"Going through a custody battle, especially when emotional abuse is involved, is incredibly stressful. Whether your child's therapist can testify depends on your local laws, the therapist's professional guidelines, and the consent agreements you signed. Many therapists have strict policies against testifying in custody disputes because sharing session details can break the child's trust and damage the safe space they need for healing. Instead of the treating therapist, courts often rely on a specialized custody evaluator or a Guardian ad Litem to assess the situation. 

Because I cannot provide legal advice, it is very important to consult with a family law attorney who can guide you on the best way to legally present evidence of emotional abuse in your jurisdiction. You may also want to have an open conversation with the therapist about their boundaries regarding court involvement, so you know exactly what to expect and how best to support your child through this difficult process.","Going through a custody battle, especially when emotional abuse is involved, is incredibly stressful. Whether your child's therapist can testify depends on your local laws, the therapist's professional guidelines, and the consent agreements you signed. Many therapists have strict policies against te",0.027348732948302867,0.014145326528208824
"It is completely understandable that you are feeling devastated; hearing that your daughter wants to live elsewhere is incredibly painful, especially when you are worried about outside influences. However, it is not advisable to ask her therapist to convince her to stay with you. A therapist’s primary role is to provide a safe, neutral environment for your daughter to process her feelings. If the therapist tries to persuade her or appears to take a parent's side, it could severely damage the trust your daughter has in her therapy, leaving her without that vital support.

Instead of asking the therapist to change her mind, you can share your concerns about her well-being and the family dynamics with the therapist in a collaborative way. You might also explore family therapy or mediation. This can provide a structured, safe space for you and your daughter to communicate openly, understand the root of her feelings, and work through this difficult situation together.","It is completely understandable that you are feeling devastated; hearing that your daughter wants to live elsewhere is incredibly painful, especially when you are worried about outside influences. However, it is not advisable to ask her therapist to convince her to stay with you. A therapist’s prima",0.07101805448532073,0.01292445736387627
"Generally, it is highly discouraged for a couples counselor to also act as the individual therapist for one of the partners. Doing so creates a conflict of interest that can compromise the therapist's neutrality and make the other partner feel alienated. Because the primary ""client"" in couples therapy is the relationship itself, ethical guidelines typically recommend having separate therapists for individual and couples work.

If a therapist learns about infidelity during a one-on-one session, how they handle it depends on their disclosure policy, usually established at the start of treatment. Many couples counselors have a strict ""no secrets"" policy because keeping major secrets undermines the therapy. In this scenario, the counselor would typically encourage the individual to share the truth with their spouse. If the person refuses, the therapist cannot simply break confidentiality to tell the spouse. Instead, they would likely have to terminate the couples counseling, as they cannot ethically continue treating the relationship while holding such a significant secret.","Generally, it is highly discouraged for a couples counselor to also act as the individual therapist for one of the partners. Doing so creates a conflict of interest that can compromise the therapist's neutrality and make the other partner feel alienated. Because the primary ""client"" in couples thera",0.0236398482322695,0.0127079365452578
"While I am an AI and not a professional ethics board, I can share general principles of school counseling ethics. In most professional frameworks, confidentiality is the cornerstone of the therapeutic relationship. It is typically only broken in specific, legally mandated situations, such as when there is an imminent risk of severe harm to the client or others, or in cases of suspected abuse. 

Because selling vapes or vandalizing classrooms usually does not meet the threshold of imminent, life-threatening harm, reporting this to the administration would generally be considered an ethical breach. This applies whether the perpetrator is another student or your client. Reporting non-life-threatening rule infractions breaks the client's trust and violates standard ethical guidelines. Instead, the counselor's role is to explore these situations therapeutically. If the client is the perpetrator, the counselor works with them to understand their behavior and its consequences, rather than acting as a school disciplinarian.","While I am an AI and not a professional ethics board, I can share general principles of school counseling ethics. In most professional frameworks, confidentiality is the cornerstone of the therapeutic relationship. It is typically only broken in specific, legally mandated situations, such as when th",0.045012564659118404,0.010427219583505076
"This is a very common and complex ethical situation in therapy. How a therapist handles this usually depends on the specific ""secrets policy"" they established with the couple at the beginning of treatment. Many couples therapists have a ""no secrets"" policy, meaning they will not keep significant secrets—like infidelity—from the other partner because it can undermine the trust and goals of the therapeutic process. 

However, a therapist generally cannot force a client to disclose information, as that would violate individual confidentiality. Instead, if a ""no secrets"" policy is in place, the therapist will typically encourage and support the unfaithful partner in sharing the information themselves. If the partner refuses to disclose it, the therapist may have to terminate the couples counseling, as they cannot effectively treat the relationship while holding a major secret. Ultimately, the approach depends on the therapist's professional ethical guidelines and the initial informed consent agreement signed by the couple.","This is a very common and complex ethical situation in therapy. How a therapist handles this usually depends on the specific ""secrets policy"" they established with the couple at the beginning of treatment. Many couples therapists have a ""no secrets"" policy, meaning they will not keep significant sec",0.0625378966331489,0.012909205890844785
"This is a highly complex ethical and legal situation that balances a client's right to confidentiality with the safety of the client and others. Generally, counselors are bound by strict confidentiality laws, but most jurisdictions have exceptions regarding a ""duty to warn"" or ""duty to protect"" when there is an imminent, foreseeable risk of serious harm. 

Reporting a client directly to their employer is generally not the standard first step and could violate confidentiality laws depending on local regulations. Typically, a counselor would first attempt to intervene clinically, such as encouraging the client to take medical leave, enter a treatment program, or voluntarily step away from operating heavy machinery. Because the legal threshold for breaking confidentiality varies significantly by location, it is crucial for a counselor facing this situation to immediately consult with a clinical supervisor, a professional ethics board, or legal counsel to determine the appropriate and lawful course of action.","This is a highly complex ethical and legal situation that balances a client's right to confidentiality with the safety of the client and others. Generally, counselors are bound by strict confidentiality laws, but most jurisdictions have exceptions regarding a ""duty to warn"" or ""duty to protect"" when",0.05699885368347157,0.012804913763988074
"Seeking therapy for your child is a wonderful way to support their well-being, but navigating the logistics after a divorce can be complicated. Whether you can bring your child to counseling without your ex-spouse's consent generally depends on your specific custody agreement and local laws. The right to make medical and mental health decisions is usually tied to ""legal custody."" If you have sole legal custody, you may not need your ex-spouse's permission. However, if you share joint legal custody, both parents typically need to consent to treatment.

Because counselors must adhere to strict legal and ethical guidelines, they will usually ask for a copy of your most recent custody paperwork before beginning therapy with a minor. To figure out the best path forward, it is a good idea to review your custody agreement regarding medical decisions. You can also reach out to a prospective counselor directly; they are experienced in navigating these situations and can explain exactly what documentation they need to proceed.","Seeking therapy for your child is a wonderful way to support their well-being, but navigating the logistics after a divorce can be complicated. Whether you can bring your child to counseling without your ex-spouse's consent generally depends on your specific custody agreement and local laws. The rig",0.04670427560806312,0.013630266855753994
"Navigating a child's therapy after a divorce can feel complicated, but the requirements usually depend on your specific legal arrangements. Whether both parents need to be involved or provide consent generally comes down to who holds legal custody, specifically regarding medical and mental health decisions. If one parent has sole legal custody, they can often initiate therapy without the other's consent. However, if parents share joint legal custody, therapists typically require consent from both parents before beginning treatment. 

This is where the divorce agreement comes into play. The custody agreement or divorce decree is the legal document that outlines these decision-making rights. Because therapists must follow strict legal and ethical guidelines, they will almost always ask for a copy of the most recent custody agreement before treating a minor to ensure they have the proper authorization. It is usually best to review your specific legal documents and speak directly with the prospective therapist or a family law professional to understand exactly what is required in your situation.","Navigating a child's therapy after a divorce can feel complicated, but the requirements usually depend on your specific legal arrangements. Whether both parents need to be involved or provide consent generally comes down to who holds legal custody, specifically regarding medical and mental health de",0.0242486763000489,0.013001233634447256
"It is completely understandable to feel torn about holiday visits, especially when your relationship with your parents lacks emotional support. Navigating family expectations can be incredibly stressful, and it is okay to prioritize your own mental well-being. You are not obligated to put yourself in a situation that causes you distress, but it is also natural to worry about the potential fallout of setting that boundary.

When making your decision, try to weigh the emotional cost of attending against the stress of their reaction if you stay home. If you decide not to go, you can keep your explanation brief and firm, such as saying you are taking time to rest this season. If you feel you must attend to avoid a larger conflict, consider setting strict boundaries to protect yourself—like staying at a hotel, limiting the length of your visit, or having a clear exit strategy. Whatever you choose, remember that protecting your peace is a valid and important decision.","It is completely understandable to feel torn about holiday visits, especially when your relationship with your parents lacks emotional support. Navigating family expectations can be incredibly stressful, and it is okay to prioritize your own mental well-being. You are not obligated to put yourself i",0.07156008958816562,0.010500587418513115
"It is completely understandable to feel torn in this situation. You care about your friend's well-being, but it is also valid to feel hesitant about lending more money when past loans haven't been repaid. While the final decision is yours, it can help to ask yourself if you are comfortable treating this money as a gift rather than a loan. If you cannot afford to lose that money, or if giving it will cause resentment and strain the friendship further, it might be best to gently decline. 

Setting financial boundaries is healthy and doesn't mean you don't care about your friend. If you choose not to lend the money, you can still offer support in other ways. You might help them look into local rental assistance programs, community action agencies, or food banks to help free up their cash for rent. Ultimately, protecting your own financial stability and peace of mind is important, and it is okay to say no.","It is completely understandable to feel torn in this situation. You care about your friend's well-being, but it is also valid to feel hesitant about lending more money when past loans haven't been repaid. While the final decision is yours, it can help to ask yourself if you are comfortable treating ",0.0653606367111208,0.012098083676817072
"Losing a friendship of 20 years is incredibly painful, and it makes complete sense that you are feeling depressed and anxious. When someone sends mixed signals—being distant one moment and open the next—it can leave you feeling confused and emotionally exhausted. It is deeply hurtful to feel like someone you care about so much is disregarding your feelings after so much shared history.

To answer your question gently: yes, if she ultimately decides she no longer wants to be friends, you do have to accept her boundary. We cannot force someone to stay in our lives, no matter how much we love them or how long we have known them. However, accepting her decision doesn't mean you have to pretend it doesn't hurt. Give yourself permission to grieve this profound loss just as you would any major life change. Focus on taking care of your own mental health right now, and consider leaning on other supportive people in your life while you navigate this difficult transition.","Losing a friendship of 20 years is incredibly painful, and it makes complete sense that you are feeling depressed and anxious. When someone sends mixed signals—being distant one moment and open the next—it can leave you feeling confused and emotionally exhausted. It is deeply hurtful to feel like so",0.0686715006828309,0.013626139684331885
"It is completely understandable that you are feeling overwhelmed and low right now. Dealing with relationship troubles is exhausting on its own, and adding the stress of a rumor about losing your job is a heavy burden to carry. It makes sense that you feel hurt at the thought of being let go, especially when you are already going through a hard time personally. 

While it can be a harsh reality that many workplaces focus primarily on professional performance rather than personal struggles, that doesn't mean your well-being isn't important. Since your colleagues mentioned there might be a chance to improve and stay, it might help to have an open, proactive conversation with your manager to clarify expectations rather than waiting in fear. Please remember to be gentle with yourself right now. Navigating both personal and professional stress at the same time is incredibly difficult, and it is okay to seek support from a counselor or trusted friend to help you through this heavy season.","It is completely understandable that you are feeling overwhelmed and low right now. Dealing with relationship troubles is exhausting on its own, and adding the stress of a rumor about losing your job is a heavy burden to carry. It makes sense that you feel hurt at the thought of being let go, especi",0.07206612586975103,0.013010568237578258
"I am so sorry you are going through this. Caring for a six-month-old and an older child is incredibly exhausting, and it is completely understandable that you are feeling overwhelmed and struggling with your self-image. You deserve to be supported and cared for during this vulnerable postpartum period, not criticized or threatened. Your husband's threats to leave and his attempts to make you feel isolated are emotionally manipulative and deeply unfair to you. 

Since he is unwilling to go to couples counseling, please consider seeking individual therapy for yourself. A professional can help you navigate these complex emotions, rebuild your self-esteem, and figure out healthy boundaries regarding your marriage. In the meantime, try to lean on trusted friends, family members, or local postpartum support groups so you do not have to carry this heavy burden alone. You cannot control his actions, but you can take steps to protect your own mental health. Your well-being is the absolute priority right now, both for yourself and your children.","I am so sorry you are going through this. Caring for a six-month-old and an older child is incredibly exhausting, and it is completely understandable that you are feeling overwhelmed and struggling with your self-image. You deserve to be supported and cared for during this vulnerable postpartum peri",0.06398332595825185,0.014583521119292661
"It sounds incredibly painful and confusing to watch your wife change so drastically, not just physically but in how she relates to you. When a partner suddenly becomes distant, ignores your calls, and starts living a separate life, it is completely understandable that you would feel hurt and question the future of your marriage. You deserve to feel valued, respected, and connected in your relationship. 

Before making a final decision about leaving, you might consider having a direct and honest conversation with her about how her actions are impacting you and the marriage. If she is unwilling to communicate or if the distance continues, couples counseling or individual therapy could help you navigate this difficult transition. Ultimately, the decision to leave is deeply personal and only yours to make, but seeking professional guidance can provide you with support and clarity on the best path forward for your own well-being.","It sounds incredibly painful and confusing to watch your wife change so drastically, not just physically but in how she relates to you. When a partner suddenly becomes distant, ignores your calls, and starts living a separate life, it is completely understandable that you would feel hurt and questio",0.13177290678024267,0.02162490850185484
"This is an incredibly frightening situation, and it is completely understandable that you are feeling overwhelmed. Please know that you are not responsible for your partner’s actions, and your need to set boundaries is valid and necessary for your well-being. When someone threatens suicide, it is a medical emergency that requires professional intervention, not something you should have to manage alone. 

If your partner threatens to harm themselves, please contact emergency services immediately. You can also call or text the Suicide & Crisis Lifeline at 988 (in the US and Canada) for guidance. Relying on professionals ensures your partner gets urgent help while allowing you to step back safely. It is also deeply important that you seek support for yourself, such as speaking with a counselor. Using self-harm threats to prevent you from taking space is a heavy emotional burden, and you deserve professional support to help you navigate this safely.","This is an incredibly frightening situation, and it is completely understandable that you are feeling overwhelmed. Please know that you are not responsible for your partner’s actions, and your need to set boundaries is valid and necessary for your well-being. When someone threatens suicide, it is a ",0.05295562744140625,0.01216530340326278
"Navigating a child's history of severe trauma alongside challenging behaviors at school can be incredibly stressful. To answer your question directly, yes, it would be highly beneficial to seek therapy for her. Even if her suicidal statements appear to be a way to avoid assignments or seek attention, they indicate that she is struggling to communicate her needs and cope with her emotions. Given her trauma history, a mental health professional can help her process those underlying experiences and teach her healthier ways to ask for support or manage stress. 

Furthermore, any mention of suicide should always be taken seriously and evaluated by a professional to ensure her safety, as it can be difficult to know exactly what she is feeling inside. A therapist can provide a safe space for her and offer you guidance on how to respond effectively. If you ever become concerned for her immediate safety, please reach out to emergency services or call or text the Suicide & Crisis Lifeline at 988.","Navigating a child's history of severe trauma alongside challenging behaviors at school can be incredibly stressful. To answer your question directly, yes, it would be highly beneficial to seek therapy for her. Even if her suicidal statements appear to be a way to avoid assignments or seek attention",0.03769499778747587,0.011770287109133469
"I am so incredibly sorry you experienced this. Having a panic attack is already a deeply vulnerable and frightening experience, and having it recorded and shared without your consent is a massive breach of trust and privacy. It is completely understandable that you are feeling hurt, humiliated, and questioning this friendship. 

You do not owe her the benefit of the doubt, especially when her actions caused you public distress instead of offering support. Whether you choose to step away completely or wait for an explanation is entirely up to what feels safest for you right now. If you haven't already, you have every right to demand she take the video down immediately, or you can report the video to the platform yourself. Please prioritize your own emotional well-being right now, and remember that you deserve to surround yourself with people who respect your boundaries and offer genuine care when you need it most.","I am so incredibly sorry you experienced this. Having a panic attack is already a deeply vulnerable and frightening experience, and having it recorded and shared without your consent is a massive breach of trust and privacy. It is completely understandable that you are feeling hurt, humiliated, and ",0.054265282154083216,0.015502976214496363
"It sounds incredibly frustrating and hurtful to be called lazy, especially by your mom when you have already shared your struggles with her. To answer your question directly: no, you are not lazy. Hoarding disorder is a recognized mental health condition that makes parting with possessions and organizing spaces genuinely difficult and overwhelming. It is a complex challenge, not a character flaw or a lack of effort. 

It can be very hard for people who don't experience hoarding disorder to understand the intense anxiety and emotional attachment involved. Your mom's misunderstanding of your condition doesn't define who you are. You might find it helpful to connect with a mental health professional who specializes in hoarding disorder, if you haven't already. They can offer you strategies to manage your space at your own pace and might even help explain the condition to your mom so she can better understand and support you.","It sounds incredibly frustrating and hurtful to be called lazy, especially by your mom when you have already shared your struggles with her. To answer your question directly: no, you are not lazy. Hoarding disorder is a recognized mental health condition that makes parting with possessions and organ",0.027715859413146582,0.013378255071348957
"Receiving a Stage IV leukemia diagnosis is incredibly overwhelming, and it is completely understandable that reading about palliative care left you feeling depressed. It is worth noting that palliative care is often misunderstood; it focuses on managing symptoms and improving your quality of life alongside active treatments, rather than meaning you have to give up. Still, your instinct to rest and gather your strength right now is incredibly wise. Taking a moment to breathe can give you the physical and emotional energy you need.

Your determination to seek second opinions and explore clinical trials shows immense inner strength. Advocating for yourself is one of the most powerful things you can do. To muster your courage, try focusing on just one step at a time—start by simply resting, then reach out to major research centers when you feel ready. The very fact that you are looking for ways to forge ahead shows that you already possess the courage and determination you are seeking.","Receiving a Stage IV leukemia diagnosis is incredibly overwhelming, and it is completely understandable that reading about palliative care left you feeling depressed. It is worth noting that palliative care is often misunderstood; it focuses on managing symptoms and improving your quality of life al",0.06444865703582758,0.01520256915009688
"It takes a lot of courage to be honest about your relapse and the recent DUI. This sounds like an incredibly stressful and overwhelming situation to be facing. When thinking about who to ask to be a character witness, it can be helpful to consider friends who are reliable, honest, and can speak clearly to your positive qualities and your commitment to making changes. You might want to look for people who understand the seriousness of the situation, support your sobriety, and can present themselves well in a legal setting. 

Facing a third DUI is a heavy burden, and it is very important to work closely with a lawyer who can guide you through the reality of the legal process and your options. Alongside legal counsel, please consider reaching out to a local support group or a substance use counselor. Having professional and community support right now can be vital in helping you navigate this difficult time and get back on track.","It takes a lot of courage to be honest about your relapse and the recent DUI. This sounds like an incredibly stressful and overwhelming situation to be facing. When thinking about who to ask to be a character witness, it can be helpful to consider friends who are reliable, honest, and can speak clea",0.048835937976837496,0.011237959669520408
"Going through a breakup is incredibly painful, especially when you feel misunderstood or dismissed as being ""too emotional."" It is completely natural to want closure and to hope that someone you care about will be understanding and willing to talk things through. 

While it would be ideal for him to be more communicative, his silence is a boundary he is setting right now. You cannot control how he responds to his own stress or to the breakup, and continuing to text him when he is ignoring you will likely only prolong your own pain. Instead of focusing on what he should do, try to redirect that energy toward your own healing. Your feelings are valid, and you deserve to be heard. It might help to share these emotions with a trusted friend, family member, or counselor who can give you the safe, supportive space you need during this difficult time.","Going through a breakup is incredibly painful, especially when you feel misunderstood or dismissed as being ""too emotional."" It is completely natural to want closure and to hope that someone you care about will be understanding and willing to talk things through. 

While it would be ideal for him to",0.05633291721344014,0.014074637823851663
"It is completely understandable that you feel hurt and confused by your daughter's request. When you have dedicated so much of your life to being a caring and supportive parent, being asked to step back can feel incredibly unfair and painful. It is natural to grieve this shift in your relationship. However, her need for space is likely less about rejecting you or what you have done for her, and more about her own need to establish independence and boundaries as an adult.

Giving her the space she asked for is often the most supportive thing you can do right now, even though it is difficult. Pushing back or trying to force closeness might cause her to retreat further. While you wait, try to focus on your own well-being, hobbies, and relationships. Respecting her boundaries shows that you trust her as an adult, which can ultimately lay the groundwork for a healthier, more balanced relationship when she is ready to reconnect.","It is completely understandable that you feel hurt and confused by your daughter's request. When you have dedicated so much of your life to being a caring and supportive parent, being asked to step back can feel incredibly unfair and painful. It is natural to grieve this shift in your relationship. ",0.08379232883453369,0.013692709651895956
"It is completely understandable that your partner's invasive behaviors are triggering, especially when you are already carrying past trauma. You deserve to feel trusted, respected, and safe in your relationship, and having your phone checked or being repeatedly accused of cheating can be deeply exhausting. 

When deciding between individual and couples counseling, many professionals recommend starting with individual therapy. An individual counselor can provide a safe, dedicated space just for you to process your trauma, manage your triggers, and establish healthy boundaries regarding your partner's behavior. While couples counseling can be valuable for addressing trust and communication issues, it requires both partners to be fully willing to take accountability and work on the relationship. Prioritizing your own healing first through individual therapy can give you the clarity, support, and emotional bandwidth to decide the best next steps for yourself and your relationship.","It is completely understandable that your partner's invasive behaviors are triggering, especially when you are already carrying past trauma. You deserve to feel trusted, respected, and safe in your relationship, and having your phone checked or being repeatedly accused of cheating can be deeply exha",0.0700379323959357,0.01342398970080338
"It sounds incredibly stressful and isolating to experience this kind of hostility in your workplace, especially in a field so focused on empathy and connection. Having your personal political affiliation impact your professional relationships and client retention is a heavy burden to carry. 

Deciding whether to stay or leave is a deeply personal choice. Since you suspect the tension might ease after the election cycle, it could be helpful to evaluate the overall culture of your practice. Outside of this current political climate, do you feel supported and valued by your colleagues? If the foundation of your workplace is strong, it might be worth waiting to see if the environment improves. However, if this experience has permanently shifted how you feel about your comfort and belonging at work, exploring opportunities in a community that feels more aligned with your values could offer greater peace of mind. Trust your instincts and prioritize what will best support your professional growth and personal well-being.","It sounds incredibly stressful and isolating to experience this kind of hostility in your workplace, especially in a field so focused on empathy and connection. Having your personal political affiliation impact your professional relationships and client retention is a heavy burden to carry. 

Decidi",0.08669152259826696,0.017968232021083854
"It is completely understandable that you feel hurt and confused right now. It is incredibly painful when a close friend pulls away, especially after they reassured you that your friendship wouldn't change. Even though he likely had good intentions when he said things would be fine, he might be realizing now that he needs some space to process the shift in your dynamic. Unfortunately, his way of handling it is leaving you feeling abandoned and unfairly treated. 

Right now, the best thing you can do is give him the space he seems to be asking for through his actions. Continually reaching out while he is avoiding the topic might push him further away. Take this time to focus on yourself, process your own feelings, and lean on other supportive people in your life. Friendships can often recover from these moments, but it usually takes time and patience for the awkwardness to settle.","It is completely understandable that you feel hurt and confused right now. It is incredibly painful when a close friend pulls away, especially after they reassured you that your friendship wouldn't change. Even though he likely had good intentions when he said things would be fine, he might be reali",0.09185980796813986,0.012324749946135622
"It is completely understandable that you are feeling upset and left out. Welcoming a new grandchild is a joyous occasion, and it is painful to feel disconnected from your son and his new family, especially when you believed your relationship had healed. 

The first few weeks with a newborn can be incredibly overwhelming and exhausting for new parents, which might be contributing to their silence. Instead of waiting for them to call, you might consider sending a warm, low-pressure message. You could let them know you are thinking of them, congratulate them again, and mention that you would love to visit whenever they feel ready, without any expectations. This shows your support and respects their boundaries during this major life transition, leaving the door open for them to invite you in when things settle down.","It is completely understandable that you are feeling upset and left out. Welcoming a new grandchild is a joyous occasion, and it is painful to feel disconnected from your son and his new family, especially when you believed your relationship had healed. 

The first few weeks with a newborn can be in",0.07779022932052593,0.013832326028649927
"It is completely understandable to feel stressed when your partner does not support your need for mental health care. You have the right to seek help, and legally, he does not have to know. Your health is your own. However, if you share health insurance, the company typically sends an Explanation of Benefits (EOB) to the primary policyholder, which could show that services were used. 

To protect your privacy, call your insurance provider directly to ask if they can route your EOBs to a secure email or private address. You might also explore sliding-scale therapists or community clinics that allow affordable out-of-pocket payments without involving insurance. If his behavior is part of a larger pattern of control, or if you ever feel unsafe, please consider contacting the National Domestic Violence Hotline at 1-800-799-SAFE or text ""START"" to 88788 for confidential guidance.","It is completely understandable to feel stressed when your partner does not support your need for mental health care. You have the right to seek help, and legally, he does not have to know. Your health is your own. However, if you share health insurance, the company typically sends an Explanation of",0.040331470966338934,0.010006965884063754
"It is completely normal to wonder how to integrate your partner into your counseling, especially when you are hoping to strengthen your marriage. The right level of involvement really depends on what you and your counselor feel is most beneficial for your specific situation. Sometimes, having a partner attend a few sessions can help them understand your perspective, learn how to support your growth, and improve communication. Other times, keeping individual counseling private allows you a safe space to process your own thoughts, while seeking separate couples therapy might be a more effective way to work directly on the marriage itself.

It can be very helpful to discuss this question directly with your counselor. They can offer guidance tailored to your unique dynamics and help you decide the best approach for both your personal well-being and the health of your relationship.","It is completely normal to wonder how to integrate your partner into your counseling, especially when you are hoping to strengthen your marriage. The right level of involvement really depends on what you and your counselor feel is most beneficial for your specific situation. Sometimes, having a part",0.07512532949447648,0.01176448150385141
"It is incredibly compassionate of you to want to support your mother. Based on what you've described, she may be dealing with chronic depression alongside severe anxiety or agoraphobia, which can make leaving the house and socializing feel genuinely overwhelming. While you cannot diagnose or cure her, your presence alone is a comfort. You can help by offering a listening ear without judgment and gently encouraging her to speak with a doctor or mental health professional. Offering to help her find a therapist who does telehealth appointments might remove the scary barrier of having to go outside. 

You can also support her by spending low-pressure time together at home, like watching a movie or sharing a meal. Please remember that supporting a parent with long-term mental health struggles can be heavy, so it is just as important to set boundaries and seek support for yourself. You don't have to carry this alone.","It is incredibly compassionate of you to want to support your mother. Based on what you've described, she may be dealing with chronic depression alongside severe anxiety or agoraphobia, which can make leaving the house and socializing feel genuinely overwhelming. While you cannot diagnose or cure he",0.043861484527588424,0.011792738905522114
"It sounds like you care deeply about your girlfriend and are understandably concerned about how her behavior is affecting her well-being and your relationship. The behaviors you described—such as a significantly decreased need for sleep, high energy, intense focus on big aspirations, and difficulty staying on task—can sometimes be associated with manic or hypomanic episodes, which are characteristic of bipolar disorder. However, these symptoms can also be linked to other medical or mental health conditions, such as severe stress, anxiety, or thyroid issues. 

Because only a qualified healthcare professional can provide an accurate evaluation, the best step is to gently encourage her to speak with a doctor or a therapist. You might approach the conversation by focusing on your care for her overall health and how you want to support her, rather than mentioning a specific diagnosis right away. Remember to also take care of yourself and consider seeking your own support, as navigating a partner's health challenges can be very stressful.","It sounds like you care deeply about your girlfriend and are understandably concerned about how her behavior is affecting her well-being and your relationship. The behaviors you described—such as a significantly decreased need for sleep, high energy, intense focus on big aspirations, and difficulty ",0.03509705781936656,0.015049504015338487
"It sounds like you and your family are going through a really confusing and stressful time. While it can sometimes feel like extreme mood swings are just a way to get attention, the shifts you are describing—going from highly excited and active to very down and depressed—can actually be signs of a real, underlying health or mental health condition. It is very possible that she is not doing this on purpose and is struggling to manage these intense changes herself.

Because this is affecting her and your whole family, it would be incredibly helpful for her to see a doctor or a mental health professional. A professional can provide a proper evaluation and help figure out exactly what is going on. Try to approach the situation with patience, and gently encourage her to speak with a healthcare provider. Remember that it is also important to take care of your own well-being and seek support for yourself while navigating this family stress.","It sounds like you and your family are going through a really confusing and stressful time. While it can sometimes feel like extreme mood swings are just a way to get attention, the shifts you are describing—going from highly excited and active to very down and depressed—can actually be signs of a r",0.054723861217498726,0.018687732933613498
"It sounds like your new friend might be dealing with some anxiety or insecurity rather than joking. When people constantly seek reassurance, it often comes from a fear of rejection or overthinking their interactions. While her intentions are likely just to make sure you are still happy with the friendship, it is completely understandable that receiving so many messages feels overwhelming and confusing for you. 

It might help to have a gentle, honest conversation with her. You could reassure her that you enjoy being friends, but also let her know that you aren't always able to text back right away and that she doesn't need to worry if you are quiet. Setting a kind but clear boundary can help ease her anxiety while giving you the space you need to feel comfortable in this new friendship.","It sounds like your new friend might be dealing with some anxiety or insecurity rather than joking. When people constantly seek reassurance, it often comes from a fear of rejection or overthinking their interactions. While her intentions are likely just to make sure you are still happy with the frie",0.05909063816070592,0.010930752573779715
"It sounds incredibly stressful to be dealing with missing money, especially when you are on a fixed income and suspect someone you trust. Discovering that a family member might be taking from you is a painful and difficult situation to navigate. 

Since you plan to confront him, it might help to approach the conversation calmly but firmly. You could start by stating the facts about the missing money and expressing how this impacts your budget and your trust. If you feel unsafe at any point, or if the situation escalates, please prioritize your physical safety and step away. Moving forward, you may also want to find a new, secure place to keep your cash or consider using a bank account to ensure your funds are protected.","It sounds incredibly stressful to be dealing with missing money, especially when you are on a fixed income and suspect someone you trust. Discovering that a family member might be taking from you is a painful and difficult situation to navigate. 

Since you plan to confront him, it might help to app",0.06450383663177561,0.01236919021465462
"It is completely understandable that you are feeling hurt and angry right now. Seeing your friends go out without you, especially after they frequently cancel your plans, is incredibly painful and feels like a major betrayal of your trust. Your feelings of frustration are completely valid. 

Before sending that group text, it might be helpful to take a step back and give yourself a little time to process these intense emotions. Firing off a message while you are feeling this angry might escalate the situation in a way that doesn't actually give you the closure or respect you deserve. When you feel a bit calmer, you might consider reaching out to the friend you feel closest to for a one-on-one conversation to express how their actions made you feel. Alternatively, this might be a moment to reflect on whether these friendships are truly bringing you the support, inclusion, and mutual respect you deserve in your life.","It is completely understandable that you are feeling hurt and angry right now. Seeing your friends go out without you, especially after they frequently cancel your plans, is incredibly painful and feels like a major betrayal of your trust. Your feelings of frustration are completely valid. 

Before ",0.054129130840301354,0.014356486546896599
"It is completely understandable to feel unsure about how to handle this. Imaginary friends are very common in childhood, and kids often create elaborate backstories for them, like being over 100 years old. It is also not unusual for children to find their imaginary friends annoying at times, as they use these characters to process feelings, practice social interactions, or assert boundaries. Since ""Bob"" isn't scaring or harming your child, this is likely a normal, creative developmental phase.

The best approach right now is to gently ask your child open-ended questions about Bob out of curiosity, without overly encouraging or dismissing him. Keep an eye on your child's overall mood and daily functioning. If ""Bob"" becomes distressing, or if your child starts showing other concerning behaviors, it is a good idea to consult your pediatrician or a child psychologist. They can help determine if this is just a vivid imagination or something that needs a little more support.","It is completely understandable to feel unsure about how to handle this. Imaginary friends are very common in childhood, and kids often create elaborate backstories for them, like being over 100 years old. It is also not unusual for children to find their imaginary friends annoying at times, as they",0.05058137893676751,0.010882688387153292
"It can be really confusing when a child invents elaborate and unusual stories like this. Children and adolescents sometimes make up bizarre tales for a variety of reasons. It could be a way to seek attention, test boundaries, or simply exercise a vivid imagination. Sometimes, creating shocking stories is a way for them to express underlying stress, complex emotions, or a desire for control, knowing it will get a reaction from you. 

To understand what is driving this, try asking her about the stories with gentle, non-judgmental curiosity rather than confronting the lie. You might ask where she got the idea or what she likes about the story. If this behavior is frequent, distressing, or accompanied by other changes in her mood or behavior, it could be very helpful to consult her pediatrician or a child mental health professional. They can help explore what might be going on beneath the surface and offer guidance on how to best support her.","It can be really confusing when a child invents elaborate and unusual stories like this. Children and adolescents sometimes make up bizarre tales for a variety of reasons. It could be a way to seek attention, test boundaries, or simply exercise a vivid imagination. Sometimes, creating shocking stori",0.08502936363220215,0.015075105438440439
"You are not being paranoid at all; it is completely understandable that you are worried. Sudden changes in memory, like forgetting the date or neglecting daily routines such as feeding pets, are significant signs that warrant attention. It shows how much you care about your friend that you are noticing these shifts in his behavior.

Because this is a new and unusual pattern for him, it is very important that he sees a healthcare professional as soon as possible. Sudden confusion or memory loss can be caused by a variety of underlying medical conditions that need to be evaluated by a doctor. If you feel comfortable, you might gently share your observations with him or a trusted family member, and offer to help him schedule or attend a medical appointment.","You are not being paranoid at all; it is completely understandable that you are worried. Sudden changes in memory, like forgetting the date or neglecting daily routines such as feeding pets, are significant signs that warrant attention. It shows how much you care about your friend that you are notic",0.05756951570510882,0.014367422865666125
"It is completely understandable to be worried about these sudden changes in your daughter. Her symptoms could point to a few different things. Staring off into space and being unresponsive to her name can sometimes be a medical issue, such as absence seizures, which are brief periods of lost awareness. At the same time, her shift from being outgoing to quiet and withdrawing from friends could indicate an emotional or psychological struggle, such as anxiety, depression, bullying, or a response to a stressful event. 

Because these changes are significant and involve both behavioral and potential physical symptoms, it is very important to have her evaluated by a pediatrician as soon as possible. A doctor can help rule out any medical conditions and guide you toward a child psychologist or counselor if the root cause is emotional. In the meantime, continue offering her a gentle, pressure-free environment so she knows you are there to support her whenever she is ready.","It is completely understandable to be worried about these sudden changes in your daughter. Her symptoms could point to a few different things. Staring off into space and being unresponsive to her name can sometimes be a medical issue, such as absence seizures, which are brief periods of lost awarene",0.0758369541168209,0.011361487714737249
"It is completely understandable to feel concerned about Laila's new imaginary friend, especially since she hasn't had one before. Starting a new school is a major transition, and children often find creative ways to cope with the stress, loneliness, or overwhelming feelings that come with it. Rather than a regression, creating ""Kendra"" might simply be Laila's way of navigating this big change, self-soothing, and practicing social interactions in a safe, controllable way. 

You might try gently asking Laila how she is feeling about her new school and classmates, focusing on her emotions rather than confronting her about Kendra's existence right away. Giving her a safe space to share her feelings can help her process this transition. If you notice other signs of distress, or if she seems disconnected from reality in other areas of her life, it could be very helpful to consult her pediatrician or a child counselor for professional guidance.","It is completely understandable to feel concerned about Laila's new imaginary friend, especially since she hasn't had one before. Starting a new school is a major transition, and children often find creative ways to cope with the stress, loneliness, or overwhelming feelings that come with it. Rather",0.06330055236816445,0.011433077974133819
"It is completely understandable that you are worried about your mother, especially with a family history of dementia. Alongside missing appointments and misplacing things, other signs to watch for include difficulty completing familiar daily tasks, sudden changes in mood or personality, confusion about time or place, and struggling to follow conversations. 

When talking to her, try to approach the conversation with gentle support rather than confrontation. Since she brushes these off as senior moments, it can help to frame a doctor's visit as a routine wellness check rather than a dementia screening. You might mention that you want to rule out other easily treatable causes for memory slips, such as vitamin deficiencies or medication side effects. Using ""I"" statements, like ""I love you and want to make sure we are staying on top of your health,"" can help her feel cared for instead of defensive. Offering to accompany her to a general checkup might be a comforting first step.","It is completely understandable that you are worried about your mother, especially with a family history of dementia. Alongside missing appointments and misplacing things, other signs to watch for include difficulty completing familiar daily tasks, sudden changes in mood or personality, confusion ab",0.05317323207855207,0.016973812209054577
"It is completely understandable to be worried when you notice such significant changes in your son's behavior. While teenagers often seek more privacy and can become withdrawn, spending hours talking and laughing to oneself can sometimes be an early sign of a mental health condition, such as schizophrenia. However, it could also be related to other factors, like being deeply engaged in online gaming with a headset, coping with stress, or simply daydreaming. 

Because it is difficult to distinguish between typical teenage behavior and symptoms of a mental health issue without a professional assessment, the best step is to consult a doctor. A pediatrician or a mental health specialist can provide a proper evaluation and help you understand exactly what he is experiencing. In the meantime, try to approach him gently and without judgment, letting him know that you are always there to support him.","It is completely understandable to be worried when you notice such significant changes in your son's behavior. While teenagers often seek more privacy and can become withdrawn, spending hours talking and laughing to oneself can sometimes be an early sign of a mental health condition, such as schizop",0.08876060724258439,0.01308871858651776
"It is completely understandable to feel unsure or concerned when you notice a coworker behaving this way. While talking to oneself or laughing randomly can sometimes be a sign of someone experiencing hallucinations or losing touch with reality, there are many other common explanations. He might be wearing a discreet Bluetooth earpiece, thinking out loud, replaying a funny memory, or simply managing stress and focus in his own way. 

Unless his behavior is disruptive, he seems distressed, or you feel unsafe, it is usually best to give him the benefit of the doubt and respect his space. However, if you are genuinely worried about his well-being or if his actions begin to impact the workplace, you might consider privately sharing your observations with a manager or HR representative. They are equipped to check in on him professionally and ensure he has support if he happens to need it.","It is completely understandable to feel unsure or concerned when you notice a coworker behaving this way. While talking to oneself or laughing randomly can sometimes be a sign of someone experiencing hallucinations or losing touch with reality, there are many other common explanations. He might be w",0.06068400382995609,0.013901969875502974
"It sounds exhausting to carry the weight of such high expectations in a demanding environment like grad school. It is very common for high achievers to feel overwhelmed when the workload increases. Your meticulous attention to detail—while a great strength—might be exactly what makes your work take longer than your peers'. Comparing your pace to others can add unnecessary stress, which ironically makes it even harder to concentrate.

To help with your attention, try breaking your work into smaller chunks using a timer, like focusing for 25 minutes followed by a short break. This can make daunting tasks feel less overwhelming. Additionally, it could be helpful to practice setting boundaries on your perfectionism by asking yourself if a task needs to be perfect or just ""good enough."" Remember to be kind to yourself; grad school is a marathon, and it is okay to adjust your pace and prioritize your well-being over meeting everyone else's expectations.",It sounds exhausting to carry the weight of such high expectations in a demanding environment like grad school. It is very common for high achievers to feel overwhelmed when the workload increases. Your meticulous attention to detail—while a great strength—might be exactly what makes your work take ,0.09786426544189464,0.014305722955657598
"It sounds incredibly stressful to navigate these challenges, and it is completely understandable that you are looking for the best way to support your daughter. The behaviors you mentioned—such as the intense struggles with potty training, her fascination with the mirror, and the feeling that she is looking through you rather than making eye contact—are very important observations. Since preschool hasn't eased these concerns, the most helpful next step is to share these specific details with her pediatrician.

A pediatrician can offer a developmental screening and may refer you to a pediatric occupational therapist or a developmental specialist. These professionals can help determine if there are underlying sensory processing differences or developmental delays contributing to her struggles. They can also provide you with tailored, gentle strategies to make milestones like potty training less distressing for both of you. You are doing a wonderful job advocating for her by paying such close attention to her unique needs.","It sounds incredibly stressful to navigate these challenges, and it is completely understandable that you are looking for the best way to support your daughter. The behaviors you mentioned—such as the intense struggles with potty training, her fascination with the mirror, and the feeling that she is",0.06637792348861682,0.011835080809352527
"It is understandable that you are concerned about your friend's sudden weight loss. While it is possible she might be taking a weight-loss medication and prefers to keep it private, unexplained weight loss can also be a sign of underlying medical issues, severe stress, or mental health struggles. Rather than assuming she is trying to trick anyone, she might just be dealing with something personal or medical that she isn't ready to share yet. 

The best approach is to check in with her from a place of care rather than suspicion. You could gently mention that you've noticed she has lost weight and ask how she is feeling overall. Let her know you are there to support her, whatever might be going on. Offering a safe, non-judgmental space will make it much easier for her to open up to you when she is ready.","It is understandable that you are concerned about your friend's sudden weight loss. While it is possible she might be taking a weight-loss medication and prefers to keep it private, unexplained weight loss can also be a sign of underlying medical issues, severe stress, or mental health struggles. Ra",0.04707033157348617,0.011167131584579501
"It sounds incredibly frustrating to experience those physical symptoms and feel like your concerns are being dismissed. When someone repeatedly invalidates your reality or tells you that your experiences are wrong, it can certainly feel like gaslighting, regardless of their intent. Your body is yours, and you are the expert on how you feel. 

While symptoms like fatigue, hair loss, and weight gain can sometimes be linked to depression, they are also very common signs of underlying medical conditions. It is important to trust your instincts and consult a healthcare professional who can run tests and give you a proper medical evaluation. You deserve to have your symptoms taken seriously and to get to the bottom of what you are experiencing, even if your husband doesn't agree. Please consider making an appointment with a doctor to advocate for your health and get the answers you need.","It sounds incredibly frustrating to experience those physical symptoms and feel like your concerns are being dismissed. When someone repeatedly invalidates your reality or tells you that your experiences are wrong, it can certainly feel like gaslighting, regardless of their intent. Your body is your",0.10340783357620253,0.01589816087958794
"Hearing your husband talking to someone else in a way that makes you uncomfortable can be incredibly distressing and confusing. Before approaching him, it can be helpful to take a few deep breaths and gather your thoughts so you can enter the conversation as calmly as possible. Choose a quiet, private moment when neither of you is distracted or rushing. 

When you bring it up, try using ""I"" statements to express your feelings without sounding immediately accusatory, which can often make people defensive. You might say something like, ""I heard you talking on the phone earlier, and it made me feel anxious. Can we talk about who you were speaking with?"" Listen carefully to his response and trust your instincts. If this conversation leads to a larger conflict or uncovers deeper trust issues in your marriage, reaching out to a couples counselor or an individual therapist can provide a safe, neutral space to navigate these difficult emotions.","Hearing your husband talking to someone else in a way that makes you uncomfortable can be incredibly distressing and confusing. Before approaching him, it can be helpful to take a few deep breaths and gather your thoughts so you can enter the conversation as calmly as possible. Choose a quiet, priva",-0.003791339397430704,0.014517200659177113
"It sounds like you are going through a stressful time, and it is completely understandable to be concerned about your husband's well-being. However, as an AI, I cannot diagnose mental health conditions like schizophrenia. Schizophrenia is a complex disorder that requires a thorough evaluation by a qualified psychiatrist or medical professional to accurately identify. 

If you are noticing concerning changes in his behavior, thoughts, or perception of reality, the best step is to gently encourage him to see a doctor. If he is hesitant, you might consider reaching out to a mental health professional or a local support organization yourself to get guidance on how to help him and how to support your own well-being during this difficult time. If you ever feel that he is in a crisis or poses an immediate danger to himself or others, please contact emergency services right away.","It sounds like you are going through a stressful time, and it is completely understandable to be concerned about your husband's well-being. However, as an AI, I cannot diagnose mental health conditions like schizophrenia. Schizophrenia is a complex disorder that requires a thorough evaluation by a q",0.06934410333633423,0.01025055594748469
"I hear how incredibly heavy and overwhelming things feel right now. It is completely understandable to feel exhausted when it seems like nothing is going right and you are carrying this burden alone. Please know that you are not alone in feeling this way, even if it seems like everyone else has it figured out. 

Because you mentioned wondering if things would be better if you weren't around, your safety is the most important thing right now. Please connect with free, confidential help by calling or texting 988 (the Suicide & Crisis Lifeline in the US and Canada) or texting HOME to 741741 to reach the Crisis Text Line. If you are outside North America, please contact your local emergency services or a crisis hotline immediately. There are people who want to listen and help you through this pain, so please reach out to them today. You do not have to go through this by yourself.","I hear how incredibly heavy and overwhelming things feel right now. It is completely understandable to feel exhausted when it seems like nothing is going right and you are carrying this burden alone. Please know that you are not alone in feeling this way, even if it seems like everyone else has it f",0.07838001489639268,0.011938691338697726
"There is nothing ""wrong"" with you, and you are definitely not alone in experiencing this. What you are describing sounds incredibly frustrating, and the guilt or regret that follows can be really heavy to carry. Many people struggle with feeling unable to stop eating or eating past the point of fullness. This pattern is often a natural response to stress, emotional challenges, or underlying physical factors, rather than a personal failure.

Because this cycle is causing you distress, it could be very helpful to speak with a healthcare provider or a mental health professional. A doctor or therapist can help you explore what might be triggering these episodes in a safe, non-judgmental space. They can work with you to understand your body's signals and help you build a more comfortable, peaceful relationship with food. Be gentle with yourself right now—acknowledging what you are going through is a brave first step.","There is nothing ""wrong"" with you, and you are definitely not alone in experiencing this. What you are describing sounds incredibly frustrating, and the guilt or regret that follows can be really heavy to carry. Many people struggle with feeling unable to stop eating or eating past the point of full",0.045454092025756676,0.01403689071155701
"I am so sorry you are hurting right now. Breakups are incredibly painful, and it is completely understandable to feel upset, no matter how long the relationship lasted. However, hearing that you are hitting yourself is very concerning. You do not deserve to be hurt by anyone, including yourself. Please consider reaching out to a crisis line right now, such as the Crisis Text Line by texting HOME to 741741 or calling 988. You deserve immediate support and safety. 

A relationship ending after a few weeks doesn't mean you are a failure or a bad girlfriend; it often just means the connection wasn't the right fit for that specific moment in time. It is so easy to blame yourself when you are heartbroken, but please try to show yourself the same kindness and patience you would offer a friend. You are worthy of care, and a short relationship ending does not mean there is anything wrong with you.","I am so sorry you are hurting right now. Breakups are incredibly painful, and it is completely understandable to feel upset, no matter how long the relationship lasted. However, hearing that you are hitting yourself is very concerning. You do not deserve to be hurt by anyone, including yourself. Ple",0.06185909032821657,0.01175905579861104
"It sounds incredibly exhausting to be caught in that cycle of anxiety and pulling. Please know that you are absolutely not a loser for struggling with this. Hair pulling in response to stress is a recognized condition that many people experience, and it is not a reflection of your willpower or character. It makes complete sense that feeling unable to stop causes you even more distress, but you don't deserve to carry that heavy burden of shame. 

Because this cycle is so hard to break on your own, reaching out to a mental health professional could be a really supportive next step. A therapist can help you explore the root of your anxiety and teach you gentle, effective strategies to manage the urge to pull. You deserve support and compassion as you navigate this, so please consider speaking with a doctor or counselor who can help you find relief.","It sounds incredibly exhausting to be caught in that cycle of anxiety and pulling. Please know that you are absolutely not a loser for struggling with this. Hair pulling in response to stress is a recognized condition that many people experience, and it is not a reflection of your willpower or chara",0.06363768577575701,0.010763116410936363
"I am so incredibly sorry you are going through this. Discovering a betrayal after eight years is devastating, and it is completely understandable that you are in immense pain. Please know that his choice to cheat is a reflection of him, not your worth, your beauty, or your body. You do not deserve to be treated this way, and comparing yourself to her will only deepen your heartbreak. 

While it is natural to want to numb such overwhelming feelings, drinking a bottle of wine a night is not a safe or healthy way to cope. Alcohol might offer temporary relief, but it often worsens depression and anxiety over time. You deserve genuine support and healing, not just a temporary escape. Please consider reaching out to a trusted friend, family member, or a counselor who can help you navigate this grief. If you feel overwhelmed and need support regarding your drinking or emotional distress, you can reach out to the SAMHSA National Helpline at 1-800-662-4357.","I am so incredibly sorry you are going through this. Discovering a betrayal after eight years is devastating, and it is completely understandable that you are in immense pain. Please know that his choice to cheat is a reflection of him, not your worth, your beauty, or your body. You do not deserve t",0.08289292335510279,0.01160316723389223
"It sounds like you are going through a really painful time. Turning forty can bring up heavy emotions, especially when your life doesn't look the way you hoped and you are feeling the weight of being single. It is completely understandable to feel disappointed and to look for ways to escape those feelings. 

However, your current coping methods are putting your health at serious risk. While the pill prevents pregnancy, it does not protect against sexually transmitted infections. Unfortunately, asking someone if they are disease-free is not reliable, as many people carry infections without knowing it. Please consider reaching out to a healthcare provider to get tested and to discuss your sexual health. It could also be very helpful to speak with a therapist who can support you in navigating these difficult feelings about your life and help you find safer ways to cope. You deserve to feel safe, healthy, and to find genuine happiness.","It sounds like you are going through a really painful time. Turning forty can bring up heavy emotions, especially when your life doesn't look the way you hoped and you are feeling the weight of being single. It is completely understandable to feel disappointed and to look for ways to escape those fe",0.07060228109359734,0.011997159950273995
"It is completely understandable to feel overwhelmed when you are constantly worried and upset. What you are describing sounds a lot like anxiety, and while it is very common for people to struggle with these feelings, that doesn't mean you have to just put up with it. It must be especially frustrating and lonely to feel like your mom isn't taking your distress seriously. 

Even if your mom isn't ready to help right now, there are other ways to find support. Consider reaching out to a school counselor, a teacher, or another trusted adult who can listen and help you figure out the next steps. You can also contact free, confidential resources like the Crisis Text Line by texting HOME to 741741 to talk to someone right away. You deserve to feel safe and supported, and taking that step to talk to someone else can make a big difference.","It is completely understandable to feel overwhelmed when you are constantly worried and upset. What you are describing sounds a lot like anxiety, and while it is very common for people to struggle with these feelings, that doesn't mean you have to just put up with it. It must be especially frustrati",0.05736723661422749,0.012621228111772978
"It sounds incredibly frustrating to deal with racing thoughts and struggle to focus all day. While everyone gets distracted sometimes, having so many thoughts that it constantly disrupts your day isn't something you just have to force yourself to ""deal with."" Because I am an AI, I cannot diagnose you with ADHD, but the overwhelming feelings you are describing are very real and definitely worth exploring further. You deserve support when your brain feels this exhausting. 

Since your teacher noticed your struggles, they might be a great person to talk to again. You could also reach out to a school counselor or a doctor. They can help you figure out exactly what is going on and might even be able to help explain it to your dad. You don't have to figure this out all on your own, and whether it is ADHD or something else, there are tools and strategies that can help make things easier for you.","It sounds incredibly frustrating to deal with racing thoughts and struggle to focus all day. While everyone gets distracted sometimes, having so many thoughts that it constantly disrupts your day isn't something you just have to force yourself to ""deal with."" Because I am an AI, I cannot diagnose yo",0.07403464794158943,0.012670753042828609
"It sounds incredibly exhausting to carry that much pressure on your shoulders. What you are describing—staying awake for days and crying over grades—sounds like severe perfectionism and anxiety, not a personal failure. College is a high-stress environment, and while it might look like everyone else is handling it perfectly, many students silently struggle with similar overwhelming expectations. You are not broken for feeling this way, but you are pushing your mind and body past their limits. 

Going days without sleep takes a massive toll on your mental and physical health, which actually makes everything feel even harder to manage. Please consider reaching out to your college's counseling center or student health services. They are very familiar with these struggles and can help you develop strategies to manage this intense pressure. In the meantime, try to give yourself permission to prioritize rest over perfection. Your health and well-being are far more important than any grade.","It sounds incredibly exhausting to carry that much pressure on your shoulders. What you are describing—staying awake for days and crying over grades—sounds like severe perfectionism and anxiety, not a personal failure. College is a high-stress environment, and while it might look like everyone else ",0.0907064867019658,0.01300263205880876
"You are not being dramatic. It is very common to minimize our own pain by comparing it to what others have experienced, but trauma and distress are not a competition. Your feelings are completely valid, regardless of how your experiences measure up to someone else's. The fact that you are having flashbacks and constant intrusive thoughts shows that whatever you went through had a profound impact on you, and your mind is still trying to process it. 

Feeling stuck in the past is incredibly exhausting, and you don't have to navigate this alone. Because flashbacks can be so overwhelming, it could be very helpful to speak with a mental health professional. They can help you understand why your brain is holding onto these memories and provide tools to help you find relief and move forward. Your pain deserves care and attention, no matter what caused it.","You are not being dramatic. It is very common to minimize our own pain by comparing it to what others have experienced, but trauma and distress are not a competition. Your feelings are completely valid, regardless of how your experiences measure up to someone else's. The fact that you are having fla",0.07105268716812141,0.010163022109054237
"It sounds like you are carrying an overwhelming amount of stress right now, and it is completely understandable that you are feeling distressed. Please know that you are not a ""freak."" Hair pulling, especially during times of intense anxiety, is actually a recognized behavior that many people experience as a way to cope with overwhelming feelings. It is not a sign that you are losing your mind, but rather a signal that your stress levels have reached a point where you might need some extra support. 

It is absolutely not too much to hope to feel like yourself again. Because this behavior can be difficult to stop on your own, reaching out to a school counselor, doctor, or mental health professional could be incredibly helpful. They can work with you to find gentle, effective ways to manage your stress and reduce the urge to pull. You do not have to navigate this alone, and there is a lot of hope for finding relief.","It sounds like you are carrying an overwhelming amount of stress right now, and it is completely understandable that you are feeling distressed. Please know that you are not a ""freak."" Hair pulling, especially during times of intense anxiety, is actually a recognized behavior that many people experi",0.06971036434173561,0.011195466749844292
"There is absolutely nothing wrong with just being normal! Navigating a new high school is tough enough without feeling like you have to force yourself into a specific box or label just to find a place to sit at lunch. It is completely understandable that an intense clique culture feels overwhelming and restrictive. 

Starting ""The Normal Ones"" sounds like a fantastic and refreshing idea. Chances are, there are plenty of other students at your school who feel exactly the same way you do—caught in the middle and just wanting to hang out without a strict group identity. Staying true to yourself is the best way to attract genuine friends who appreciate you for who you are, rather than what clique you belong to. Keep embracing your own path; you might just create the most welcoming group in the whole school.",There is absolutely nothing wrong with just being normal! Navigating a new high school is tough enough without feeling like you have to force yourself into a specific box or label just to find a place to sit at lunch. It is completely understandable that an intense clique culture feels overwhelming ,0.052714910507202006,0.014103505722913143
"It is completely understandable to feel frustrated when you make a mistake, and you are not ""weird"" for reacting this way. Many people struggle with intense self-criticism and feel overwhelmed by anger at themselves. However, hitting yourself or pulling your hair is a form of self-harm. This indicates that your emotional pain is very high right now, and you deserve support to find safer, gentler ways to cope with those feelings. 

Because you are hurting yourself, please consider reaching out for immediate support. You can text HOME to 741741 to reach the Crisis Text Line, or call or text 988 to reach the Suicide & Crisis Lifeline. Speaking with a mental health professional can also be incredibly helpful in learning how to be kinder to yourself when things go wrong. You don't have to carry this heavy burden of frustration all on your own.","It is completely understandable to feel frustrated when you make a mistake, and you are not ""weird"" for reacting this way. Many people struggle with intense self-criticism and feel overwhelmed by anger at themselves. However, hitting yourself or pulling your hair is a form of self-harm. This indicat",0.04759872913360619,0.011996142735667601
"It is completely understandable to feel confused when your internal experience doesn't match your external life. What you are describing is actually very common. Many people project confidence and happiness on the outside while secretly struggling with similar feelings of emptiness or feeling like a ""fake."" Mental well-being isn't just about having a good life on paper; it is a complex internal experience, and it is valid to feel disconnected or numb even when things seem fine from the outside. 

Carrying that sense of emptiness and the pressure of comparing yourself to others can be incredibly exhausting. You don't have to navigate this heavy burden alone. Speaking with a mental health professional could be a safe and helpful way to explore why you are feeling this way and to find ways to reconnect with a sense of meaning and authenticity.",It is completely understandable to feel confused when your internal experience doesn't match your external life. What you are describing is actually very common. Many people project confidence and happiness on the outside while secretly struggling with similar feelings of emptiness or feeling like a,0.06690662860870322,0.014153021023852035
"It is completely normal to be curious about sexuality at your age, and many people start exploring these topics in middle school. However, feeling guilty often happens when we know we are crossing a boundary set by the people who care about us. Your parents' rules are likely there to protect you, as some online videos can be overwhelming or give an unrealistic picture of relationships. While your curiosity itself isn't wrong, sneaking around can make that heavy feeling of guilt much worse. 

You don't need to feel ashamed of wanting to learn, but it is important to be safe online. If you have questions about growing up or relationships, consider talking to a trusted adult, like a school counselor, a health teacher, or an older family member. They can help you find age-appropriate, accurate information so you can understand your feelings without the stress of hiding things.","It is completely normal to be curious about sexuality at your age, and many people start exploring these topics in middle school. However, feeling guilty often happens when we know we are crossing a boundary set by the people who care about us. Your parents' rules are likely there to protect you, as",0.059227852821350346,0.011663071016601799
"It is completely okay that you don't feel a strong emotional reaction to your parents' divorce. Everyone processes big family changes differently, and feeling indifferent is a valid response. It makes sense that you find it frustrating to be pushed into counseling when they are the ones still arguing.

If you decide to go just to keep the peace, remember that therapy doesn't have to be about the divorce. You could use that time to talk about how stressful their fighting is, or just focus on your own life, school, and goals. However, if you really don't want to go, having an honest conversation might be better than using homework as an excuse. You could calmly explain that you have already processed your feelings, but that their ongoing arguments are what actually bothers you. Ultimately, counseling works best when you want to be there, but it could also just serve as a private space to vent about their behavior.","It is completely okay that you don't feel a strong emotional reaction to your parents' divorce. Everyone processes big family changes differently, and feeling indifferent is a valid response. It makes sense that you find it frustrating to be pushed into counseling when they are the ones still arguin",0.061578898429870854,0.01345775936100376
"First, please know that grieving the loss of your independence does not make you a bad person, nor does it mean you don't love your baby. Becoming a mother is a massive life transition. Many new moms struggle silently with these exact feelings of losing their identity, even when it seems like everyone else is perfectly happy. What you are experiencing is a very common and valid part of the postpartum period, not just ""complaining.""

Since your husband is supportive, consider sharing these feelings with him so he can help you carve out time just for yourself. It is also incredibly helpful to mention this to your doctor or a mental health professional. Postpartum emotions can be overwhelming, and a professional can offer support to help you navigate this huge transition, ease that heavy guilt, and help you rediscover the parts of yourself you feel you have lost.","First, please know that grieving the loss of your independence does not make you a bad person, nor does it mean you don't love your baby. Becoming a mother is a massive life transition. Many new moms struggle silently with these exact feelings of losing their identity, even when it seems like everyo",0.03436094522476196,0.010787660815705695
"It is completely understandable that you are feeling disheartened. When it seems like everyone around you is hitting romantic milestones, it is easy to feel left behind and wonder if something is wrong. Please know that there is absolutely nothing wrong with you. Society puts an immense amount of pressure on us to follow a specific timeline, but everyone’s life unfolds at its own pace. Being in your mid-20s and never having had a boyfriend does not mean you are unlovable or that you will never find a partner. 

Many people experience their first serious relationship later in life, even if it doesn't look that way on social media. Try to be gentle with yourself and avoid comparing your journey to others. Your worth is not defined by your relationship status. Focus on nurturing your own interests, friendships, and personal growth. You are building a full, rich life, which is a beautiful foundation for whenever a relationship does come along.","It is completely understandable that you are feeling disheartened. When it seems like everyone around you is hitting romantic milestones, it is easy to feel left behind and wonder if something is wrong. Please know that there is absolutely nothing wrong with you. Society puts an immense amount of pr",0.061022791862487935,0.011637301387251747
"It is completely understandable to feel pressure about your body and want to change how you look, especially with so many unrealistic standards out there. However, trying to lose weight ""fast"" can be very dangerous, particularly for a growing body. Rapid weight loss methods can lead to serious health complications and negatively impact your physical and mental development. 

Instead of focusing on getting skinny quickly, it is much safer to focus on overall well-being and feeling strong. Because you are underage, the best and most accessible step is to talk to a trusted adult, like a parent, school counselor, or a doctor. A healthcare professional can help you understand what a healthy body looks like for your specific age and growth stage, and they can support you in building safe, balanced habits that nourish your body rather than harm it.","It is completely understandable to feel pressure about your body and want to change how you look, especially with so many unrealistic standards out there. However, trying to lose weight ""fast"" can be very dangerous, particularly for a growing body. Rapid weight loss methods can lead to serious healt",0.028514835834502872,0.01157706135487219
"It takes courage to reach out about this. Struggling with self-esteem and body image is incredibly common, but it is also very painful to feel like you do not like yourself. A great place to start finding help is by reaching out to a licensed therapist or counselor, particularly one who specializes in Cognitive Behavioral Therapy (CBT) or body image issues. You can find professionals through online mental health directories, or by asking your primary care doctor for a referral. Support groups can also connect you with others facing similar challenges so you do not feel so alone.

In the meantime, try practicing self-compassion. When you notice negative thoughts about your image, gently ask yourself if you would speak to a friend that way. Focusing on what your body can do rather than just how it looks, and limiting time on social media accounts that make you feel inadequate, can also be helpful first steps toward building a kinder relationship with yourself.","It takes courage to reach out about this. Struggling with self-esteem and body image is incredibly common, but it is also very painful to feel like you do not like yourself. A great place to start finding help is by reaching out to a licensed therapist or counselor, particularly one who specializes ",0.07140070676803623,0.014641387822894451
"It sounds incredibly exhausting to carry that weight of anxiety with you everywhere you go, whether you are at school, at home, or with friends. Please know that you are not alone in feeling this way, and it is completely okay to seek support to find some relief.

When anxiety feels overwhelming, practicing grounding techniques can sometimes help bring your focus back to the present. Taking slow, deep breaths or focusing on specific things you can see and hear around you can help signal to your body that you are safe. Because this anxiety is affecting so many areas of your life, reaching out to a school counselor, a doctor, or a mental health professional could be a very helpful next step. They can work with you to understand what is driving the anxiety and help you build personalized strategies to feel more at ease.","It sounds incredibly exhausting to carry that weight of anxiety with you everywhere you go, whether you are at school, at home, or with friends. Please know that you are not alone in feeling this way, and it is completely okay to seek support to find some relief.

When anxiety feels overwhelming, pr",0.031289067268371884,0.014615015134808128
"I'm so sorry you're dealing with this heavy weight. It is completely understandable that feeling depressed makes it incredibly hard to go to work or find the energy for daily tasks. When everything feels overwhelming, try focusing on very small, manageable steps rather than the whole day. Sometimes just getting out of bed, taking a shower, or drinking a glass of water is a victory worth acknowledging. Being gentle with yourself and lowering your expectations during this difficult time can help reduce the pressure you might be feeling.

Because this is impacting your ability to work and go about your life, reaching out to a mental health professional or a doctor is a very important step. They can provide a safe space to talk and help you explore treatments like therapy or medication tailored to your needs. You don't have to carry this burden alone, and professional support can be a vital tool in helping you gradually regain your energy and well-being.","I'm so sorry you're dealing with this heavy weight. It is completely understandable that feeling depressed makes it incredibly hard to go to work or find the energy for daily tasks. When everything feels overwhelming, try focusing on very small, manageable steps rather than the whole day. Sometimes ",0.06236643314361556,0.013919118191539548
"Managing depression can be really challenging, and it is incredibly brave of you to look for ways to support yourself. Often, starting with very small, manageable steps is the best approach. Setting a gentle daily routine—like waking up at the same time, drinking a glass of water, or getting a few minutes of sunlight—can help build a foundation without feeling overwhelming. It is also important to practice self-compassion and allow yourself grace on the harder days when just getting by is enough. 

Since depression can be heavy to carry alone, reaching out to a mental health professional or a doctor can make a big difference. They can help you build a personalized toolkit of coping strategies, which might include therapy or other treatments tailored to your specific needs. You don't have to navigate this by yourself.","Managing depression can be really challenging, and it is incredibly brave of you to look for ways to support yourself. Often, starting with very small, manageable steps is the best approach. Setting a gentle daily routine—like waking up at the same time, drinking a glass of water, or getting a few m",0.011376535892486661,0.011873026132428072
"Feeling lightheaded and nervous before speaking in front of a group is incredibly common. When anxiety kicks in, our bodies often react with shallow breathing, which can easily cause that dizzy sensation. One of the most effective ways to manage this in the moment is to focus on your breathing. Try taking slow, deep breaths from your belly rather than your chest. Inhaling deeply for a count of four and exhaling slowly can help regulate your oxygen levels and signal to your nervous system to calm down.

Along with deep breathing, grounding techniques can help keep you centered. Try pressing your feet firmly into the floor or holding onto a podium to give yourself a physical anchor. It can also help to practice your speech in front of a small, trusted friend group to build your confidence gradually. Remember to be patient with yourself; managing public speaking anxiety takes time, and it is completely okay to take a brief pause during your presentation to catch your breath.","Feeling lightheaded and nervous before speaking in front of a group is incredibly common. When anxiety kicks in, our bodies often react with shallow breathing, which can easily cause that dizzy sensation. One of the most effective ways to manage this in the moment is to focus on your breathing. Try ",0.06364208221435552,0.015528134686903764
"It is completely understandable that you are looking for answers, especially since the pandemic disrupted so many routines and made focusing much harder for a lot of people. While reading about adult ADHD is a helpful starting point, the best way to know for sure is to speak with a healthcare professional. They can evaluate your symptoms, rule out other causes like pandemic-related burnout, and provide an accurate diagnosis.

In the meantime, there are a few gentle strategies you can try to help with procrastination. Breaking your work down into very small, manageable steps can make tasks feel less overwhelming. You might also try using a timer to work for just 15 or 20 minutes at a time, followed by a short break, which can help build momentum. Be kind to yourself as you navigate this. Rebuilding focus takes time, and reaching out to a professional can give you the personalized tools you need to move forward.","It is completely understandable that you are looking for answers, especially since the pandemic disrupted so many routines and made focusing much harder for a lot of people. While reading about adult ADHD is a helpful starting point, the best way to know for sure is to speak with a healthcare profes",0.029513654708861914,0.014501556887379561
"It takes a lot of courage to reach out for help, especially when past experiences with therapy have been disappointing. It is completely understandable to feel hesitant about trying it again when it didn't work for your PTSD four years ago. Healing is not a one-size-fits-all process, and it is okay that your previous experience wasn't the right fit.

Since traditional talk therapy didn't feel helpful, you might want to explore specialized trauma approaches like EMDR (Eye Movement Desensitization and Reprocessing) or somatic experiencing, which focus more on how the body processes trauma rather than just talking. Support groups can also connect you with others who truly understand what you are going through. Reaching out to a primary care doctor could be another good starting point to discuss alternative treatments, medications, or local resources. Please don't give up on finding the support that works best for you.","It takes a lot of courage to reach out for help, especially when past experiences with therapy have been disappointing. It is completely understandable to feel hesitant about trying it again when it didn't work for your PTSD four years ago. Healing is not a one-size-fits-all process, and it is okay ",0.0357146286964416,0.009923014288037112
"It is clear you care deeply about your student's well-being, and it is wonderful that you are paying such close attention to their mental health. However, I am an AI assistant, not a human therapist or counselor. I do not have clients, access to patient records, or the ability to contact anyone's family. 

If you are concerned about this student's anxiety and distress tolerance, I encourage you to share your observations directly with the school counselor, the school psychologist, or the student's parents. If you are trying to reach a specific outside therapist, you will need to contact their office directly through the appropriate channels. Please keep in mind that a healthcare provider will typically need a signed release of information from the parents to discuss a student's care or treatment plan with a teacher.","It is clear you care deeply about your student's well-being, and it is wonderful that you are paying such close attention to their mental health. However, I am an AI assistant, not a human therapist or counselor. I do not have clients, access to patient records, or the ability to contact anyone's fa",0.0810120964050296,0.012707782184164336
"I am so sorry your child is experiencing depression and suicidal thoughts. Because they are having thoughts of suicide, please prioritize their immediate safety by contacting emergency services or a crisis line right away. In the US and Canada, you can call or text 988 to reach the Suicide & Crisis Lifeline, or go to the nearest emergency room for immediate support. 

It is completely understandable that your own negative experience with Zoloft makes you hesitant about medication for your child. However, psychiatric medications are not one-size-fits-all, and there are many different types of antidepressants available besides Zoloft. Rather than ruling out medication entirely, it is best to discuss your concerns openly with a pediatric psychiatrist or doctor. They can explain alternative medications, evidence-based therapies, and help create a safe, tailored treatment plan that respects your worries while getting your child the urgent professional support they need.","I am so sorry your child is experiencing depression and suicidal thoughts. Because they are having thoughts of suicide, please prioritize their immediate safety by contacting emergency services or a crisis line right away. In the US and Canada, you can call or text 988 to reach the Suicide & Crisis ",0.04796802520751964,0.012773215461545888
"It is encouraging to hear that your mood has improved after TMS, but it is completely understandable to feel frustrated that your energy and motivation haven't caught up yet. It is actually quite common for the physical and cognitive symptoms of depression, like fatigue and low motivation, to take a little longer to resolve even after the emotional heaviness starts to lift. 

To address these lingering symptoms, a great next step is to discuss them with your psychiatrist or doctor. They might suggest adjusting current medications, checking for underlying physical factors like vitamin deficiencies, or exploring therapies like Cognitive Behavioral Therapy. Specifically, a technique called behavioral activation can be very helpful for gently rebuilding routines and motivation. In the meantime, try to be patient with yourself. Focus on setting very small, manageable goals each day and celebrate those minor victories while your brain and body continue to heal.","It is encouraging to hear that your mood has improved after TMS, but it is completely understandable to feel frustrated that your energy and motivation haven't caught up yet. It is actually quite common for the physical and cognitive symptoms of depression, like fatigue and low motivation, to take a",0.07347939729690589,0.012866952726764833
"Hearing voices that tell you to do things you don't want to do can be incredibly frightening and overwhelming. Please know that you are not alone, and this is a symptom that medical professionals are highly trained to help you manage. Because these voices are distressing and commanding you to do things against your will, it is very important to get support right away to keep yourself safe. 

Please reach out to a healthcare professional, go to the nearest emergency room, or contact a crisis line immediately. If you are in the US or Canada, you can call or text 988 to reach the Suicide & Crisis Lifeline, or call 911 if you feel you are in immediate danger. A doctor or mental health professional can work with you to find the right treatment to quiet these voices and help you feel in control again. You deserve to feel safe and at peace.","Hearing voices that tell you to do things you don't want to do can be incredibly frightening and overwhelming. Please know that you are not alone, and this is a symptom that medical professionals are highly trained to help you manage. Because these voices are distressing and commanding you to do thi",0.026231420040130793,0.015668176701215373
"It sounds incredibly frustrating to put in so much effort at the gym and with your diet, only to feel like you aren't seeing the results you want. It is completely understandable that you are exploring new options after a difficult winter. 

Because weight management involves both physical and emotional factors, talk therapy and medical support often work well together rather than being an either-or choice. Therapy is wonderful for exploring your relationship with food and the emotional toll of dieting. However, I cannot give medical advice or determine if a weight-loss medication is right for your specific history. The best step is to have an open conversation with your primary care doctor. They can evaluate your health, explain how these new prescriptions work, and help you decide if combining medical support with your ongoing therapy and gym routine is the safest and most effective path forward for you.","It sounds incredibly frustrating to put in so much effort at the gym and with your diet, only to feel like you aren't seeing the results you want. It is completely understandable that you are exploring new options after a difficult winter. 

Because weight management involves both physical and emoti",0.036762356758117676,0.013345205223969809
"It is wonderful to hear that counseling has helped you build your self-esteem and reduce self-blame. Recognizing your progress is a huge step forward. Since you already have a supportive foundation with your counselor, bringing up your goal to cut down on or stop drinking is one of the most effective things you can do right now. They can help you identify the specific triggers or emotions that lead to your monthly binges and create a personalized plan to manage them.

While it is natural to want a quick fix, getting sober is often a gradual process of building new coping skills. In the short term, try tracking what happens right before a binge—such as specific stressors, environments, or social situations—so you can start avoiding or preparing for those moments. Please also remember that changing your alcohol intake can sometimes have physical effects, so it is always a good idea to consult a doctor or an addiction specialist to ensure you are cutting back safely.","It is wonderful to hear that counseling has helped you build your self-esteem and reduce self-blame. Recognizing your progress is a huge step forward. Since you already have a supportive foundation with your counselor, bringing up your goal to cut down on or stop drinking is one of the most effectiv",0.061175751686096014,0.012521753753385859
"It can be incredibly frustrating and exhausting when you have recently been diagnosed with generalized anxiety disorder and feel like nothing you are trying is bringing relief. It is completely valid to want to find a treatment that actually helps you feel better. 

Because everyone responds differently to anxiety treatments, it is a great idea to have an honest conversation with your doctor about how you are feeling. While I cannot recommend specific medications, you can absolutely tell your doctor that your current plan isn't working and ask about other options. They can discuss the benefits and risks of different medications, as well as potential therapy adjustments. Working together with your healthcare provider is the best way to find a safe and effective treatment plan tailored to your specific needs.","It can be incredibly frustrating and exhausting when you have recently been diagnosed with generalized anxiety disorder and feel like nothing you are trying is bringing relief. It is completely valid to want to find a treatment that actually helps you feel better. 

Because everyone responds differe",0.06111907720565757,0.014147623456310354
"I'm so sorry you've been dealing with this heavy depression and struggling to get out of bed. It is completely understandable that you feel frustrated with therapy if it hasn't worked for you in the past, and it makes sense that you are looking for other ways to find relief. 

Because I am an AI, I cannot recommend or prescribe specific medications. Finding the right medication depends on many personal factors, including your medical history, genetics, and specific symptoms. Reaching out to a psychiatrist or your primary care doctor is the best next step. They can listen to your experiences, respect your boundaries regarding therapy, and work with you to explore medication options that might help lift this heavy weight. You don't have to figure this out all on your own, and a medical professional can help guide you toward a treatment that fits your needs.","I'm so sorry you've been dealing with this heavy depression and struggling to get out of bed. It is completely understandable that you feel frustrated with therapy if it hasn't worked for you in the past, and it makes sense that you are looking for other ways to find relief. 

Because I am an AI, I ",0.032442688941955566,0.009478235879734937
"It sounds incredibly exhausting to keep up with such boundless energy, and it is completely understandable that you are looking for ways to help him burn it off so your family can get some rest. You aren't ""wrong"" for wanting him to have a healthy physical outlet and a reasonable bedtime; parenting a high-energy child is a very real challenge, and you are just trying to find a balance that works for everyone. 

However, since he isn't enjoying traditional team sports like basketball, it might be worth exploring other active outlets that align better with his unique rhythm. Activities like martial arts, swimming, indoor rock climbing, or even unstructured play at a trampoline park might feel less like a chore to him while still giving you that much-needed quiet evening. If his energy levels are consistently impacting his sleep and daily life, it could also be helpful to mention this to his pediatrician, who might have additional strategies to help his body wind down at night.","It sounds incredibly exhausting to keep up with such boundless energy, and it is completely understandable that you are looking for ways to help him burn it off so your family can get some rest. You aren't ""wrong"" for wanting him to have a healthy physical outlet and a reasonable bedtime; parenting ",0.0758846211433406,0.010887092008232613
"It sounds incredibly stressful to feel like you never know what mood your wife will be in when you get home. It is completely understandable that her recent escalation in mood swings and sudden impulsive behaviors, like dyeing her hair out of the blue, have you concerned for her well-being. 

Since these mood changes are becoming more frequent and severe, the most effective step is to encourage her to see a healthcare professional. A doctor or a psychiatrist can provide a proper evaluation to understand what is causing these shifts and recommend appropriate support, which might include therapy or medication to help stabilize her moods. Try having a gentle, non-judgmental conversation with her during a calm moment. You can express your love and concern for her health, and offer to help her find a professional or even accompany her to the appointment if she feels comfortable with that.","It sounds incredibly stressful to feel like you never know what mood your wife will be in when you get home. It is completely understandable that her recent escalation in mood swings and sudden impulsive behaviors, like dyeing her hair out of the blue, have you concerned for her well-being. 

Since ",0.06538465738296484,0.013952645930292613
"It takes a lot of courage to share what you are going through, and it is completely understandable that dealing with incontinence is causing you so much anxiety and embarrassment. Please know that you are not alone in this; it is a very common condition, even though people rarely talk about it. The fear that others can see or smell your protective garments is a heavy burden, but often our anxiety magnifies these worries far beyond what anyone else actually notices. 

Because this is impacting your social life and intimacy so deeply, reaching out to a healthcare professional, like a urologist or a pelvic floor physical therapist, is a great next step. There are many treatments, exercises, and medications available that go beyond just managing the symptoms with garments. Additionally, speaking with a mental health counselor could help you navigate the anxiety and rebuild your confidence, so you can start feeling comfortable connecting with others again.","It takes a lot of courage to share what you are going through, and it is completely understandable that dealing with incontinence is causing you so much anxiety and embarrassment. Please know that you are not alone in this; it is a very common condition, even though people rarely talk about it. The ",0.04469755411148091,0.010096304473438554
"It sounds incredibly frustrating to finally find a medication that helps your depression, only to deal with side effects severe enough to keep you from working. It makes complete sense that you are hesitant to bring this up with your doctor because you don't want to lose the mental health relief you've found. 

However, it is very important that you share this with your prescribing doctor. Tremors that interfere with your daily life are a significant side effect that needs medical attention. Please know that telling your doctor doesn't automatically mean you will lose the benefits of your treatment. Doctors often have several ways to help manage severe side effects, such as adjusting your dosage, prescribing something to counteract the tremors, or finding a similar medication that works just as well for your depression without causing this reaction. You deserve to feel mentally well without sacrificing your physical ability to work and function.","It sounds incredibly frustrating to finally find a medication that helps your depression, only to deal with side effects severe enough to keep you from working. It makes complete sense that you are hesitant to bring this up with your doctor because you don't want to lose the mental health relief you",0.07357874155044541,0.012314625353611984
"Getting stuck in a loop of repetitive thoughts, often called rumination, can be incredibly exhausting. When you find yourself caught in this cycle, it helps to gently break your focus by engaging your senses in the present moment. Try a grounding exercise, like splashing cold water on your face or naming five things you can see around you. Shifting your attention to a physical activity, like going for a brisk walk, can also give your brain a much-needed break. 

Another helpful strategy is to write the thought down. Putting it on paper can signal to your brain that the concern is safely recorded and no longer needs to be constantly reviewed. If these repetitive thoughts are causing significant distress or interfering with your daily life, consider reaching out to a mental health professional. They can help you explore the root of these thoughts and teach you personalized techniques to manage them.","Getting stuck in a loop of repetitive thoughts, often called rumination, can be incredibly exhausting. When you find yourself caught in this cycle, it helps to gently break your focus by engaging your senses in the present moment. Try a grounding exercise, like splashing cold water on your face or n",-0.0015847063064575728,0.01371400516209903
"When anxiety feels overwhelming and your thoughts are racing, wanting immediate relief is completely understandable. One of the fastest ways to signal safety to your brain is through your breath. Try inhaling slowly through your nose for four seconds, holding for four, and exhaling through your mouth for six seconds. Repeating this can help slow your heart rate. Another quick physical reset is splashing cold water on your face or holding a piece of ice, which can help interrupt the anxiety loop. 

You can also try grounding yourself to pull your focus away from your racing mind and into the present room. Look around and name five things you can see, four things you can feel, three things you can hear, two things you can smell, and one thing you can taste. Please remember to be gentle with yourself right now. Fighting the thoughts often makes them louder, so just focus on anchoring your body in the present moment until the wave of anxiety passes.","When anxiety feels overwhelming and your thoughts are racing, wanting immediate relief is completely understandable. One of the fastest ways to signal safety to your brain is through your breath. Try inhaling slowly through your nose for four seconds, holding for four, and exhaling through your mout",0.02216178894042997,0.015093700952244873
"It takes a lot of courage to acknowledge how your past has impacted you and to decide that you want to move forward. Healing from childhood trauma is absolutely possible, though it is often a gradual journey rather than a quick fix. You do not have to let your past define your future, and you don't have to carry this heavy burden alone.

Many people find that working with a mental health professional, especially one who specializes in trauma, can be incredibly helpful. Approaches like trauma-focused therapy, EMDR, or somatic experiencing are specifically designed to help process difficult memories so they no longer drag you down. In the meantime, please be gentle with yourself and recognize that wanting to heal is a profound and powerful first step toward reclaiming your peace.","It takes a lot of courage to acknowledge how your past has impacted you and to decide that you want to move forward. Healing from childhood trauma is absolutely possible, though it is often a gradual journey rather than a quick fix. You do not have to let your past define your future, and you don't ",0.07231686353683431,0.010048417083044233
"Seeking more meaning in your daily life is a wonderful and deeply human pursuit. Often, meaning isn't found in grand gestures, but in how we connect with the small moments of our day. You might start by reflecting on your core values—what brings you a sense of peace, joy, or purpose? Once you identify those, try weaving tiny actions aligned with them into your routine. This could be as simple as spending five minutes enjoying your morning coffee without distractions, reaching out to a friend, or dedicating a little time to a hobby you love.

Another helpful approach is practicing gratitude and mindfulness. Taking a moment each evening to note one or two things that felt meaningful or brought you a spark of joy can gradually shift your perspective. Remember that finding meaning is a personal journey and a practice, not a destination. Be patient with yourself as you explore what truly resonates with you and makes your days feel more fulfilling.","Seeking more meaning in your daily life is a wonderful and deeply human pursuit. Often, meaning isn't found in grand gestures, but in how we connect with the small moments of our day. You might start by reflecting on your core values—what brings you a sense of peace, joy, or purpose? Once you identi",0.01310203552246092,0.015681181617919267
"It is wonderful that you have the self-awareness to recognize this pattern and the motivation to change it. Shifting away from a negative mindset is absolutely possible, but it takes time, so try to be gentle with yourself. Our brains are often wired to focus on the negative as a protective mechanism, meaning you are working to unlearn a very natural habit. 

A great first step is simply noticing your negative thoughts without judging yourself for having them. When you catch a negative thought, see if you can gently challenge it or find one small, neutral alternative. You might also try ending your day by writing down just one positive or even just ""okay"" thing that happened, no matter how tiny. Over time, these small shifts can help retrain your brain to notice the good alongside the bad. If this negativity ever feels too heavy to manage on your own, speaking with a counselor could also provide you with helpful tools tailored to your specific situation.","It is wonderful that you have the self-awareness to recognize this pattern and the motivation to change it. Shifting away from a negative mindset is absolutely possible, but it takes time, so try to be gentle with yourself. Our brains are often wired to focus on the negative as a protective mechanis",0.06282195806503266,0.012605647802952613
"It is absolutely possible to heal and move forward after an abusive relationship. What you went through was incredibly difficult, and it is completely natural to want to leave the pain and trauma behind you. While it might not be about completely ""forgetting"" what happened, healing is about reaching a place where the trauma no longer controls your life, your emotions, or your future. 

Healing from trauma is a journey that takes time, patience, and self-compassion. You do not have to navigate this alone. Working with a mental health professional, especially one who specializes in trauma or abuse, can provide you with safe tools to process these experiences and rebuild your sense of safety and self-worth. Please remember to be gentle with yourself right now; taking the step to ask this question shows how strong your desire for a healthier, happier life truly is.","It is absolutely possible to heal and move forward after an abusive relationship. What you went through was incredibly difficult, and it is completely natural to want to leave the pain and trauma behind you. While it might not be about completely ""forgetting"" what happened, healing is about reaching",0.07596441984176616,0.011846410243849451
"I am so sorry you are experiencing such intense flashbacks and hypervigilance. Living in a constant state of high alert and reliving trauma is exhausting, and it makes complete sense that you feel overwhelmed. Please know that you do not have to carry this heavy burden alone. These symptoms, while terrifying, are a recognized part of PTSD that can be managed with the right professional support.

Because you are feeling so distressed right now, please reach out to the doctor or therapist who diagnosed you to discuss adjusting your treatment plan. If you feel you are in a crisis or cannot keep yourself safe, please seek immediate help. You can call or text 988 (in the US and Canada), text HOME to 741741, or go to your nearest emergency room. There are effective, trauma-informed treatments available that can help you process these events and regain a sense of safety and control in your life.","I am so sorry you are experiencing such intense flashbacks and hypervigilance. Living in a constant state of high alert and reliving trauma is exhausting, and it makes complete sense that you feel overwhelmed. Please know that you do not have to carry this heavy burden alone. These symptoms, while t",0.0450218749046325,0.010200580946392661
"I am so sorry for the unexpected loss of your best friend. Losing someone so close leaves a profound impact, and it makes complete sense that you still miss him deeply. While grief doesn't have a set expiration date, crying every day after seven years sounds incredibly exhausting and painful. Please be gentle with yourself. There is no ""normal"" way to grieve, but you don't have to carry this heavy burden all on your own.

When grief remains this intense for a long time, speaking with a grief counselor or a therapist can be incredibly beneficial. A professional can provide a safe space to process these overwhelming emotions and help you find gentle ways to integrate this loss into your life. They can guide you in honoring your friend's memory while also finding a path forward so that the pain doesn't consume your everyday life. You deserve support, comfort, and healing.","I am so sorry for the unexpected loss of your best friend. Losing someone so close leaves a profound impact, and it makes complete sense that you still miss him deeply. While grief doesn't have a set expiration date, crying every day after seven years sounds incredibly exhausting and painful. Please",0.04872604608535802,0.012559763461299714
"I am so sorry you have been struggling with self-harm for so long and feeling like nothing is working. It is completely understandable to feel exhausted and discouraged when the coping skills and therapy you have tried haven't brought the relief you deserve. Please know that your pain is valid, and you are not alone in finding this journey incredibly difficult.

Because you are dealing with self-harm, your safety is the absolute priority. Please consider reaching out to a crisis line where trained counselors can offer immediate, judgment-free support in the moments when you feel overwhelmed. You can text HOME to 741741 to reach the Crisis Text Line, or call or text 988 (in the US and Canada) for the Suicide & Crisis Lifeline. Even though past therapists haven't been the right fit, there are different specialized approaches that might still help when you are ready. Please reach out to a crisis resource or a trusted person right now to help keep yourself safe.","I am so sorry you have been struggling with self-harm for so long and feeling like nothing is working. It is completely understandable to feel exhausted and discouraged when the coping skills and therapy you have tried haven't brought the relief you deserve. Please know that your pain is valid, and ",0.059354183673858696,0.01292457073535031
"It can be incredibly frustrating when the professionals you turn to for help don't seem to understand your experiences. It is very common for autistic individuals to find that traditional Cognitive Behavioral Therapy (CBT) isn't effective for meltdowns and shutdowns. CBT often focuses on changing thoughts, rather than addressing the sensory overload, burnout, or nervous system dysregulation that typically cause these responses. Your experiences are completely valid, and it makes sense that you are looking for different tools.

Instead of CBT, you might find it helpful to seek out a neurodiversity-affirming therapist or an occupational therapist who understands autistic neurology. Managing meltdowns and shutdowns usually involves identifying early signs of overload, reducing demands, and creating a safe, low-stimulation environment to recover. Focusing on sensory regulation—like deep pressure, stimming, or noise-canceling headphones—and giving yourself permission to rest without guilt can often be much more effective than trying to cognitively process the overwhelm.",It can be incredibly frustrating when the professionals you turn to for help don't seem to understand your experiences. It is very common for autistic individuals to find that traditional Cognitive Behavioral Therapy (CBT) isn't effective for meltdowns and shutdowns. CBT often focuses on changing th,0.045822589397430225,0.014075829856151719
"It can be really painful to struggle with keeping friends, especially when you are being labeled with a word like ""narcissistic"" that you don't feel describes you. Often, when people use that term casually, they are expressing that they feel unheard or unvalued in the relationship, rather than making a clinical diagnosis. Instead of trying to convince them with words, the most effective approach is to show them through your actions. 

You can do this by practicing active listening, asking others about their feelings, and showing genuine interest in their experiences. It might also help to ask a trusted friend for honest feedback about specific behaviors that might be causing misunderstandings. Exploring these relationship patterns with a counselor or therapist could also be incredibly beneficial. A professional can offer a safe, neutral space to help you understand how you are coming across to others and learn new ways to build stronger, more fulfilling connections.","It can be really painful to struggle with keeping friends, especially when you are being labeled with a word like ""narcissistic"" that you don't feel describes you. Often, when people use that term casually, they are expressing that they feel unheard or unvalued in the relationship, rather than makin",0.039071593284607076,0.010924212997100715
"It takes a lot of insight to recognize that dissociation was once a protective survival tool but is no longer serving you. When you feel yourself starting to detach, grounding techniques can help bring your mind back to the present. You might try focusing on strong physical sensations, like holding an ice cube, splashing cold water on your face, or feeling your feet firmly planted on the floor. The 5-4-3-2-1 method is also effective: try naming five things you see, four you touch, three you hear, two you smell, and one you taste. These actions help signal to your nervous system that you are safe right now.

Because dissociation is deeply wired into how your body learned to handle stress, unlearning it takes time. Working with a trauma-informed therapist can be incredibly beneficial. They can help you safely explore your triggers and develop personalized strategies to stay present without feeling overwhelmed. Be gentle with yourself as you navigate this process.","It takes a lot of insight to recognize that dissociation was once a protective survival tool but is no longer serving you. When you feel yourself starting to detach, grounding techniques can help bring your mind back to the present. You might try focusing on strong physical sensations, like holding ",0.05361002445220997,0.011447112223001678
"It is completely understandable that those memories still surface. Going through a knife-point robbery is a deeply traumatic experience, and sudden, intrusive memories are your brain's way of trying to process what happened, even when you are otherwise doing well. While it is very difficult to erase a memory ""once and for all,"" it is absolutely possible to change how your mind and body react to it so that it no longer disrupts your life.

When the memory pops up, practicing grounding techniques—like focusing on your breathing or naming things you can see and touch in your current environment—can help remind your brain that you are safe right now. Because this was a severe trauma, working with a mental health professional who specializes in trauma therapies, such as EMDR or trauma-focused CBT, can be incredibly effective. They can help you safely process the experience so the memory loses its sharp edge and can finally be filed away in the past.","It is completely understandable that those memories still surface. Going through a knife-point robbery is a deeply traumatic experience, and sudden, intrusive memories are your brain's way of trying to process what happened, even when you are otherwise doing well. While it is very difficult to erase",0.09050331115722665,0.013390528108211747
"I appreciate you sharing this. It takes a lot of courage to acknowledge what's happening and to decide that you want to make a change. Since you mentioned that the scratching often happens without you realizing it, finding ways to keep your hands busy or creating a physical barrier might be a helpful first step. Some people find it useful to wear long sleeves, use fidget toys, or keep their nails trimmed short to minimize the damage when the habit arises. 

Because this is something you want to stop, reaching out to a healthcare professional or a therapist could be incredibly beneficial. They can help you explore any underlying stress or anxiety that might be triggering the scratching and work with you on habit-reversal techniques. Please remember to be gentle with yourself as you work through this process, and consider keeping your skin clean and cared for to help it heal.","I appreciate you sharing this. It takes a lot of courage to acknowledge what's happening and to decide that you want to make a change. Since you mentioned that the scratching often happens without you realizing it, finding ways to keep your hands busy or creating a physical barrier might be a helpfu",0.07913080930709837,0.013630681006383408
"It is completely understandable to struggle with this. Replaying arguments is a common way our brains try to process unresolved feelings, especially with people as impactful as our parents. Wanting to let go is a wonderful first step toward finding peace. When you catch yourself replaying a fight, try to gently interrupt the thought. You can do this by physically changing your environment, focusing on a grounding exercise like naming things around you, or redirecting your attention to an engaging task.

Sometimes, the brain loops because the emotions need an outlet. Writing down everything you wish you could say to them—without ever sending it—can help release that pent-up frustration. Practicing self-compassion is also key; it is okay to acknowledge your hurt without letting it define your present. If these thoughts continue to feel overwhelming, speaking with a therapist can provide a safe space to unpack these family dynamics and learn specific techniques to help you truly move forward.","It is completely understandable to struggle with this. Replaying arguments is a common way our brains try to process unresolved feelings, especially with people as impactful as our parents. Wanting to let go is a wonderful first step toward finding peace. When you catch yourself replaying a fight, t",0.08030559062957732,0.01633027152813628
"It is completely understandable to feel exhausted from carrying the weight of how your ex treated you. Healing from a relationship that damaged your self-worth takes time, and recognizing that their behavior was a reflection of them—not your true value—is a powerful first step toward healing. 

To start rebuilding your self-esteem, try practicing self-compassion by speaking to yourself the way you would support a close friend. When you catch yourself overthinking the past, gently redirect your focus to the present moment through grounding exercises or by engaging in an activity that brings you joy. Reconnecting with your own interests and surrounding yourself with uplifting people can help you rediscover your strengths outside of that relationship. If these thoughts continue to feel overwhelming, speaking with a mental health professional can provide a safe space to process the past and develop personalized strategies for moving forward.","It is completely understandable to feel exhausted from carrying the weight of how your ex treated you. Healing from a relationship that damaged your self-worth takes time, and recognizing that their behavior was a reflection of them—not your true value—is a powerful first step toward healing. 

To s",0.07171698093414314,0.015612188276917932
"It sounds incredibly exhausting to feel constantly on call for your mother, especially after moving out to gain independence. It is completely valid to want space and a relationship built on mutual respect rather than demands and obligations. 

When setting boundaries, it helps to remember that they are about what you will tolerate, rather than controlling how she reacts. You might start by clearly communicating your limits, such as stating you are only available for calls during specific hours or that you need advance notice for visits. If she shows up unannounced, you have the right to kindly but firmly say you are busy and cannot let her in. Consistency is key; she may push back initially, but holding firm to your limits teaches her how you expect to be treated. Protecting your peace and personal space is essential, and it is okay to prioritize your own well-being over her immediate demands.","It sounds incredibly exhausting to feel constantly on call for your mother, especially after moving out to gain independence. It is completely valid to want space and a relationship built on mutual respect rather than demands and obligations. 

When setting boundaries, it helps to remember that they",0.06827789306640586,0.01270721864153872
"It is completely understandable that high-stakes tests can overwhelm the coping skills that usually work for you. Since deep breathing isn't cutting it during these intense moments, you might want to try physical grounding techniques to bring your focus back to the present. For example, try pressing your feet firmly into the floor, noticing the texture of your desk, or tightly squeezing and then releasing your fists. This can help release built-up physical tension and interrupt the anxiety loop in your brain. 

Additionally, when you first receive the test, try doing a ""brain dump"" by writing down any facts or formulas you are worried about forgetting on a piece of scratch paper. You can also give yourself permission to skip difficult questions and return to them later, which builds momentum and confidence. If this anxiety continues to interfere with your academics, reaching out to your school's counseling center or a mental health professional could provide you with more tailored strategies and support.","It is completely understandable that high-stakes tests can overwhelm the coping skills that usually work for you. Since deep breathing isn't cutting it during these intense moments, you might want to try physical grounding techniques to bring your focus back to the present. For example, try pressing",0.07040367841720574,0.011251868065317956
"It sounds incredibly exhausting to have the fear of death constantly overshadowing your life and keeping you from the things you enjoy. When these intrusive thoughts take over, it can be helpful to practice grounding techniques to bring your focus back to the present moment. Try focusing on your immediate senses—what you can see, hear, or feel right now—to gently guide your mind away from the ""what ifs"" and back to the present activity. 

Since these thoughts are controlling your entire life, reaching out to a mental health professional could be incredibly beneficial. Therapies like Cognitive Behavioral Therapy (CBT) are specifically designed to help you identify, challenge, and reframe irrational fears so they lose their power over you. You deserve to live fully and enjoy your life, and with the right support and tools, it is absolutely possible to quiet these thoughts and reclaim your joy.","It sounds incredibly exhausting to have the fear of death constantly overshadowing your life and keeping you from the things you enjoy. When these intrusive thoughts take over, it can be helpful to practice grounding techniques to bring your focus back to the present moment. Try focusing on your imm",0.07237370252609265,0.011240591021878682
"It sounds incredibly exhausting to navigate a dynamic where your spouse yells and you feel forced to bottle things up. Please know that communication in a relationship is a shared responsibility, and it is unfair for him to place all the blame on you. It is completely understandable that you retreat when faced with yelling, as that can feel very overwhelming and make it difficult to speak up. 

Learning to express your feelings safely is a wonderful goal. You might try writing your thoughts down in a letter to him, which allows you to articulate your feelings without the immediate pressure of a loud confrontation. Using ""I"" statements, like ""I feel overwhelmed when voices are raised,"" can also help keep the focus on your experience. Because this dynamic involves both of your communication styles, working with a couples counselor or an individual therapist could provide a safe space to practice these skills and help establish healthier boundaries around how you both handle conflict.","It sounds incredibly exhausting to navigate a dynamic where your spouse yells and you feel forced to bottle things up. Please know that communication in a relationship is a shared responsibility, and it is unfair for him to place all the blame on you. It is completely understandable that you retreat",0.1010663414001467,0.011655946145470204
"Growing into a new version of yourself is a beautiful and courageous goal. It often starts with self-reflection—taking time to understand your current values, what brings you joy, and what habits or beliefs no longer serve you. You might try journaling to explore these thoughts and set small, realistic intentions rather than trying to change everything at once. 

To help yourself along the way, focus on self-compassion. Growth is rarely a straight line, and it is completely okay to make mistakes. Stepping slightly outside your comfort zone—whether by learning a new skill, exploring different perspectives, or simply changing up your daily routine—can spark meaningful transformation. Surround yourself with supportive people or communities that align with the person you want to become, and remember to celebrate the small steps you take each day.","Growing into a new version of yourself is a beautiful and courageous goal. It often starts with self-reflection—taking time to understand your current values, what brings you joy, and what habits or beliefs no longer serve you. You might try journaling to explore these thoughts and set small, realis",0.029589302539824835,0.01299805248373001
"Wanting to grow and become a better version of yourself is a wonderful and courageous goal. When people in your life suggest you need to change, a good first step is to reflect on their feedback and ask yourself if it aligns with your own core values. True personal growth happens best when the desire to change comes from within, rather than just to please others. 

If you decide their feedback is valid and represents the kind of person you want to be, start small. Pick one specific behavior or habit to focus on at a time, such as practicing active listening or pausing before reacting. Journaling can be a great way to explore your feelings and track your progress. Remember that meaningful change is a gradual process, so be patient and compassionate with yourself along the way. If you feel overwhelmed, seeking guidance from a therapist or counselor can provide a safe, objective space to explore these changes.","Wanting to grow and become a better version of yourself is a wonderful and courageous goal. When people in your life suggest you need to change, a good first step is to reflect on their feedback and ask yourself if it aligns with your own core values. True personal growth happens best when the desir",0.02119775772094723,0.014256934415924747
