text,text_trunc,humt_text,std_humt_text
"This is an important clinical and ethical question. Generally, best practices in the field caution against couples therapy when there is alleged ongoing abuse, as joint sessions can risk the victim's safety, increase retaliation, and be used by the abuser to manipulate the narrative. A client's willingness to include her husband may also reflect coercion or fear rather than genuine choice.

The priority should be the client's safety and autonomy. Individual sessions should continue, and any consideration of joint work would typically require a thorough risk assessment, the client's freely given informed consent, and ideally referral to a provider specially trained in domestic violence dynamics. Many experts recommend that the alleged abuser pursue his own individual therapy first. If you are facing this situation in a professional capacity, consulting with a supervisor or a domestic violence specialist would be advisable before making any decision.","This is an important clinical and ethical question. Generally, best practices in the field caution against couples therapy when there is alleged ongoing abuse, as joint sessions can risk the victim's safety, increase retaliation, and be used by the abuser to manipulate the narrative. A client's will",0.05323430538177476,0.013394276868783065
"That's a really meaningful invitation, and I want you to know how much it touches me that you'd want to share this milestone with me. You've worked incredibly hard, and I'm genuinely proud of the progress you've made and everything you've accomplished.

At the same time, I need to be thoughtful about our professional boundaries. Attending the graduation could shift our relationship in ways that might not be in your best interest therapeutically. Those boundaries exist to keep our work together focused on *your* growth, not to create distance for its own sake.

What I *can* do is dedicate a session to celebrating this achievement with you—maybe you could share photos or stories afterward. I'd love to hear about the day and what it felt like to walk across that stage. Your success is yours, and you should feel complete ownership of it. I was honored to support you along the way, but you did the hard work. How does that sound?","That's a really meaningful invitation, and I want you to know how much it touches me that you'd want to share this milestone with me. You've worked incredibly hard, and I'm genuinely proud of the progress you've made and everything you've accomplished.

At the same time, I need to be thoughtful abou",0.0469397807121279,0.00995562853691227
"That situation would understandably feel confusing and hurtful. In couples counseling, it's generally considered best practice for the therapist to remain balanced and not ""take sides"" with either partner. While a therapist might meet individually with each person to better understand each perspective, openly declaring they're siding with the partner against the original client is problematic and could damage trust in the therapeutic relationship.

It's worth noting that some therapists do individual sessions within couples work, but the goal should be understanding both people, not building alliances against one person. If this happened to you or someone you know, it's completely valid to feel upset and to address this directly with the counselor. You could express how this made you feel and ask about their approach. If the response isn't satisfactory, seeking a different therapist who maintains neutrality and makes both partners feel heard may be helpful. Everyone deserves to feel respected and supported in therapy.","That situation would understandably feel confusing and hurtful. In couples counseling, it's generally considered best practice for the therapist to remain balanced and not ""take sides"" with either partner. While a therapist might meet individually with each person to better understand each perspecti",0.09153833389282173,0.014580525594610646
"No, that is not acceptable. A counselor's role is to support and advocate for their client, which in this case is the child. Asking a child what they did to ""provoke"" bullying can feel like victim-blaming and may cause harm by suggesting the bullying was their fault. Taking sides with the bully is a clear breach of the counselor's duty to prioritize their client's well-being and create a safe, trusting environment.

If this has happened to you or someone you know, it is completely valid to feel upset about it. You have the right to raise this concern with the counselor's supervisor, the counseling organization, or a licensing board. Every client—especially a child—deserves to feel heard, protected, and respected in therapy. If you're a parent or guardian, you might also consider finding a different counselor who makes your child feel safe and supported.","No, that is not acceptable. A counselor's role is to support and advocate for their client, which in this case is the child. Asking a child what they did to ""provoke"" bullying can feel like victim-blaming and may cause harm by suggesting the bullying was their fault. Taking sides with the bully is a",0.05620862722396813,0.011337751925017113
"In couples therapy, it is generally considered best practice for the therapist to be transparent with both partners and to obtain consent from both before meeting individually with one member of the couple. Doing so without the other partner's knowledge can undermine trust in the therapeutic process and create concerns about bias or secrecy.

There may be rare situations where a therapist meets briefly with one partner—for example, to assess safety concerns—but ethical therapists typically discuss this with both partners and explain the purpose. If you or someone you know has concerns about how a therapist is conducting sessions, it can be helpful to ask the therapist directly about their approach and rationale. Open communication is key to maintaining trust and ensuring the therapy remains a safe space for both individuals.","In couples therapy, it is generally considered best practice for the therapist to be transparent with both partners and to obtain consent from both before meeting individually with one member of the couple. Doing so without the other partner's knowledge can undermine trust in the therapeutic process",0.03609437227249135,0.015003009943420687
"That's a thoughtful question about therapy ethics. Generally, therapists aim to work with information shared directly by the client to maintain trust and a strong therapeutic relationship. Using second-hand information to confront a client can feel violating and may damage the alliance that's essential for progress.

There may be limited circumstances where outside information is relevant—such as mandated treatment contexts or safety concerns—but even then, ethical therapists typically explore the information collaboratively rather than using it confrontationally. They might ask open questions to help the client examine patterns or discrepancies rather than presenting second-hand observations as facts. If you're navigating a situation like this, whether as a client or someone supporting one, it could be worth discussing concerns openly with the therapist or seeking a second opinion from another qualified professional.","That's a thoughtful question about therapy ethics. Generally, therapists aim to work with information shared directly by the client to maintain trust and a strong therapeutic relationship. Using second-hand information to confront a client can feel violating and may damage the alliance that's essent",0.06065124511718789,0.011693941102220225
"In a custody situation, a counselor generally may speak with both parents, especially if both have legal custody and have consented to treatment for the child. However, what a counselor can share is limited by confidentiality rules and the specific consents on file.

Regarding court testimony or letters, a counselor typically cannot provide opinions about which parent is ""better"" or who the child should live with unless formally appointed by the court to conduct a custody evaluation. A treating counselor's role is therapeutic, not evaluative. Writing a recommendation letter or testifying about custody arrangements usually falls outside their scope unless subpoenaed and legally required to testify, and even then, they are generally expected to stick to factual treatment information rather than custody recommendations.

Laws vary by jurisdiction, so it's important to consult a family law attorney for guidance specific to your situation. If you're concerned about your child's wellbeing during this process, reaching out to your attorney or a court-appointed evaluator can help clarify what steps are appropriate.","In a custody situation, a counselor generally may speak with both parents, especially if both have legal custody and have consented to treatment for the child. However, what a counselor can share is limited by confidentiality rules and the specific consents on file.

Regarding court testimony or let",-0.005843145847320486,0.013266947013695966
"In most cases, counselors are ethically bound to protect the confidentiality of minor clients, even when parents request full session details. Sharing every detail could undermine the child's trust and the therapeutic relationship. However, parents do have a legitimate right to certain information.

Counselors can typically share general updates about progress, treatment goals, safety concerns, and any significant issues that may require parental involvement. They may also discuss broad themes without revealing specific statements or disclosures made by the child. Many counselors establish an agreement early on with both parent and child about what will and won't be shared.

The exact boundaries depend on the child's age, local laws, the counselor's ethical code, and any consent forms signed at the outset. If safety risks arise, confidentiality may be limited. Parents who want more involvement can often participate in periodic family sessions or check-ins. If you're navigating this situation, it's completely okay to ask the counselor directly about their confidentiality policy and how they handle parent communication.","In most cases, counselors are ethically bound to protect the confidentiality of minor clients, even when parents request full session details. Sharing every detail could undermine the child's trust and the therapeutic relationship. However, parents do have a legitimate right to certain information.
",0.04350162982940686,0.011700487377951454
"This is a complex situation involving legal and ethical obligations that vary by jurisdiction. Generally, mandated reporting laws cover not only active abuse but also neglect—knowingly exposing a child to a known past abuser could potentially meet that threshold, even if the child denies current abuse. The minor's request for confidentiality typically does not override a mandated reporter's legal obligation.

Reporting in good faith is generally protected legally, and breaking confidentiality under mandated reporting laws is not considered unethical—it's an exception built into the ethical framework itself. However, the concern about damaging the therapeutic relationship is valid and real. Many therapists handle this by being transparent with the minor about what they're required to report and why, involving them in the process as much as possible to preserve trust.

For specific guidance, the therapist should consult their licensing board's ethics guidelines, their supervisor, or a legal professional familiar with their jurisdiction's mandated reporting laws. They can also call CPS anonymously to ask whether a situation meets reporting criteria.","This is a complex situation involving legal and ethical obligations that vary by jurisdiction. Generally, mandated reporting laws cover not only active abuse but also neglect—knowingly exposing a child to a known past abuser could potentially meet that threshold, even if the child denies current abu",0.0959625434875484,0.013929754462028866
"Therapists generally can terminate treatment, but ethical guidelines from professional bodies (like the APA, NASW, or ACA) typically require that termination be handled responsibly, with reasonable notice, appropriate referrals, and an explanation when possible. Abrupt termination can be ethically questionable unless there's a safety concern or the therapeutic relationship has truly broken down. Countertransference and ruptures with guardians can be valid factors, but therapists are usually expected to manage these issues through consultation and supervision before resorting to termination.

That said, therapists are not required to continue treatment indefinitely in every circumstance. If you feel this termination was handled poorly, you could consider contacting the therapist's licensing board or a professional ethics committee to better understand your rights and whether the situation warrants a formal review. It's also okay to seek a second opinion from another provider about your care.","Therapists generally can terminate treatment, but ethical guidelines from professional bodies (like the APA, NASW, or ACA) typically require that termination be handled responsibly, with reasonable notice, appropriate referrals, and an explanation when possible. Abrupt termination can be ethically q",0.04012584686279297,0.013628635493378009
"This sounds like a very difficult and potentially unsafe situation, and your safety needs to come first. Given that your partner raised his hand to you, bringing him into your counseling session could put you at risk and isn't something I'd recommend right now. A therapy space should remain a safe, confidential environment for you.

What I'd encourage instead is focusing on your safety and recovery. Let's talk about whether you have a safe place to stay, whether you're comfortable with a safety plan, and what support options are available to you. If you ever feel in immediate danger, please contact emergency services or a crisis line right away. Your recovery and your physical safety are both priorities, and you deserve support that centers on your well-being.","This sounds like a very difficult and potentially unsafe situation, and your safety needs to come first. Given that your partner raised his hand to you, bringing him into your counseling session could put you at risk and isn't something I'd recommend right now. A therapy space should remain a safe, ",0.05633502244949318,0.011561474213424537
"A counselor could help Stefan prepare by role-playing the conversation and encouraging him to approach his supervisor with a clear, solution-focused proposal. Rather than simply restating the request, Stefan might present a concrete plan: identifying coworkers who could cover opening or closing shifts, offering to train them, and proposing a temporary reduction to 20 hours just until finals end. Framing it as a short-term arrangement with a specific end date may make the supervisor more receptive.

The counselor might also validate that Stefan's request is reasonable—balancing work and full-time studies while failing exams is a signal that something needs to shift. If the supervisor remains unwilling, exploring alternatives like finding coverage through coworkers directly, speaking with a higher-level manager, or even seeking a different job with more flexible hours could be worth discussing. The key is helping Stefan practice communicating his needs clearly and respectfully while also recognizing that he has options if this employer won't accommodate his academic priorities.","A counselor could help Stefan prepare by role-playing the conversation and encouraging him to approach his supervisor with a clear, solution-focused proposal. Rather than simply restating the request, Stefan might present a concrete plan: identifying coworkers who could cover opening or closing shif",0.018616666793822567,0.015379142486298429
"I understand how stressful custody battles can be, especially when you're trying to protect your child. Whether a child's therapist can testify depends on your jurisdiction's laws around therapist-client privilege and confidentiality. In many places, therapy records and communications are protected, and a therapist generally cannot share what a child said in sessions without a court order or specific legal exceptions. Some states have rules about when a child's statements may be admitted in custody disputes.

This is really a question for a family law attorney who can advise you on the rules in your area, help you understand what evidence might be admissible, and guide you through the process of requesting court orders if needed. They can also help you think through other forms of documentation that might support your case.

Please consider reaching out to a lawyer as soon as possible, and if you're feeling overwhelmed, a counselor or support line can help you cope with the stress of this situation. You don't have to navigate this alone.","I understand how stressful custody battles can be, especially when you're trying to protect your child. Whether a child's therapist can testify depends on your jurisdiction's laws around therapist-client privilege and confidentiality. In many places, therapy records and communications are protected,",0.09069830656051714,0.016300910819655276
"It's completely understandable that you're feeling devastated—this is a painful situation. However, a therapist's role is to support your daughter's wellbeing and provide a safe, neutral space for her feelings, not to advocate for one parent over the other. Asking the therapist to convince her to stay with you could undermine that trust and potentially damage the therapeutic relationship. You can, though, ask the therapist how best to support your daughter during this time and whether family sessions might help.

Consider focusing on keeping communication open with your daughter without pressure—letting her know you love her and want to understand her feelings. If you're concerned about her father's influence, a family mediator or co-parenting counselor can help address those dynamics constructively. Your own therapist could also help you process the grief and navigate this transition. What matters most is maintaining a loving, stable connection with your daughter, even if the living arrangement changes.","It's completely understandable that you're feeling devastated—this is a painful situation. However, a therapist's role is to support your daughter's wellbeing and provide a safe, neutral space for her feelings, not to advocate for one parent over the other. Asking the therapist to convince her to st",0.058380825519561697,0.011390735782731974
"Generally, mental health professionals avoid serving as both an individual therapist and a couples counselor for people in the same relationship, as it creates conflicts around confidentiality and dual relationships. Most ethical guidelines discourage this arrangement precisely because of dilemmas like the one you describe.

If a counselor learned about infidelity during individual therapy, they would typically be bound by confidentiality and could not disclose it in couples sessions without the client's consent. The counselor would likely encourage the client to consider disclosing the affair and explore what's holding them back, but they cannot force or make that disclosure themselves—unless there's imminent risk of harm. This situation is why many therapists would refer one or both parties to a different provider to maintain clear boundaries and avoid being placed in an impossible position where they hold secrets that affect the therapeutic work.","Generally, mental health professionals avoid serving as both an individual therapist and a couples counselor for people in the same relationship, as it creates conflicts around confidentiality and dual relationships. Most ethical guidelines discourage this arrangement precisely because of dilemmas l",0.02147500514984113,0.012861443675814677
"This is an important ethical question that school counselors often face. Confidentiality is a cornerstone of the counseling relationship, but it does have limits—particularly in school settings where safety and legal obligations intersect.

When a client discloses another student's rule-breaking behavior like selling vapes or vandalism, this generally doesn't automatically trigger a mandated report unless it involves imminent danger, weapons, abuse, or illegal activity that poses serious risk. However, school policies and state laws vary, and counselors should consult their ethical guidelines (such as ASCA's), their supervisor, and district protocols when uncertain. Breaking confidentiality unnecessarily can damage trust with the client.

If the client themselves is the perpetrator, similar principles apply. The counselor would weigh the severity of the behavior, any safety concerns, legal obligations, and the therapeutic value of maintaining trust while encouraging the student to take responsibility. Many counselors work with the student toward self-disclosure when appropriate.

When in doubt, consulting with a supervisor or ethics board is always the recommended course of action.","This is an important ethical question that school counselors often face. Confidentiality is a cornerstone of the counseling relationship, but it does have limits—particularly in school settings where safety and legal obligations intersect.

When a client discloses another student's rule-breaking beh",0.003545134067535649,0.013577670446948034
"This is an important ethical question that comes up in couples therapy. Generally, therapists don't force or mandate a client to disclose infidelity, as that could damage trust in the therapeutic relationship and may not always be handled in the most constructive way. However, many therapists work with the unfaithful partner to explore their readiness to disclose, help them understand the impact of secrecy on the relationship, and support them in finding a path toward honesty when appropriate.

The approach often depends on what was agreed upon at the start of therapy, including any informed consent discussions about confidentiality. Some therapists establish clear boundaries about what will and won't be shared between individual and couples sessions.

If you're navigating this situation, it would be best to consult directly with a licensed therapist or counselor who can provide guidance specific to the circumstances. They can help explore the ethical considerations and support the best path forward for everyone involved.","This is an important ethical question that comes up in couples therapy. Generally, therapists don't force or mandate a client to disclose infidelity, as that could damage trust in the therapeutic relationship and may not always be handled in the most constructive way. However, many therapists work w",0.06274496078491243,0.0110213030427606
"This is a complex ethical situation involving the balance between confidentiality and safety. Generally, counselors are bound to maintain client confidentiality, with exceptions typically limited to imminent danger to self or others, abuse of vulnerable individuals, or legal mandates. Operating heavy machinery while intoxicated could potentially fall under risk to self or others, but the specific legal and ethical obligations vary by jurisdiction and professional code.

A counselor in this situation would likely need to consult with their supervisor, legal counsel, and professional ethics board to determine appropriate action. They might also work directly with the client to encourage self-reporting, seeking treatment, or taking leave. The counselor cannot make this decision unilaterally without careful consideration of legal and ethical guidelines.

If you are facing this situation professionally, I strongly encourage consulting immediately with your supervisor and professional liability insurance provider for guidance specific to your context.","This is a complex ethical situation involving the balance between confidentiality and safety. Generally, counselors are bound to maintain client confidentiality, with exceptions typically limited to imminent danger to self or others, abuse of vulnerable individuals, or legal mandates. Operating heav",0.04302413463592547,0.013357059512187547
"This is an important question, and the answer often depends on your custody arrangement and local laws. In many jurisdictions, if parents share joint legal custody, both typically need to consent to therapy for a minor. If you have sole legal custody, you may be able to bring your child without your ex-spouse's agreement. Counselors usually ask for custody documentation and will clarify their policies during intake.

It's best to be upfront with any therapist you contact about your situation. They can explain what's required in your area and help you understand your options. You might also review your custody agreement or consult a family law attorney to confirm what's legally permitted. Taking this step shows you're trying to do what's best for your child, and a good counselor will want to support that while ensuring everything is handled appropriately.","This is an important question, and the answer often depends on your custody arrangement and local laws. In many jurisdictions, if parents share joint legal custody, both typically need to consent to therapy for a minor. If you have sole legal custody, you may be able to bring your child without your",0.0360503220558166,0.009706059194156355
"Both parents are typically encouraged to be involved in a child's therapy, as consistent support from both can be beneficial. However, the specifics often depend on the terms of your divorce agreement and custody arrangement. Legal custody—whether joint or sole—usually determines who has decision-making authority over mental health treatment. If parents share joint legal custody, both typically need to consent to therapy and have access to information about the child's sessions. If one parent has sole legal custody, they may be able to initiate therapy without the other's consent, though many therapists still encourage both parents' participation when possible and appropriate.

It's important to review your specific divorce decree or parenting plan, as these documents often outline each parent's rights and responsibilities regarding healthcare decisions. A family law attorney can help clarify your situation, and the child's therapist can explain their own policies regarding parental involvement and consent. Open communication between co-parents, when safe and feasible, usually serves the child's best interests.","Both parents are typically encouraged to be involved in a child's therapy, as consistent support from both can be beneficial. However, the specifics often depend on the terms of your divorce agreement and custody arrangement. Legal custody—whether joint or sole—usually determines who has decision-ma",0.05836233615875219,0.013744933558213383
"It's completely valid to protect your emotional well-being, especially when a relationship has historically been unsupportive. You're allowed to set boundaries, and choosing not to visit doesn't make you a bad person — it may be an important act of self-care.

That said, it's worth thinking through what you're worried about specifically. Are you concerned about guilt, family conflict, or social pressure? Naming those fears can help you decide what feels right. You might consider alternatives — a shorter visit, setting clear time limits, or connecting by phone instead. Or you might decide that skipping this year is the healthiest choice for you.

Whatever you decide, try to plan something nurturing for yourself during the holidays so you aren't left feeling isolated. If you have a trusted friend, therapist, or support group, talking it through with someone who knows your situation can help you feel more confident in your decision. There's no single ""right"" answer — just the one that best honors your needs and emotional safety.","It's completely valid to protect your emotional well-being, especially when a relationship has historically been unsupportive. You're allowed to set boundaries, and choosing not to visit doesn't make you a bad person — it may be an important act of self-care.

That said, it's worth thinking through ",0.03686673641204852,0.013651242025343572
"It's understandable to feel torn between wanting to help a friend and protecting yourself. Your concern about the unpaid debt is valid—lending more money to someone who hasn't repaid previous loans may not actually help them or you in the long run. It could also create resentment that damages the friendship.

Consider what feels right for you financially and emotionally. You might offer non-financial support, like helping them explore local rental assistance programs, community resources, or budgeting options. If you do choose to help, you could set clear terms about repayment to protect the relationship. Remember that you're not responsible for solving their financial challenges, and saying no doesn't make you a bad friend. Prioritizing your own stability is reasonable and necessary.",It's understandable to feel torn between wanting to help a friend and protecting yourself. Your concern about the unpaid debt is valid—lending more money to someone who hasn't repaid previous loans may not actually help them or you in the long run. It could also create resentment that damages the fr,0.06546527624130238,0.014343824466105186
"I'm so sorry you're going through this. Losing a close friend after 20 years is deeply painful, and your feelings of depression and anxiety make complete sense. This is a significant loss.

The mixed signals — sometimes open, often distant — make it harder because you can't find closure. While you can't force someone to stay in a friendship, you *can* advocate for one honest, clear conversation where you ask for a direct answer about where things stand. After that, if she chooses to step away, accepting it — painful as it is — is ultimately about protecting your own wellbeing. You deserve relationships where you feel valued and where your feelings matter.

Please consider talking to a counselor or therapist who can help you process this grief. Losing a long friendship can feel like mourning, and you don't have to carry that weight alone. Be gentle with yourself right now.","I'm so sorry you're going through this. Losing a close friend after 20 years is deeply painful, and your feelings of depression and anxiety make complete sense. This is a significant loss.

The mixed signals — sometimes open, often distant — make it harder because you can't find closure. While you c",0.06496971607208257,0.012280392389015961
"I'm really sorry you're going through this—it makes complete sense that the possibility of losing your job, especially while dealing with relationship troubles, would leave you feeling overwhelmed and low. You don't have to just silently accept things without exploring your options. If you're comfortable, consider speaking with your manager or HR directly to understand where you stand and whether there's a path forward. You may have more agency than the rumor mill suggests.

That said, your well-being matters most. If it turns out this workplace isn't the right fit, that doesn't define your worth or your future. Consider reaching out to an employee assistance program if one is available, or a mental health professional who can help you navigate both the work stress and relationship difficulties. Talking to a trusted friend or family member can also help you feel less isolated right now. You deserve support through this, whatever the outcome.","I'm really sorry you're going through this—it makes complete sense that the possibility of losing your job, especially while dealing with relationship troubles, would leave you feeling overwhelmed and low. You don't have to just silently accept things without exploring your options. If you're comfor",0.08084778070449827,0.012294738119091065
"I'm so sorry you're carrying all of this while recovering from childbirth and caring for two children. What you're feeling is completely valid—exhaustion, body changes, and lack of partnership would overwhelm anyone. Your husband's threats and refusal to seek help are unfair and emotionally harmful, especially during this vulnerable time.

You don't need his permission to seek support. Consider reaching out to your doctor about how you're feeling, as postpartum struggles are common and treatable. Individual therapy can help you process your situation and build coping strategies. Connecting with trusted friends, family, or a postpartum support group can also reduce the isolation you're feeling. You deserve care and respect, and there are people who want to help you find your footing again.","I'm so sorry you're carrying all of this while recovering from childbirth and caring for two children. What you're feeling is completely valid—exhaustion, body changes, and lack of partnership would overwhelm anyone. Your husband's threats and refusal to seek help are unfair and emotionally harmful,",0.04430773735046323,0.011941227149574771
"That sounds incredibly painful and confusing to navigate. It's completely understandable that you feel hurt and overwhelmed when your partner becomes distant and the relationship no longer feels like a partnership. Significant life changes, including major weight loss, can sometimes shift how a person sees themselves and behaves, but that doesn't make the impact on you any less real.

Before making a decision about leaving, it may be worth having an honest, calm conversation with her about how her actions are affecting you and the relationship. Couples counseling could also provide a safe space to explore what's happening and whether you both want to work through it together. Ultimately, only you can decide what's right for you, but you deserve to feel respected and connected in your relationship. Consider talking to an individual therapist as well, to help you sort through your feelings and options with support.","That sounds incredibly painful and confusing to navigate. It's completely understandable that you feel hurt and overwhelmed when your partner becomes distant and the relationship no longer feels like a partnership. Significant life changes, including major weight loss, can sometimes shift how a pers",0.10097640991210977,0.016335131373039796
"This is an incredibly difficult and painful situation, and it's important to recognize that using suicide threats to control your behavior is a form of emotional manipulation, even if your partner is genuinely suffering. You are not responsible for their choices, and you cannot sacrifice your own wellbeing to keep them safe.

When they threaten suicide, take it seriously by contacting a crisis line or emergency services rather than absorbing the responsibility yourself. You can say something like, ""I care about you, and because I take this seriously, I'm going to call someone who can help keep you safe."" This protects both of you — they get professional support, and you are not held hostage by the threat.

You deserve boundaries, space, and care. Consider reaching out to a therapist for your own support, and don't hesitate to lean on trusted friends or family. You cannot be your partner's only lifeline, and trying to be will only deplete you both. Please take care of yourself — your needs matter too.","This is an incredibly difficult and painful situation, and it's important to recognize that using suicide threats to control your behavior is a form of emotional manipulation, even if your partner is genuinely suffering. You are not responsible for their choices, and you cannot sacrifice your own we",0.05185436487197892,0.010252364615550624
"Any suicidal statements, even those that seem tied to avoiding tasks or seeking attention, should be taken seriously and assessed by a qualified mental health professional. A history of severe trauma is itself an important reason to consider therapy, as trauma can affect children in complex ways that aren't always visible at home. A therapist can help determine what's driving these statements and provide appropriate support.

It's also worth noting that ""attention-seeking"" behavior often signals an unmet need, and a professional can help identify what that need might be. Please consider reaching out to a licensed child therapist or psychologist for an evaluation, and if your child ever makes any statements suggesting immediate risk, contact emergency services or a crisis line right away.","Any suicidal statements, even those that seem tied to avoiding tasks or seeking attention, should be taken seriously and assessed by a qualified mental health professional. A history of severe trauma is itself an important reason to consider therapy, as trauma can affect children in complex ways tha",0.015890347957610906,0.013517121870249591
"That sounds like an incredibly painful and violating experience. What your friend did was not okay — recording someone in distress and posting it without consent shows a serious lack of empathy and respect for your privacy. Your anger and hurt are completely valid.

You don't owe her anything right now, including an explanation for why you need space. Whether you choose to ghost or eventually hear her out is entirely your decision — there's no ""right"" answer. Some people find closure in conversation, while others find peace in walking away. What matters most is protecting your wellbeing. If the video is still up and causing you distress, you can report it to TikTok for violating privacy guidelines. You might also consider reaching out to someone you trust — a counselor, another friend, or a family member — to help you process both the panic attack and this betrayal. Taking time for yourself first, before deciding how to handle the friendship, is a reasonable and healthy choice.","That sounds like an incredibly painful and violating experience. What your friend did was not okay — recording someone in distress and posting it without consent shows a serious lack of empathy and respect for your privacy. Your anger and hurt are completely valid.

You don't owe her anything right ",0.04920204639434811,0.013156800371329564
"No, you are not lazy. Hoarding disorder is a recognized mental health condition that can make it extremely difficult to sort, discard, or organize items, even when you want to. The struggle with a messy room is a symptom of that condition, not a character flaw or a lack of effort.

It's painful when a loved one misunderstands what you're going through, and it makes sense that her words hurt. It may help to share information about hoarding disorder with your mom if you feel safe doing so, or to involve a mental health professional who can help bridge that understanding. You deserve compassion and support, not judgment. If you're not already connected with a therapist, consider reaching out to one who has experience with hoarding-related challenges—they can offer strategies that truly help.","No, you are not lazy. Hoarding disorder is a recognized mental health condition that can make it extremely difficult to sort, discard, or organize items, even when you want to. The struggle with a messy room is a symptom of that condition, not a character flaw or a lack of effort.

It's painful when",0.030653338432311994,0.014515553193433239
"It takes real courage to face a Stage IV diagnosis and still find the determination to fight, so you're already showing remarkable strength. Seeking second and third opinions is a wise, proactive step—different oncologists and cancer centers may have access to different clinical trials or newer treatments. It might also help to know that palliative care isn't the same as giving up on treatment; it can be offered alongside curative efforts, focusing on managing symptoms and improving quality of life while you pursue other therapies.

When you're ready, consider reaching out to major cancer centers or leukemia specialists who handle complex cases—many have dedicated teams for exploring experimental options. You don't need all the answers right now; rest is part of the process too. Your determination to keep looking is itself a powerful force.","It takes real courage to face a Stage IV diagnosis and still find the determination to fight, so you're already showing remarkable strength. Seeking second and third opinions is a wise, proactive step—different oncologists and cancer centers may have access to different clinical trials or newer trea",0.04283462047576947,0.015737210929510272
"It sounds like you're carrying a lot of weight right now, and I can hear how stressful this situation is. That said, I'm not able to help you select character witnesses, as that's really a matter for you to discuss with a lawyer who understands your situation and the legal process.

I do want to gently reflect something back to you: you mentioned that drinking has escalated again and led to this outcome. That pattern might be worth sitting with. A third DUI in five years suggests that alcohol is still causing significant harm in your life, even if it's hard to fully see that right now. An ankle monitor might feel like an easier path, but it won't address what's underneath this.

If you're open to it, this could be a moment to reach out to a counselor, a recovery support group, or a helpline like SAMHSA's National Helpline (1-800-662-4357). You deserve real support, not just a way to move past this.","It sounds like you're carrying a lot of weight right now, and I can hear how stressful this situation is. That said, I'm not able to help you select character witnesses, as that's really a matter for you to discuss with a lawyer who understands your situation and the legal process.

I do want to gen",0.06109635353088372,0.01042900509237474
"I'm so sorry you're going through this — breakups are deeply painful, and feeling ignored by someone you care about makes it even harder. Your feelings of sadness and confusion are completely valid.

That said, when someone has set a boundary by ending the relationship and stepping back, continuing to reach out can sometimes create more distress for both people. It's understandable that you want closure or reassurance, but his silence may be his way of maintaining that boundary, even if it feels hurtful. Right now, the most compassionate thing you can do for yourself is to focus on your own healing rather than trying to reopen the conversation.

Consider reaching out to a trusted friend, family member, or a counselor who can support you through this difficult time. If your depression feels overwhelming or you're struggling to cope, please consider contacting a mental health professional or a crisis line in your area. You deserve support and care as you navigate this.","I'm so sorry you're going through this — breakups are deeply painful, and feeling ignored by someone you care about makes it even harder. Your feelings of sadness and confusion are completely valid.

That said, when someone has set a boundary by ending the relationship and stepping back, continuing ",0.0654254746437073,0.01541015111798141
"It's completely understandable to feel hurt and confused when your child asks for space, especially when you've always acted out of love and care. Those feelings of unfairness are valid, and it's okay to sit with them. At the same time, your daughter expressing a need for boundaries doesn't necessarily mean she's pushing you away permanently or that she doesn't appreciate you. It often means she's trying to establish the independence she needs to grow as an adult, which is actually a healthy developmental step.

Respecting her request for space is likely the most supportive thing you can do right now, even though it's painful. Rather than simply waiting, consider using this time to focus on your own interests, friendships, and well-being. When she does reach out, she'll likely appreciate that you honored her wishes. If communication feels strained long-term, a family counselor can help you both navigate finding a comfortable balance between closeness and independence.","It's completely understandable to feel hurt and confused when your child asks for space, especially when you've always acted out of love and care. Those feelings of unfairness are valid, and it's okay to sit with them. At the same time, your daughter expressing a need for boundaries doesn't necessar",0.07173883199691788,0.010738400595280254
"Both options could be valuable, but given what you're describing, starting with individual therapy might be the priority. Your partner's repeated accusations and requests to search your phone sound like they may be struggling with trust issues that are their responsibility to address, and it's completely understandable that these behaviors trigger your trauma. A individual therapist can help you process those triggers, explore your boundaries, and clarify what you need from the relationship.

Couples counseling can also be helpful, but it tends to work best when both partners are ready to reflect on their own contributions. If your partner is willing to examine their behavior and you feel safe engaging in that process together, it could be worth exploring. You don't have to choose one or the other permanently—many people find that individual work supports healthier relationship dynamics. If anything escalates or you feel unsafe, please reach out to a trusted person or a domestic violence resource for guidance.","Both options could be valuable, but given what you're describing, starting with individual therapy might be the priority. Your partner's repeated accusations and requests to search your phone sound like they may be struggling with trust issues that are their responsibility to address, and it's compl",0.06907687187194878,0.012402955036963441
"That sounds like a genuinely stressful situation, especially when political views you never intended to make public are affecting both your workplace relationships and your client caseload. It's completely valid to feel unsettled by that.

If you can tolerate the current environment and genuinely believe tensions will ease after the election cycle, waiting it out is a reasonable option. However, if the hostility is affecting your well-being, professional confidence, or ability to serve clients effectively, it may be worth exploring other opportunities now rather than waiting. You don't have to decide immediately—consider quietly researching roles in other areas or practices so you have options regardless of how things unfold. Trust your read of the situation and give yourself permission to prioritize a workplace where you feel respected.","That sounds like a genuinely stressful situation, especially when political views you never intended to make public are affecting both your workplace relationships and your client caseload. It's completely valid to feel unsettled by that.

If you can tolerate the current environment and genuinely be",0.0718546485900875,0.014296524083354275
"It's completely understandable that you feel hurt and confused. Your friend said things wouldn't change, and it's painful when actions don't match those words. Even when someone has good intentions, disclosure can shift dynamics in ways neither person expects, and his avoidance likely reflects his own discomfort rather than anything wrong with you.

For now, the healthiest approach may be to give him some space while letting him know you still value the friendship when he's ready. Pushing for a conversation he's avoiding might create more distance. In the meantime, focus on other connections and activities that bring you fulfillment. If time passes and he continues to shut you out, you may need to gently accept that the friendship has changed, even if that wasn't what either of you wanted. That loss is real, and it's okay to grieve it.","It's completely understandable that you feel hurt and confused. Your friend said things wouldn't change, and it's painful when actions don't match those words. Even when someone has good intentions, disclosure can shift dynamics in ways neither person expects, and his avoidance likely reflects his o",0.061764101982117126,0.014916894169274972
"It's completely understandable that you're feeling hurt and left out. Wanting to be part of your grandson's life is a natural and loving desire, and the silence from your son is painful, especially given your history.

The first few weeks with a newborn are often overwhelming for new parents, and they may simply be exhausted or focused on adjusting. That said, your feelings matter too. Rather than waiting and building resentment, consider reaching out with a gentle, low-pressure message — something like expressing love for them and the baby, acknowledging this is a busy time, and letting them know you'd love to visit when they're ready. Keep it warm and avoid rehashing past conflicts. This approach shows you respect their boundaries while also expressing your desire to be involved. If they don't respond positively, you may need to accept their timeline, but taking the first step with kindness can help open the door. If the emotional weight becomes too heavy, talking with a counselor could help you process these feelings.","It's completely understandable that you're feeling hurt and left out. Wanting to be part of your grandson's life is a natural and loving desire, and the silence from your son is painful, especially given your history.

The first few weeks with a newborn are often overwhelming for new parents, and th",0.08160938978195187,0.01302254588846182
"You have the right to seek mental health support, regardless of your husband's wishes. Your well-being matters, and accessing care is your personal decision.

Regarding privacy: mental health providers are bound by confidentiality laws and cannot share your information with anyone, including your spouse, without your written consent. However, insurance can be more complicated. If you're on a shared insurance plan, Explanation of Benefits (EOB) statements may be sent to the primary policyholder, which could include general information about services used. You can call your insurance company directly and ask about their privacy options—some plans offer alternative communication methods or allow you to request confidential communications.

If you're concerned about safety or feel pressured in ways that worry you, consider reaching out to a domestic violence hotline (1-800-799-7233) to talk through your situation confidentially. They can help you think through your options safely.

You deserve support, and there are people who can help you navigate this.","You have the right to seek mental health support, regardless of your husband's wishes. Your well-being matters, and accessing care is your personal decision.

Regarding privacy: mental health providers are bound by confidentiality laws and cannot share your information with anyone, including your sp",0.01797585964202897,0.013327837875543279
"That's a thoughtful question, and there's no one-size-fits-all answer. Your partner's involvement in your counseling process can range from minimal to more active, depending on your goals and comfort level. Some people find that having their partner attend occasional sessions helps improve communication and mutual understanding, which can certainly support a marriage. However, individual counseling also provides important space for personal reflection and growth that can indirectly benefit the relationship.

If your primary goal is strengthening the marriage, you might also consider couples counseling, which is specifically designed for that purpose. It would be worth discussing with your counselor what level of partner involvement makes sense for your situation, as they can help you determine what approach might be most helpful. Every relationship is different, and what works well for one couple may not be the right fit for another.","That's a thoughtful question, and there's no one-size-fits-all answer. Your partner's involvement in your counseling process can range from minimal to more active, depending on your goals and comfort level. Some people find that having their partner attend occasional sessions helps improve communica",0.019001142978668284,0.013553748362419727
"It sounds like you care deeply about your mother, and wanting to understand what she's going through is a meaningful first step. Depression can be long-lasting, and the fear of going outside she's experiencing might be related to anxiety, agoraphobia, or simply the way depression can make the world feel overwhelming. Only a mental health professional could properly assess what she's dealing with, though.

You can support her by gently encouraging her to speak with a doctor or therapist, offering to help her find someone or even attend an appointment with her if she'd like. Small gestures matter too—regular check-ins, spending quiet time together, or helping her feel less isolated without pressuring her to do more than she can manage. Remember that you can't fix this for her, and that's okay. Please also take care of yourself, as supporting someone with depression can be heavy. If she ever expresses thoughts of self-harm or hopelessness, please reach out to a crisis line or emergency services right away.","It sounds like you care deeply about your mother, and wanting to understand what she's going through is a meaningful first step. Depression can be long-lasting, and the fear of going outside she's experiencing might be related to anxiety, agoraphobia, or simply the way depression can make the world ",0.05288951396942121,0.013258781418892949
"It sounds like you're dealing with a concerning situation, and it's understandable you're looking for answers. Some of what you're describing, like reduced sleep, intense goal-focused energy, and difficulty staying on task, can be associated with conditions like bipolar disorder, but only a qualified mental health professional can evaluate that properly.

What matters most right now is her wellbeing and your relationship. If she's open to it, gently encouraging her to speak with a doctor or mental health professional could be a meaningful step. You might frame it around your care for her, saying you've noticed she seems exhausted or stretched thin and you want to support her in feeling more balanced.

In the meantime, take care of yourself too. Supporting a partner through something like this can be stressful, and your feelings about the relationship impact are valid. If things feel overwhelming for either of you, reaching out to a professional or a support line can help you navigate what comes next.","It sounds like you're dealing with a concerning situation, and it's understandable you're looking for answers. Some of what you're describing, like reduced sleep, intense goal-focused energy, and difficulty staying on task, can be associated with conditions like bipolar disorder, but only a qualifie",0.040276994705199964,0.012292326241845727
"It's understandable to feel confused and frustrated when a family member's behavior shifts dramatically and affects everyone around them. What you're describing—swinging between periods of high energy and very low moods—could reflect a range of things, including mental health conditions that benefit from professional support. It's often hard to know from the outside what someone is truly experiencing, and even behaviors that seem attention-seeking can sometimes signal genuine distress.

Encouraging your mom to speak with a healthcare professional could be a meaningful step. A doctor or mental health provider can properly assess what's going on and recommend appropriate support. You might also find it helpful to talk to someone yourself, as navigating a family member's mental health can be emotionally taxing. If you're in the US, NAMI (1-800-950-6264) offers guidance for family members. Your feelings and well-being matter throughout this process too.","It's understandable to feel confused and frustrated when a family member's behavior shifts dramatically and affects everyone around them. What you're describing—swinging between periods of high energy and very low moods—could reflect a range of things, including mental health conditions that benefit",0.07588715791702327,0.012654740136927885
"It sounds like you're dealing with a friendship dynamic that feels overwhelming and confusing. Your friend's constant check-ins likely come from anxiety or insecurity about new relationships, but that doesn't mean you have to manage her feelings or be available around the clock.

It's okay to set gentle boundaries. You might say something like, ""I value our friendship, and I don't always have the bandwidth to text back right away, but that doesn't mean I'm upset with you."" If her reassurance-seeking continues to feel excessive, you can also be more direct: ""I've noticed you check in a lot about whether I'm still interested in being friends. I am, but the frequent check-ins are a lot for me.""

Her reaction to that conversation will tell you a lot. A healthy friendship should feel comfortable for both people, not like one person is constantly managing the other's anxiety. If the pattern continues despite clear communication, it's okay to step back and reassess how much energy you can invest in this connection.","It sounds like you're dealing with a friendship dynamic that feels overwhelming and confusing. Your friend's constant check-ins likely come from anxiety or insecurity about new relationships, but that doesn't mean you have to manage her feelings or be available around the clock.

It's okay to set ge",0.031008491516113068,0.011861323177259851
"It sounds really stressful to feel like you can't trust someone close to you, especially when money is tight. Before confronting your son, consider taking a moment to calm down so the conversation can stay focused on facts rather than accusations, which may help keep things from escalating. You might say something like, ""I've noticed money missing and I need to talk with you about it,"" and give him a chance to respond.

It may also help to secure your money going forward—perhaps in a bank account or a locked box—so you have peace of mind regardless of the outcome. If you're comfortable, consider involving another trusted family member or friend as a mediator. If the conversation becomes heated or you feel unsafe, please reach out to someone you trust or a local helpline for support. You deserve to feel secure in your own home.","It sounds really stressful to feel like you can't trust someone close to you, especially when money is tight. Before confronting your son, consider taking a moment to calm down so the conversation can stay focused on facts rather than accusations, which may help keep things from escalating. You migh",0.0817184543609617,0.011914371944447135
"It’s completely understandable to feel hurt and excluded when friends cancel plans but then post about going out without you. That kind of inconsistency is painful, and your feelings of frustration are valid.

Before sending a group text, it might help to take a moment to cool down and then reach out to one or two people individually. A calmer conversation where you express how their actions made you feel — rather than labeling their behavior — is more likely to lead to understanding and positive change in the friendship. People often respond defensively to criticism, even when it’s deserved, so framing it around your experience (""I felt hurt when…"") can open the door to honest dialogue. You deserve friendships where you feel valued and included, and having a direct, respectful conversation can help clarify whether these relationships can grow or whether it might be time to invest in connections that feel more mutual.","It’s completely understandable to feel hurt and excluded when friends cancel plans but then post about going out without you. That kind of inconsistency is painful, and your feelings of frustration are valid.

Before sending a group text, it might help to take a moment to cool down and then reach ou",0.04206448554992637,0.013300265610697424
"It's understandable to feel uncertain about what your child is experiencing. Imaginary friends are common in childhood, but if ""Bob"" feels different from typical imaginative play, or if your child seems to genuinely see or hear someone who feels real to them, it's worth exploring gently. Try asking open, non-judgmental questions like, ""What does Bob talk about?"" or ""How does it feel when Bob is around?"" This can help you understand more without making your child feel defensive or ashamed.

If the experiences persist, interfere with daily life, or if you notice other changes in mood, behavior, or social interactions, consider consulting your child's pediatrician or a child mental health professional. They can help determine whether this falls within typical development or warrants further evaluation. What matters most is that your child feels safe and supported, and it sounds like you're approaching this with care and concern, which is a wonderful starting point.","It's understandable to feel uncertain about what your child is experiencing. Imaginary friends are common in childhood, but if ""Bob"" feels different from typical imaginative play, or if your child seems to genuinely see or hear someone who feels real to them, it's worth exploring gently. Try asking ",0.045077419281005504,0.01194698360780934
"It's understandable to feel concerned when your child shares stories like this, but it's actually quite common for children to invent elaborate or surprising tales. Kids often experiment with storytelling as a way to explore boundaries, test reactions, express creativity, or process feelings they might not fully understand yet. Sometimes these stories reflect something they've seen in media or heard from peers, and other times they're simply exploring what feels exciting or taboo.

You might try responding with calm curiosity rather than alarm—asking open-ended questions like, ""That's an interesting story—where did you get that idea?"" can help you understand what's behind it without reinforcing the behavior. If the stories seem to be escalating, causing distress, or interfering with daily life, consulting a child psychologist or school counselor could provide additional guidance tailored to her age and developmental stage.","It's understandable to feel concerned when your child shares stories like this, but it's actually quite common for children to invent elaborate or surprising tales. Kids often experiment with storytelling as a way to explore boundaries, test reactions, express creativity, or process feelings they mi",0.04913104057312001,0.01652495501337858
"You're not being paranoid—this sounds like a meaningful change worth taking seriously. Sudden or frequent forgetfulness, especially with basic information like the date or daily routines, can have many possible causes, ranging from stress and sleep issues to neurological or medical conditions that need evaluation. Trusting your instincts here is the right call.

The best thing you can do is gently encourage your friend to see a healthcare professional soon. You might say something like, ""I've noticed you've been forgetting things lately, and I care about you—I think it's worth getting checked out."" If he's resistant, see if another trusted friend or family member can help. If at any point he seems confused, disoriented, or unsafe, don't hesitate to seek immediate medical attention. You're being a good friend by paying attention.","You're not being paranoid—this sounds like a meaningful change worth taking seriously. Sudden or frequent forgetfulness, especially with basic information like the date or daily routines, can have many possible causes, ranging from stress and sleep issues to neurological or medical conditions that n",0.051118507385254475,0.013340388243264514
"It's understandable to feel worried when your daughter's behavior changes so noticeably. The symptoms you're describing — staring off, not responding, social withdrawal, and a shift from outgoing to quiet — could stem from many possible causes, including anxiety, depression, dissociation, a neurological concern, or a response to stress or something difficult she may be processing. Only a qualified professional can properly assess what's happening.

I'd strongly encourage you to reach out to her pediatrician as a first step. They can help evaluate her and refer you to a child psychologist, psychiatrist, or neurologist if needed. In the meantime, try gently checking in with her in a calm, low-pressure way — ""I've noticed you seem quiet lately, and I'm here whenever you want to talk."" Avoid pressing her for answers, but let her know she's safe and supported. You're doing the right thing by paying attention and seeking guidance.","It's understandable to feel worried when your daughter's behavior changes so noticeably. The symptoms you're describing — staring off, not responding, social withdrawal, and a shift from outgoing to quiet — could stem from many possible causes, including anxiety, depression, dissociation, a neurolog",0.0378381061553954,0.01620718370662599
"It's understandable to feel concerned, but creating an imaginary friend at this age—especially during a big transition like starting at a new school—is actually quite common and not necessarily a regression. Children sometimes use imaginary friends to process new emotions, practice social skills, or cope with feelings of loneliness or uncertainty in an unfamiliar environment. Laila may be using ""Kendra"" as a way to navigate the stress of adjusting to a new school and making real friends.

That said, if you notice other changes—like increased anxiety, withdrawal, difficulty distinguishing reality from fantasy in other areas, or if the imaginary friend persists long after she's settled in—it could be worth checking in with her pediatrician or a school counselor for guidance. In the meantime, you might gently engage with her stories about Kendra without making her feel judged, while also encouraging real-world social opportunities. Often, as children feel more secure in their new environment, imaginary friends naturally fade away.","It's understandable to feel concerned, but creating an imaginary friend at this age—especially during a big transition like starting at a new school—is actually quite common and not necessarily a regression. Children sometimes use imaginary friends to process new emotions, practice social skills, or",0.04435987949371345,0.013475330325670675
"It's understandable to feel worried, and you're right to pay attention to these changes. Beyond memory issues, watch for difficulty with familiar tasks, confusion about time or place, mood or personality changes, trouble finding words, poor judgment, withdrawal from activities, and problems with planning or problem-solving.

When talking with your mom, try framing it around her wellbeing rather than a diagnosis. You might say, ""I love you and want to make sure you're healthy. Since you've missed some appointments, let's go together for a check-up."" Offering to accompany her can reduce anxiety. Some people respond better to the idea of a ""baseline cognitive check"" rather than ""dementia screening."" If she's resistant, a trusted doctor or family friend might help. Early evaluation can rule out reversible causes like medication interactions or vitamin deficiencies, and if it is dementia, early planning makes a real difference.","It's understandable to feel worried, and you're right to pay attention to these changes. Beyond memory issues, watch for difficulty with familiar tasks, confusion about time or place, mood or personality changes, trouble finding words, poor judgment, withdrawal from activities, and problems with pla",0.042365322113036896,0.015498908929631457
"It's understandable to feel worried when you see these changes in your son. While some withdrawal and private time can be typical during adolescence, prolonged isolation, talking to oneself, and laughing without an apparent trigger could signal something that deserves professional attention. These behaviors can be associated with several conditions—or they could reflect stress, anxiety, or another emotional struggle—so it's important not to jump to conclusions.

The best next step would be to have a gentle, nonjudgmental conversation with your son about how he's been feeling, and to reach out to a mental health professional or his pediatrician for a proper evaluation. Early support can make a meaningful difference, whatever the underlying cause may be. You're clearly caring and observant, and seeking guidance is the right thing to do. If you ever notice signs of immediate risk—such as self-harm or thoughts of suicide—please contact emergency services or a crisis line right away.","It's understandable to feel worried when you see these changes in your son. While some withdrawal and private time can be typical during adolescence, prolonged isolation, talking to oneself, and laughing without an apparent trigger could signal something that deserves professional attention. These b",0.0662984848022461,0.011950160223802294
"It’s understandable to feel concerned when a coworker’s behavior seems unusual. However, it’s difficult to know what someone is experiencing from the outside. People talk to themselves for many reasons—processing thoughts, recalling conversations, or even using a Bluetooth device that’s hard to see. Random laughter can also have many explanations.

The most important thing is to avoid making assumptions about his mental health. If his behavior is affecting the workplace or you feel genuinely concerned for his wellbeing, consider speaking privately with your manager or HR, who can check in appropriately and connect him with any available support resources. If you ever sense someone may be in immediate danger to themselves or others, encourage contacting emergency services or a crisis line.

Approaching the situation with compassion and leaving any assessment to qualified professionals is the safest path forward.","It’s understandable to feel concerned when a coworker’s behavior seems unusual. However, it’s difficult to know what someone is experiencing from the outside. People talk to themselves for many reasons—processing thoughts, recalling conversations, or even using a Bluetooth device that’s hard to see.",0.06006003379821845,0.01636688514368376
"It sounds like you're carrying a lot of pressure, and it's completely understandable that grad school's demands feel overwhelming. The gap between others' expectations and your own experience can be exhausting, especially when you're working hard but feeling like it's never enough.

A few things might help: First, consider breaking tasks into smaller, timed intervals (like 25-minute focused sessions with short breaks) to make starting feel less daunting. Second, try to limit comparisons—many students hide their struggles, so you may not be as far behind as you think. Third, if focus difficulties are significantly impacting your daily life, it could be worth talking to a campus counselor or healthcare provider who can offer personalized support and explore whether something deeper is affecting your concentration. You deserve support that meets your actual needs, not just the expectations others have placed on you.","It sounds like you're carrying a lot of pressure, and it's completely understandable that grad school's demands feel overwhelming. The gap between others' expectations and your own experience can be exhausting, especially when you're working hard but feeling like it's never enough.

A few things mig",0.05641286849975602,0.012388923342978347
"It sounds like you've been working hard to support your daughter, and it's understandable to feel concerned when these challenges persist. Some of what you're describing—difficulty with potty training, limited eye contact, and looking ""through"" people rather than at them—can be part of a range of developmental differences that are best understood through a professional evaluation.

I'd encourage you to talk with her pediatrician about what you're observing. They can refer you to a developmental specialist or early intervention program, which can provide a thorough assessment and, if needed, tailored strategies and therapies. Early support can make a meaningful difference, and you don't need to wait for things to resolve on their own before seeking guidance.

In the meantime, try to keep interactions low-pressure—forcing potty time when she's distressed may increase her anxiety around it. Follow her interests, celebrate small wins, and be gentle with yourselves too. You're clearly advocating for her, and that matters a lot.","It sounds like you've been working hard to support your daughter, and it's understandable to feel concerned when these challenges persist. Some of what you're describing—difficulty with potty training, limited eye contact, and looking ""through"" people rather than at them—can be part of a range of de",0.07668928384780926,0.016118182413249013
"It's understandable to feel concerned when you notice changes in a friend's health or body, especially when the reasons aren't clear. There are many possible explanations for weight loss, including stress, medical conditions, changes in metabolism, or medication, and it's natural to feel curious or even a bit hurt if you sense she's not being fully open.

Rather than assuming she's trying to deceive anyone, consider approaching her with care and genuine concern. You might say something like, ""I've noticed you've lost some weight recently and I just wanted to check in — is everything okay?"" This opens the door without accusation. Keep in mind that people have many reasons for not sharing personal health decisions, including privacy, fear of judgment, or simply not wanting to make it a topic of conversation. If she's not ready to discuss it, respecting her boundaries while letting her know you care is often the most supportive thing you can do.","It's understandable to feel concerned when you notice changes in a friend's health or body, especially when the reasons aren't clear. There are many possible explanations for weight loss, including stress, medical conditions, changes in metabolism, or medication, and it's natural to feel curious or ",0.05259667873382545,0.010538872402521948
"It's completely valid to trust your instincts about your own body. Symptoms like fatigue, hair loss, and weight changes can have many medical causes beyond depression, such as thyroid conditions or other physical health issues. It's important to bring these concerns to a healthcare professional who can properly evaluate you rather than relying on anyone's opinion, even someone close to you.

Regarding your husband's responses, whether or not it meets the definition of gaslighting, what matters is that you're feeling dismissed and unheard when you know something feels off in your body. You deserve to have your concerns taken seriously. Consider sharing with him how his reactions make you feel, and in the meantime, prioritize scheduling an appointment with your doctor to discuss all of your symptoms openly. You are your best advocate for your health.","It's completely valid to trust your instincts about your own body. Symptoms like fatigue, hair loss, and weight changes can have many medical causes beyond depression, such as thyroid conditions or other physical health issues. It's important to bring these concerns to a healthcare professional who ",0.048703694343566806,0.012462036336928887
"Hearing your husband talking to someone else can be painful and confusing, and it's completely understandable that you want to address it. Before confronting him, take some time to process your own feelings so you can approach the conversation from a calmer place rather than pure anger or hurt.

Choose a quiet, private moment when you're both relatively calm. Use ""I"" statements to express what you experienced and how it made you feel, such as ""I heard you talking to someone, and I felt really hurt and confused."" Be direct but open to hearing his perspective. Ask questions and listen to his response without immediately jumping to conclusions.

Think about what you need from the conversation moving forward, whether that's honesty, reassurance, or a deeper discussion about your relationship. If the conversation feels too difficult to navigate alone, couples counseling can provide a safe space to work through these issues together. You deserve honesty and respect in your relationship, and it's okay to advocate for that.","Hearing your husband talking to someone else can be painful and confusing, and it's completely understandable that you want to address it. Before confronting him, take some time to process your own feelings so you can approach the conversation from a calmer place rather than pure anger or hurt.

Cho",0.028926768302917516,0.014277919256718662
"I'm not able to diagnose anyone, and only a qualified mental health professional can determine whether someone has schizophrenia or another condition. If you're noticing changes in your husband's thinking, behavior, or perception—such as confusion, withdrawal, unusual beliefs, or hearing things that aren't there—those could be worth discussing with a professional.

I'd encourage you to talk with your husband about your concerns, if it feels safe to do so, and suggest he speak with a doctor or mental health specialist. If he's in distress or you're worried about his safety, reaching out to a healthcare provider or a local mental health helpline can be a good next step. Taking care of your own well-being matters too, so please seek support for yourself if you need it.","I'm not able to diagnose anyone, and only a qualified mental health professional can determine whether someone has schizophrenia or another condition. If you're noticing changes in your husband's thinking, behavior, or perception—such as confusion, withdrawal, unusual beliefs, or hearing things that",0.05611160755157485,0.011637572605201207
"I'm really glad you reached out, even though it feels hard to talk about. What you're describing sounds incredibly heavy, and I want you to know that your struggles are valid—many people do face similar feelings, even if they don't show it. Please take the thought about not being around seriously as a sign you deserve support right now. Consider reaching out to a crisis line like 988 (call or text) if you're in the U.S., or a local emergency service if you feel you're in immediate danger. Talking to someone who's trained to listen can help.

You don't have to carry this alone, and reaching out to someone you trust—even just one person—can be a meaningful first step. You deserve care and support, and I hope you'll give yourself the chance to receive it.","I'm really glad you reached out, even though it feels hard to talk about. What you're describing sounds incredibly heavy, and I want you to know that your struggles are valid—many people do face similar feelings, even if they don't show it. Please take the thought about not being around seriously as",0.07120952606201181,0.010701649791734916
"Thank you for sharing something so personal. What you're describing sounds really distressing, and it's completely understandable to feel frustrated and worried about it. Please know that struggling with eating doesn't mean something is ""wrong"" with you as a person — many people experience similar challenges with feeling unable to stop eating even when full.

These kinds of patterns can happen for many reasons, including stress, emotional needs, biological factors, or restrictive eating earlier in the day. The guilt cycle you're describing — eating past fullness, then regretting it — is very common and can actually reinforce the pattern. You don't have to navigate this alone, and you deserve support without judgment.

Consider reaching out to a healthcare professional, such as a doctor, registered dietitian, or therapist who works with eating concerns. They can help you understand what's driving this and develop strategies that feel compassionate rather than punishing. You took a brave step by talking about this, and that matters.","Thank you for sharing something so personal. What you're describing sounds really distressing, and it's completely understandable to feel frustrated and worried about it. Please know that struggling with eating doesn't mean something is ""wrong"" with you as a person — many people experience similar c",0.051201605796813876,0.013720712955047547
"I'm really concerned that you're hitting yourself, and I want you to know that you don't deserve to be hurt by anyone, including yourself. The length of a relationship doesn't measure your worth or whether you were ""good enough""—sometimes things just don't work out, and that's not a reflection of you being broken or bad. Please reach out to someone right now, like the Crisis Text Line (text HOME to 741741) or the 988 Suicide & Crisis Lifeline, so you can talk through what you're feeling with someone who can support you.

Your feelings of sadness and frustration make sense, but punishing yourself isn't the answer. You deserve care and compassion, especially from yourself. Please consider reaching out to a trusted friend, family member, or counselor who can be with you right now. You matter, and this painful moment doesn't define you.","I'm really concerned that you're hitting yourself, and I want you to know that you don't deserve to be hurt by anyone, including yourself. The length of a relationship doesn't measure your worth or whether you were ""good enough""—sometimes things just don't work out, and that's not a reflection of yo",0.05781198501586893,0.009605886699780578
"Thank you for sharing something so personal and painful. What you're describing sounds like it could be trichotillomania, a recognized condition where hair pulling becomes a way of coping with anxiety or tension. It's not a weakness or a character flaw—it's a real struggle that many people face, and feeling ashamed about it only adds to the cycle you're describing.

You're caught in a loop: anxiety leads to pulling, pulling leads to shame, and shame fuels more anxiety. That doesn't make you a loser; it makes you human and stuck in something that's genuinely hard to manage alone.

A therapist, particularly one who works with body-focused repetitive behaviors or uses approaches like CBT or habit reversal training, could help you develop tools to interrupt this cycle with compassion rather than punishment. You deserve support that addresses both the pulling and the anxiety underneath it. Please consider reaching out to a mental health professional when you're ready.","Thank you for sharing something so personal and painful. What you're describing sounds like it could be trichotillomania, a recognized condition where hair pulling becomes a way of coping with anxiety or tension. It's not a weakness or a character flaw—it's a real struggle that many people face, and",0.0646189427375794,0.015012598435257343
"I'm so sorry you're going through this—discovering infidelity after eight years is devastating, and your pain is completely valid. It's natural to feel hurt and to compare yourself, but please know that his choice to cheat reflects on him, not on your worth or appearance. You deserve someone who is faithful and values you as you are.

I understand the urge to numb the pain, but drinking a bottle of wine nightly isn't a safe or sustainable way to cope. Alcohol can intensify difficult emotions over time and create additional problems. Please consider reaching out to a trusted friend, family member, or a counselor who can support you through this. You don't have to face this alone, and you deserve real care—not just temporary relief that may ultimately cause more harm.","I'm so sorry you're going through this—discovering infidelity after eight years is devastating, and your pain is completely valid. It's natural to feel hurt and to compare yourself, but please know that his choice to cheat reflects on him, not on your worth or appearance. You deserve someone who is ",0.07574227333068784,0.01310077006793112
"It sounds like you're going through a really painful time, and turning forty can bring up a lot of difficult feelings about where we thought we'd be. You deserve compassion, not judgment, as you navigate this.

I want to be honest with you because I care about your wellbeing: asking someone if they're disease-free isn't reliable protection against STIs, because many infections have no symptoms and people may not know their status. The pill protects against pregnancy but not infections. Getting tested regularly and using condoms are important steps for your health. What you're describing—the drinking, the hookups—sounds like it might be a way of coping with deeper pain, and you don't have to face that alone. Consider reaching out to a counselor or therapist who can help you work through these feelings in a safe space. You could also visit a sexual health clinic for testing and non-judgmental support. Your life has value at forty and beyond, and things can get better with support.","It sounds like you're going through a really painful time, and turning forty can bring up a lot of difficult feelings about where we thought we'd be. You deserve compassion, not judgment, as you navigate this.

I want to be honest with you because I care about your wellbeing: asking someone if they'",0.07987799882888824,0.012186221522947783
"It sounds really hard to feel constantly worried and upset, especially when you're not getting the support you need from your mom. What you're describing — persistent worry and feeling overwhelmed by small things — is something many people struggle with, and your feelings are valid. It's not your fault, and you deserve to feel better.

Even if your mom isn't helping right now, there are other options. You can talk to a school counselor, teacher, or another trusted adult who can help you figure out next steps. You can also reach out to a youth helpline or text line (like texting HOME to 741741 in the U.S.) to talk with someone who can listen and help you find resources. If you ever feel like you're in crisis or unsafe, please contact emergency services or a crisis line right away. You don't have to handle this alone.","It sounds really hard to feel constantly worried and upset, especially when you're not getting the support you need from your mom. What you're describing — persistent worry and feeling overwhelmed by small things — is something many people struggle with, and your feelings are valid. It's not your fa",0.10811249971389758,0.011623387800404715
"It sounds really exhausting to deal with that constant mental traffic all day, and it's completely understandable that you're feeling frustrated. What you're describing—racing thoughts, difficulty focusing, and feeling overwhelmed—can feel really isolating, especially when the people around you have different opinions about what's going on.

I can't tell you whether you have ADHD or not, as only a qualified healthcare professional can make that assessment. What I can say is that your experience is valid, and it's okay to want answers. Many people go through similar struggles, and there are supports and strategies that can genuinely help make things more manageable—whether or not a diagnosis is part of the picture.

Consider talking to a school counselor, doctor, or another trusted adult who can help you explore what's going on and connect you with the right resources. You deserve to feel heard and supported, and you don't have to just ""deal with it"" on your own.","It sounds really exhausting to deal with that constant mental traffic all day, and it's completely understandable that you're feeling frustrated. What you're describing—racing thoughts, difficulty focusing, and feeling overwhelmed—can feel really isolating, especially when the people around you have",0.09035516977310154,0.014082772645897152
"You're not broken, and you're not alone in feeling this way. What you're describing sounds like intense perfectionism and academic anxiety, which can create an exhausting cycle where the harder you push, the worse you feel. Comparing yourself to other students often makes it worse, since you're seeing their outside while battling your own inside.

Going days without sleep is serious and can affect both your mental and physical health. Please consider reaching out to your campus counseling center or a mental health professional—they're familiar with exactly this kind of struggle and can help you develop healthier ways to cope. You deserve support, not just better grades.

Your worth isn't measured by a GPA, and asking for help is a sign of strength, not failure.","You're not broken, and you're not alone in feeling this way. What you're describing sounds like intense perfectionism and academic anxiety, which can create an exhausting cycle where the harder you push, the worse you feel. Comparing yourself to other students often makes it worse, since you're seei",0.03408158302307118,0.01224354521149765
"You're not being dramatic. What you're describing—flashbacks and constantly thinking about the past—sounds genuinely painful, and your mind and body are responding to something that affected you. Pain isn't a competition; what matters is that you're hurting and having a hard time coping, and that's real regardless of how your experiences compare to anyone else's.

It's very common to minimize what we've been through, especially when intrusive memories make us feel like we should just ""get over it."" But healing isn't about willpower, and being stuck doesn't mean you're weak or exaggerating. It often means you're carrying something that hasn't been fully processed yet. A mental health professional could help you understand what's happening and work through it at your own pace—you deserve support for what you're experiencing, not judgment.","You're not being dramatic. What you're describing—flashbacks and constantly thinking about the past—sounds genuinely painful, and your mind and body are responding to something that affected you. Pain isn't a competition; what matters is that you're hurting and having a hard time coping, and that's ",0.07108799219131479,0.014432387550093828
"It's not too much to hope for at all. What you're describing sounds like a stress response that has escalated, and that can happen when pressure builds without enough outlets or support. The urges and behaviors you're experiencing are more common than you might think, and they don't make you a freak. They're a sign that you're overwhelmed, not that something is fundamentally wrong with you.

Consider reaching out to a mental health professional who can help you understand what's driving this and develop strategies to manage the urges before they escalate. A school counselor could be a good starting point if you don't know where else to turn. You deserve support with this, and people do find ways to reduce these behaviors and feel more in control again.","It's not too much to hope for at all. What you're describing sounds like a stress response that has escalated, and that can happen when pressure builds without enough outlets or support. The urges and behaviors you're experiencing are more common than you might think, and they don't make you a freak",0.0680132794380186,0.011075485983519328
"It sounds like starting fresh at a new school has been really overwhelming, and it's completely understandable to feel like you don't fit into the existing boxes everyone else seems to occupy. High school social scenes can feel rigid and exhausting, especially when you're the new person trying to find your footing.

There's absolutely nothing wrong with being ""normal"" — or more accurately, being someone who doesn't neatly fit into a labeled category. That's actually most people, even if it doesn't look that way from the outside. Starting your own group or simply finding one or two people you genuinely connect with is a great approach. You don't need to force yourself into a clique that doesn't feel authentic just to belong somewhere. Give it time, stay open to unexpected friendships, and remember that the right people will appreciate you for exactly who you are.","It sounds like starting fresh at a new school has been really overwhelming, and it's completely understandable to feel like you don't fit into the existing boxes everyone else seems to occupy. High school social scenes can feel rigid and exhausting, especially when you're the new person trying to fi",0.05055785655975331,0.01279614251940049
"Thank you for sharing something so personal. What you're describing isn't weird—many people struggle with intense self-criticism and physical reactions to frustration. But I'm concerned because hitting yourself or pulling your hair can cause harm, and you deserve support and care, not punishment for being human. Everyone makes mistakes, and feeling frustrated with yourself makes sense, but hurting yourself isn't something you have to manage alone.

Please consider reaching out to a mental health professional who can help you find healthier ways to cope with these feelings. You can also contact a crisis line like 988 (if you're in the US) anytime you need immediate support. You deserve compassion, especially from yourself.","Thank you for sharing something so personal. What you're describing isn't weird—many people struggle with intense self-criticism and physical reactions to frustration. But I'm concerned because hitting yourself or pulling your hair can cause harm, and you deserve support and care, not punishment for",0.0827183914184575,0.013587083065245052
"What you're describing is actually a really common experience, and it doesn't mean anything is wrong with you as a person. Many people who appear happy and confident are also struggling underneath — we just don't see each other's inner worlds. Feeling empty or disconnected, even when life looks ""good"" on paper, can happen for all sorts of reasons, and it doesn't invalidate what you're going through.

You deserve to explore these feelings with someone who can help you understand them and find a way forward. Consider reaching out to a mental health professional who can offer a safe space to talk through what you're experiencing. You don't need to justify your feelings or have a ""good enough reason"" to seek support — struggling is reason enough.","What you're describing is actually a really common experience, and it doesn't mean anything is wrong with you as a person. Many people who appear happy and confident are also struggling underneath — we just don't see each other's inner worlds. Feeling empty or disconnected, even when life looks ""goo",0.08358432054519715,0.012856832038183117
"It's really normal to feel curious and to have questions about sexuality, especially in middle school. Feeling guilty doesn't automatically mean something is wrong—guilt often comes from worrying about what others might think rather than from the thing itself. Your friends are right that curiosity is a normal part of growing up.

That said, the fact that you're feeling conflicted is worth paying attention to. Sometimes when we feel uneasy about something, it can help to talk it through with a trusted adult—not necessarily your parents right away if that feels too scary, but maybe a school counselor, a teacher you trust, or another adult you feel safe with. They can help you sort through your feelings without judgment. You deserve a space to ask questions and figure things out at your own pace. You're not bad for being curious, and you're not alone in feeling unsure.","It's really normal to feel curious and to have questions about sexuality, especially in middle school. Feeling guilty doesn't automatically mean something is wrong—guilt often comes from worrying about what others might think rather than from the thing itself. Your friends are right that curiosity i",0.08200931549072266,0.012128422220436169
"It's completely valid to feel neutral about your parents' divorce, and you know yourself better than anyone. Therapy tends to be most helpful when you genuinely want to explore something, not when you're just going through the motions to satisfy others. That said, sometimes feeling ""nothing"" can itself be worth understanding, and a good counselor won't force you to talk about the divorce if that's not what you need.

Your observation about your parents is fair — if they're still arguing, they might benefit from support too. Rather than using homework as an excuse, consider being honest with them: you've reflected on it, you don't feel strongly about the divorce, and you'd rather not spend time in counseling right now. If that changes later, you can revisit it. Ultimately, this is your time and your emotional experience, and you get to decide what feels right for you.","It's completely valid to feel neutral about your parents' divorce, and you know yourself better than anyone. Therapy tends to be most helpful when you genuinely want to explore something, not when you're just going through the motions to satisfy others. That said, sometimes feeling ""nothing"" can its",0.03440230131149313,0.012431250518735873
"What you're describing is incredibly common, even though it's rarely talked about. Becoming a mother involves a massive identity shift, and grieving your previous life doesn't make you a bad mom—it makes you human. The love you feel for your baby and the grief over losing your independence can coexist, and both are valid.

Your husband's different experience doesn't reflect on you either; everyone processes this transition differently. And those ""happy"" moms you see? Many are struggling silently behind closed doors.

Please consider talking to your healthcare provider about these feelings, as what you're describing could be signs of postpartum depression, which is common and treatable. You deserve support through this transition. You haven't lost yourself forever—you're just in the hardest part of a major life change right now.","What you're describing is incredibly common, even though it's rarely talked about. Becoming a mother involves a massive identity shift, and grieving your previous life doesn't make you a bad mom—it makes you human. The love you feel for your baby and the grief over losing your independence can coexi",0.06819898843765282,0.012707421883301245
"There is absolutely nothing wrong with you. It's painful when it feels like everyone around you is moving forward in ways you haven't yet, but your timeline is uniquely yours, and there's no universal ""right"" age for relationships to happen. Many people don't find their first partner until later in life, and that doesn't make their eventual connections any less meaningful.

What you're noticing is likely a combination of social media amplifying others' milestones and the fact that people in their mid-20s are indeed at an age where some start pairing off—but that doesn't mean everyone is, or that being single at this stage reflects any flaw in you. Worthwhile connections often come when we're not forcing them, and your relationship status doesn't define your value. Be gentle with yourself right now.","There is absolutely nothing wrong with you. It's painful when it feels like everyone around you is moving forward in ways you haven't yet, but your timeline is uniquely yours, and there's no universal ""right"" age for relationships to happen. Many people don't find their first partner until later in ",0.05187128543853747,0.012109732821355993
"I'm concerned about the desire to lose weight quickly, especially as a young person. Rapid weight loss can be harmful to your body and mind, and ""getting skinny fast"" often involves unhealthy behaviors that can lead to serious problems.

Your body is still growing and developing, and it deserves nourishment and care. If you're feeling unhappy with your body, please consider talking to a trusted adult, parent, school counselor, or doctor. They can help you understand what's healthy for you.

If you're struggling with body image or thoughts about restricting food, you can also reach out to organizations like the National Eating Disorders Association (NEDA) at 1-800-931-2237 or through their crisis text line by texting ""NEDA"" to 741741.

You deserve support and kindness, including from yourself. Please take care.","I'm concerned about the desire to lose weight quickly, especially as a young person. Rapid weight loss can be harmful to your body and mind, and ""getting skinny fast"" often involves unhealthy behaviors that can lead to serious problems.

Your body is still growing and developing, and it deserves nou",0.03614446401596094,0.013927020790456308
"It takes courage to acknowledge these feelings, and I'm glad you're reaching out. Struggling with self-esteem and self-image is painful but very common, and you deserve support.

A great starting point is speaking with a licensed mental health professional, such as a therapist or counselor, who can help you explore these feelings in a safe space. You can search for providers through directories like Psychology Today, or ask your primary care doctor for a referral. If cost is a concern, many communities offer sliding-scale clinics or online options. Support groups can also be valuable for connecting with others who understand. Additionally, organizations like NAMI (nami.org) offer resources and helplines that can guide you toward appropriate care.

In the meantime, try to be gentle with yourself. Notice when negative self-talk arises and gently challenge those thoughts rather than accepting them as facts. Small, compassionate steps—like limiting social media comparison or journaling about qualities you value—can help over time. You don't have to face this alone, and things can improve with support.","It takes courage to acknowledge these feelings, and I'm glad you're reaching out. Struggling with self-esteem and self-image is painful but very common, and you deserve support.

A great starting point is speaking with a licensed mental health professional, such as a therapist or counselor, who can ",0.03397748231887787,0.011728587396403789
"Living with anxiety in so many areas of your life sounds exhausting, and I'm sorry you're dealing with this. Some things that can help include practicing slow, deep breathing when anxiety spikes, challenging anxious thoughts by asking what evidence supports them, staying physically active, limiting caffeine, and maintaining a consistent sleep routine. Grounding techniques like naming five things you see or feel can also help in the moment.

Since anxiety is affecting you across multiple settings, talking to a school counselor or mental health professional would be really valuable. They can help you understand what's driving your anxiety and develop strategies tailored to your specific situations. You don't have to figure this out alone, and reaching out for support is a strong step toward feeling better.","Living with anxiety in so many areas of your life sounds exhausting, and I'm sorry you're dealing with this. Some things that can help include practicing slow, deep breathing when anxiety spikes, challenging anxious thoughts by asking what evidence supports them, staying physically active, limiting ",0.02937461853027301,0.0164241345008164
"I'm sorry you're dealing with this. Depression can feel exhausting and make even basic tasks overwhelming, so it makes sense that work and daily activities feel difficult right now.

Some things that may help include starting with very small, manageable goals rather than expecting too much of yourself. Gentle movement, maintaining a basic routine, and reaching out to someone you trust can sometimes ease the weight a little. Be patient with yourself—progress isn't linear.

Consider speaking with a mental health professional who can help you explore what's contributing to these feelings and discuss treatment options that fit your situation. If you're in crisis or having thoughts of self-harm, please reach out to emergency services or a crisis line like 988 (in the US) right away. You don't have to navigate this alone, and support is available.","I'm sorry you're dealing with this. Depression can feel exhausting and make even basic tasks overwhelming, so it makes sense that work and daily activities feel difficult right now.

Some things that may help include starting with very small, manageable goals rather than expecting too much of yourse",0.08507377624511658,0.013447558135391603
"Managing depression can feel overwhelming, but there are several approaches that may help. Small, consistent steps often make a meaningful difference — maintaining a regular sleep schedule, gentle physical activity like short walks, eating nourishing meals, and staying connected with people you trust. It can also help to limit alcohol, create a simple daily routine, and practice self-compassion by acknowledging that difficult days are part of the process, not a personal failure.

Professional support is one of the most effective ways to address depression. A mental health provider can help you explore therapy, medication options, or a combination tailored to your needs. If you're ever feeling hopeless, thinking about self-harm, or experiencing a crisis, please reach out immediately to a crisis line — such as calling or texting 988 in the U.S. — or go to your nearest emergency services. You don't have to navigate this alone, and seeking help is a sign of strength.","Managing depression can feel overwhelming, but there are several approaches that may help. Small, consistent steps often make a meaningful difference — maintaining a regular sleep schedule, gentle physical activity like short walks, eating nourishing meals, and staying connected with people you trus",-0.020498628616333114,0.015063379617169264
"It's very common to feel lightheaded and nervous when speaking in front of groups — this is your body's natural stress response, and you're not alone in experiencing it. One helpful approach is to focus on slowing your breathing before and during your presentation. Try inhaling slowly through your nose for four counts, holding briefly, and exhaling through your mouth for six counts. This can help calm your nervous system and reduce that lightheaded feeling.

Grounding techniques can also help — try pressing your feet firmly into the floor or gently holding a pen to stay connected to your body. Remember that some nervousness is normal and doesn't mean something is wrong. If these symptoms are significantly interfering with your daily life or causing you distress, consider speaking with a healthcare professional or counselor who can offer personalized strategies and support.","It's very common to feel lightheaded and nervous when speaking in front of groups — this is your body's natural stress response, and you're not alone in experiencing it. One helpful approach is to focus on slowing your breathing before and during your presentation. Try inhaling slowly through your n",0.05285622835159298,0.014725493596487171
"It sounds frustrating to deal with focus and procrastination challenges, especially when they're affecting your work. Many people have experienced increased concentration difficulties since the pandemic, whether due to ADHD, stress, burnout, changes in routine, or other factors. If you suspect ADHD, consider speaking with a healthcare professional or mental health provider who can properly evaluate your symptoms and discuss treatment options, which might include therapy, medication, or both.

In the meantime, some strategies that can help include breaking tasks into very small steps, using timers for short focused work periods, removing distractions from your environment, and being compassionate with yourself when things feel difficult. Starting with just five minutes on a task can sometimes help overcome the initial resistance. You might also find it helpful to identify whether anxiety, perfectionism, or exhaustion are contributing to the procrastination. You don't have to figure this out alone—reaching out for professional support is a valid and practical step.","It sounds frustrating to deal with focus and procrastination challenges, especially when they're affecting your work. Many people have experienced increased concentration difficulties since the pandemic, whether due to ADHD, stress, burnout, changes in routine, or other factors. If you suspect ADHD,",0.05450106859207171,0.012960818997111066
"I hear how frustrating that experience was, and it makes complete sense that you'd feel hesitant to try again. One thing worth knowing is that not all therapy—or therapists—are the same. Different approaches, like EMDR, somatic therapy, or trauma-focused CBT, work in very different ways, and finding the right fit can make a huge difference.

That said, therapy isn't the only path to healing. Support groups, both online and in person, can be powerful because you're connecting with others who truly understand. Mindfulness practices, journaling, and body-based approaches like yoga can also help regulate the nervous system in ways that complement or even replace traditional therapy.

What matters most is that you've recognized you need support—that takes real courage. Consider talking to your doctor about what you're going through, as they can help guide you toward options that might feel more workable for you. You deserve to find something that helps, and it's okay to be selective about what that looks like.","I hear how frustrating that experience was, and it makes complete sense that you'd feel hesitant to try again. One thing worth knowing is that not all therapy—or therapists—are the same. Different approaches, like EMDR, somatic therapy, or trauma-focused CBT, work in very different ways, and finding",0.05290863752365116,0.012796508447828172
"It sounds like you care deeply about your student and want to help her get the support she needs. I'm not a therapist or mental health provider, so I'm not able to contact her family or make recommendations about medication. However, your observations are valuable, and there are steps you can take.

Consider sharing your concerns with the school counselor, psychologist, or administration, as they can follow appropriate protocols to reach out to the family and connect them with qualified professionals. If you have direct contact with her mom, you could also gently share what you've noticed in the classroom and suggest she consult with their pediatrician or a mental health specialist. Only a qualified medical or mental health professional can assess whether medication or other interventions might be appropriate.

Thank you for looking out for your student's wellbeing. Teachers are often the first to notice when a child is struggling, and your attentiveness can make a real difference.","It sounds like you care deeply about your student and want to help her get the support she needs. I'm not a therapist or mental health provider, so I'm not able to contact her family or make recommendations about medication. However, your observations are valuable, and there are steps you can take.
",0.09134850025176977,0.011175509110915433
"I understand your concern, and it's natural to feel worried given your own experience with Zoloft. Your child's response to any medication could be very different from yours, and there are many treatment options beyond Zoloft that a child psychiatrist or prescribing doctor can consider. Medication can be an important part of treatment, especially when suicidal thoughts are present, but this decision should be made with a qualified healthcare provider who can evaluate your child's specific needs.

Given that your child is experiencing suicidal thoughts, please reach out to their doctor or a mental health professional as soon as possible, or contact a crisis line if needed. You can call or text 988 in the US anytime. A professional can help you explore all options, including therapy, medication, or a combination, and monitor your child's safety. You're doing the right thing by seeking information and support.","I understand your concern, and it's natural to feel worried given your own experience with Zoloft. Your child's response to any medication could be very different from yours, and there are many treatment options beyond Zoloft that a child psychiatrist or prescribing doctor can consider. Medication c",0.0301775789260863,0.014013973084076037
"It's encouraging that your mood has improved with TMS, and it's completely understandable to feel frustrated that other symptoms like low energy and motivation haven't caught up yet. This is actually a common experience, and it doesn't mean you're back at square one.

It would be worth talking with your treatment team about what you're noticing. They might consider adjustments to your current medication, adding something specifically targeting energy and motivation, or exploring approaches like behavioral activation therapy, which focuses on gradually rebuilding engagement and productivity. Sometimes addressing sleep, nutrition, or underlying physical health factors can also make a meaningful difference. Your providers know your full history and can help you figure out what makes the most sense for your situation. You've already taken a significant step by pursuing TMS, and continuing to advocate for yourself by sharing these lingering concerns is an important part of finding what works for you.","It's encouraging that your mood has improved with TMS, and it's completely understandable to feel frustrated that other symptoms like low energy and motivation haven't caught up yet. This is actually a common experience, and it doesn't mean you're back at square one.

It would be worth talking with ",0.006660130023956157,0.011463133202758425
"Hearing voices that tell you to do things you don't want to do sounds frightening, and I'm glad you're reaching out. Please take this seriously and seek help right away. If you feel like you might act on what the voices are saying or if you're in any danger, please call emergency services (911) or go to your nearest emergency room immediately.

You can also reach out to a crisis line like the National Suicide Prevention Lifeline at 988 or text HOME to 741741 to connect with someone who can support you right now. Please also contact a healthcare provider or mental health professional as soon as possible — they can help you understand what's happening and find treatment that can help. You don't have to manage this alone, and there are people who want to help you feel safe.","Hearing voices that tell you to do things you don't want to do sounds frightening, and I'm glad you're reaching out. Please take this seriously and seek help right away. If you feel like you might act on what the voices are saying or if you're in any danger, please call emergency services (911) or g",0.059652156829833825,0.01411857706797701
"It sounds frustrating to put in consistent effort at the gym and still see the scale move in the wrong direction, and it's completely reasonable to explore all your options.

Whether weight-loss medications might be appropriate for your specific history and health profile is really a question for a healthcare provider who can review your medical background, any underlying factors contributing to weight gain, and whether those prescriptions are a safe and effective fit for you. A doctor or clinician can also help you weigh potential benefits against side effects and discuss how medication might work alongside the therapy and fitness routine you're already committed to. Your instinct to gather information and ask thoughtful questions is a great starting point—consider bringing your questions and history to a provider you trust so you can make an informed decision together.","It sounds frustrating to put in consistent effort at the gym and still see the scale move in the wrong direction, and it's completely reasonable to explore all your options.

Whether weight-loss medications might be appropriate for your specific history and health profile is really a question for a ",0.05842280387878418,0.014259904258587808
"It's great that counseling has helped with your self-esteem and self-blame—that's real progress worth acknowledging. For cutting down on alcohol, some approaches that can help include identifying your triggers and planning ahead for high-risk situations, setting clear limits before you drink, removing alcohol from your home, and finding alternative activities or coping strategies for stress. Connecting with support groups like SMART Recovery or AA can also provide structure and community.

That said, since you're looking to make significant changes to your drinking patterns, it's worth discussing this with a healthcare provider or your current counselor. They can help you explore whether medical support might be appropriate, especially since reducing alcohol use can sometimes involve withdrawal risks depending on your patterns. They can also help you build a personalized plan that fits your life. You don't have to figure this out alone, and reaching out for that kind of support is a strength, not a weakness.","It's great that counseling has helped with your self-esteem and self-blame—that's real progress worth acknowledging. For cutting down on alcohol, some approaches that can help include identifying your triggers and planning ahead for high-risk situations, setting clear limits before you drink, removi",0.006685199737549219,0.012441675430857176
"I hear how frustrating and exhausting it is to feel like nothing is working. It's completely valid to want relief, and it's good that you're thinking about talking to your doctor.

Rather than requesting a specific medication, it can help to describe your symptoms honestly — what you've tried, how long you've tried it, and what's still bothering you. Your doctor can then work with you to find the best approach, which might include different medications, therapy, or a combination. Some medications take weeks to show full effect, so timing matters too.

You deserve to feel better, and open communication with your provider is the right next step. If your anxiety ever feels overwhelming or you have thoughts of self-harm, please reach out to a crisis line or emergency services right away.","I hear how frustrating and exhausting it is to feel like nothing is working. It's completely valid to want relief, and it's good that you're thinking about talking to your doctor.

Rather than requesting a specific medication, it can help to describe your symptoms honestly — what you've tried, how l",0.0545626568794253,0.012161598984462446
"I'm sorry you've been struggling so much lately. Feeling unable to get out of bed for weeks sounds incredibly exhausting, and it makes sense that you'd want to explore medication options, especially if therapy hasn't felt helpful in the past.

I'm not able to recommend specific medications, as that really needs to come from a healthcare provider who can review your full medical history and symptoms. Different medications work differently for different people, and a doctor or psychiatrist can help you find the right fit. If getting to an appointment feels overwhelming, some providers offer telehealth visits. If you're in crisis or having thoughts of self-harm, please reach out to a crisis line like 988 (in the US) or go to your nearest emergency department. You deserve support through this.","I'm sorry you've been struggling so much lately. Feeling unable to get out of bed for weeks sounds incredibly exhausting, and it makes sense that you'd want to explore medication options, especially if therapy hasn't felt helpful in the past.

I'm not able to recommend specific medications, as that ",0.038225715160369766,0.011698989123166708
"It's clear you care deeply about your son and are trying your best to manage what sounds like an incredibly energetic kid. You're not wrong for wanting an outlet that helps him burn energy and sleep better—that's a loving instinct. At the same time, it's worth trusting what you're noticing: if he's not enjoying basketball, forcing it may create resentment or stress that outweighs the physical benefit.

Consider having an open conversation with him about what he *does* enjoy—maybe it's swimming, martial arts, rock climbing, dance, or even just unstructured outdoor play. Some kids thrive in non-team settings. You might also consider speaking with his pediatrician about his energy levels and sleep patterns, as they can offer guidance and rule out any underlying concerns. There's no perfect playbook for parenting a high-energy child, and the fact that you're reflecting on this shows you're approaching it thoughtfully.","It's clear you care deeply about your son and are trying your best to manage what sounds like an incredibly energetic kid. You're not wrong for wanting an outlet that helps him burn energy and sleep better—that's a loving instinct. At the same time, it's worth trusting what you're noticing: if he's ",0.06576684713363656,0.01166611314318253
"It sounds really stressful to come home each day not knowing what to expect, and it's understandable that you're concerned about these changes. The fact that her mood swings have become more frequent and severe is worth paying attention to, as shifts like this can sometimes indicate an underlying issue that needs professional support.

The most helpful step would be encouraging Carol to speak with her primary care doctor or a mental health professional. They can evaluate what might be contributing to these changes—whether that's stress, a mood disorder, hormonal factors, or something else—and discuss appropriate treatment options. You might offer to go with her if she'd find that supportive. In the meantime, try to approach conversations about this gently and from a place of care rather than frustration, as she may be struggling more than she lets on. You deserve support too, so consider reaching out to a counselor for yourself as you navigate this together.","It sounds really stressful to come home each day not knowing what to expect, and it's understandable that you're concerned about these changes. The fact that her mood swings have become more frequent and severe is worth paying attention to, as shifts like this can sometimes indicate an underlying is",0.06234771013259888,0.014334727475898736
"I'm sorry you're dealing with this — it's completely understandable that incontinence can feel overwhelming and affect your confidence in social and intimate situations. Please know that you're not alone, and there's no shame in experiencing a common medical issue.

I'd strongly encourage you to speak with a healthcare provider about what you're going through. Incontinence has many possible causes, and a doctor can help identify treatments or management strategies that could significantly improve your quality of life — from pelvic floor therapy to medications to other options. You might also consider talking to a mental health professional about the anxiety and isolation this is creating, as those feelings are valid and deserve support too.

In the meantime, know that people are generally far less aware of others' bodies than we fear they are. The anxiety often amplifies self-consciousness beyond what others actually notice. You deserve to live fully and connect with others — please reach out to a provider when you're ready.","I'm sorry you're dealing with this — it's completely understandable that incontinence can feel overwhelming and affect your confidence in social and intimate situations. Please know that you're not alone, and there's no shame in experiencing a common medical issue.

I'd strongly encourage you to spe",0.034773983955383336,0.01229621390429852
"I understand your concern about losing a medication that's helping you, but tremors severe enough to prevent you from working are a significant side effect that your doctor needs to know about right away. This isn't an either/or situation—your doctor may be able to adjust your dosage, switch you to a different medication that also helps your depression, or add something to manage the tremors. There are often multiple options that can treat depression effectively.

Please don't stop taking your medication abruptly, as that can cause withdrawal symptoms or make your depression worse. Contact your doctor as soon as possible and be honest about what's happening. They're there to help you find a solution that works for your overall health, not just one symptom. If you can't reach your doctor soon and the tremors worsen or you experience other concerning symptoms, consider urgent care. You deserve to feel better without side effects that disrupt your daily life.","I understand your concern about losing a medication that's helping you, but tremors severe enough to prevent you from working are a significant side effect that your doctor needs to know about right away. This isn't an either/or situation—your doctor may be able to adjust your dosage, switch you to ",0.04746370553970314,0.015262462829130163
"It sounds really exhausting to feel stuck in that loop of repetitive thoughts. What you're describing is common, and there are a few things that might help. Try gently redirecting your attention to something engaging but not demanding—like a walk, a simple task, or describing your surroundings in detail. Some people find it helpful to set a timer and allow themselves 10 minutes to write down everything they're thinking, then close the notebook and shift activities. Grounding exercises, like focusing on your breath or noticing five things you can see, can also interrupt the cycle.

It's okay if the thoughts come back—try not to judge yourself for that. Each time you notice them returning, you can practice gently shifting your focus again. If this pattern is persistent, distressing, or interfering with your daily life, consider reaching out to a mental health professional who can help you explore what's underneath it and develop strategies tailored to you. You don't have to figure this out alone.","It sounds really exhausting to feel stuck in that loop of repetitive thoughts. What you're describing is common, and there are a few things that might help. Try gently redirecting your attention to something engaging but not demanding—like a walk, a simple task, or describing your surroundings in de",0.04868014812469479,0.014223767120698052
"It sounds like you're feeling really overwhelmed right now, and I want you to know that's a painful but understandable place to be. While we can't simply switch thoughts off, there are techniques that can help quiet them. Try the 5-4-3-2-1 grounding method: name five things you see, four you can touch, three you hear, two you smell, and one you taste. This pulls your attention into the present moment. Slow, deep breathing—inhaling for four counts, holding for four, exhaling for four—can also calm your nervous system fairly quickly.

If your anxiety feels unmanageable, you're experiencing distressing thoughts that won't stop, or you feel unsafe, please reach out to a crisis line like 988 (in the U.S.) or contact a healthcare professional. You deserve support, and you don't have to struggle through this alone.","It sounds like you're feeling really overwhelmed right now, and I want you to know that's a painful but understandable place to be. While we can't simply switch thoughts off, there are techniques that can help quiet them. Try the 5-4-3-2-1 grounding method: name five things you see, four you can tou",0.04607585430145278,0.010160411685751627
"Healing from trauma is possible, and it's a meaningful step that you're reaching out for support. Many people find that working through trauma is a gradual process rather than something that happens all at once. Professional support can make a significant difference — trauma-focused therapies like EMDR, cognitive processing therapy, or somatic approaches are designed specifically to help people process difficult experiences and reduce their ongoing impact. A licensed mental health professional can help you find the approach that fits your situation.

In the meantime, being gentle with yourself matters. Healing isn't about erasing what happened but about reducing how much it controls your present. Small steps like grounding techniques, building safe and supportive connections, and acknowledging your progress can help. You've already shown real resilience by surviving difficult experiences and by seeking a way forward now. If you ever feel overwhelmed or in crisis, please reach out to a crisis line or a trusted person in your life — you don't have to carry this alone.","Healing from trauma is possible, and it's a meaningful step that you're reaching out for support. Many people find that working through trauma is a gradual process rather than something that happens all at once. Professional support can make a significant difference — trauma-focused therapies like E",0.019675848484039804,0.013658511446286511
"Finding meaning often comes from small, intentional moments rather than grand changes. Consider what matters most to you — connection, creativity, helping others, learning — and look for tiny ways to weave those values into your routine. That might mean reaching out to someone you care about, spending ten minutes on a hobby, or simply pausing to notice something beautiful during your day. Meaning tends to grow when we feel our actions align with what we genuinely care about.

It can also help to reflect on moments when you felt most engaged or fulfilled, even briefly, and ask what made those moments different. Sometimes meaning is less about discovering something new and more about paying closer attention to what's already there. If you're feeling persistently empty or disconnected, talking with a counselor or therapist can be a valuable way to explore these feelings more deeply — you don't have to figure it all out alone.","Finding meaning often comes from small, intentional moments rather than grand changes. Consider what matters most to you — connection, creativity, helping others, learning — and look for tiny ways to weave those values into your routine. That might mean reaching out to someone you care about, spendi",0.01946474552154598,0.01509779800503864
"Thank you for sharing this — wanting to change is a really meaningful first step. Negative thinking can become such a habit that it feels like the default, but it is something that can shift with practice over time.

One helpful approach is to start noticing negative thoughts without judging yourself for having them. When you catch one, gently ask, ""Is there another way to look at this?"" You don't have to force positivity — even neutrality can be progress. Small practices like writing down one thing each day that went okay, even something simple, can slowly retrain your brain to notice different things. Also, consider whether talking with a counselor or therapist might help — they can offer personalized tools, especially if this pattern feels deeply rooted or connected to other struggles.

Be patient with yourself. Changing thought patterns takes time, and setbacks don't mean you're failing. The fact that you want to grow in this way says a lot about your self-awareness and resilience.","Thank you for sharing this — wanting to change is a really meaningful first step. Negative thinking can become such a habit that it feels like the default, but it is something that can shift with practice over time.

One helpful approach is to start noticing negative thoughts without judging yoursel",0.02054260492324822,0.013639488956519489
"Yes, healing from an abusive relationship is absolutely possible, though the journey looks different for everyone. Many people find that rather than forgetting the trauma entirely, they're able to process it in ways that reduce its emotional hold over time. The memories may remain, but they can become less painful and intrusive as you heal.

Working with a trauma-informed therapist can be incredibly valuable—they can help you develop tools for managing difficult emotions, processing what happened, and rebuilding your sense of self and safety. Healing isn't linear, and being gentle with yourself during difficult moments matters. You've already shown remarkable strength by recognizing what you need and asking this question. If you're in the US, the National Domestic Violence Hotline (1-800-799-7233) offers support and resources that might be helpful as you navigate this process.","Yes, healing from an abusive relationship is absolutely possible, though the journey looks different for everyone. Many people find that rather than forgetting the trauma entirely, they're able to process it in ways that reduce its emotional hold over time. The memories may remain, but they can beco",0.06964649677276658,0.014090509687488014
"I hear how exhausting and overwhelming it is to live with flashbacks and hypervigilance. What you're experiencing are common PTSD symptoms, and you don't have to face them alone. Please consider reaching out to a trauma-informed therapist who can offer evidence-based treatments like EMDR or trauma-focused CBT, which have helped many people reduce these symptoms. In the meantime, grounding techniques—like naming objects you see around you or focusing on the feeling of your feet on the floor—can help during flashbacks. If you feel you're in crisis or having thoughts of harming yourself, please call or text 988 (Suicide & Crisis Lifeline) or go to your nearest emergency room. You deserve support and relief.","I hear how exhausting and overwhelming it is to live with flashbacks and hypervigilance. What you're experiencing are common PTSD symptoms, and you don't have to face them alone. Please consider reaching out to a trauma-informed therapist who can offer evidence-based treatments like EMDR or trauma-f",0.039671034812927,0.013660538531107545
"I'm so sorry for your loss. Seven years or seventy, grief doesn't follow a timeline, and missing someone you loved deeply is never ""not normal."" That said, crying every day sounds exhausting and painful, and you deserve support carrying that weight.

Grief that remains this intense years later can sometimes become complicated grief, where the mind struggles to process the loss in a way that allows for healing. Speaking with a grief counselor or therapist who specializes in loss could help you explore what's keeping the pain so raw and find ways to honor your friend while also making room for living. You might also find connection in a grief support group, where others truly understand. Small practices like journaling to your friend or creating rituals around remembrance can help too. You don't have to stop missing him — the goal isn't forgetting, but finding a way to carry the love without it breaking you daily. Please consider reaching out to a professional; you don't have to navigate this alone.","I'm so sorry for your loss. Seven years or seventy, grief doesn't follow a timeline, and missing someone you loved deeply is never ""not normal."" That said, crying every day sounds exhausting and painful, and you deserve support carrying that weight.

Grief that remains this intense years later can s",-0.00011355876922625185,0.014068238756632908
"I hear how exhausting and discouraging it's been to search for relief and not find it yet. That doesn't mean nothing will ever work—it means you haven't found the right fit, and you deserve to keep looking. Years of struggling with self-harm is a heavy burden, and your frustration with feeling stuck is completely valid.

Please consider reaching out to a crisis line like the 988 Suicide & Crisis Lifeline (call or text 988) or the Crisis Text Line (text HOME to 741741). These services are free, confidential, and available right now. You don't have to be at a breaking point to use them—they're there for moments exactly like this. Sometimes different therapy approaches (like DBT, which specifically targets self-harm) or a different therapist can make a difference when previous ones haven't. You don't have to figure this out alone, and it's okay to ask for help again even when past attempts felt like dead ends. Your safety matters, and you are worth continuing to try.","I hear how exhausting and discouraging it's been to search for relief and not find it yet. That doesn't mean nothing will ever work—it means you haven't found the right fit, and you deserve to keep looking. Years of struggling with self-harm is a heavy burden, and your frustration with feeling stuck",0.05050541877746584,0.014779307717252643
"It's really frustrating when the people who are supposed to help don't seem to get it. Your experience is valid — many autistic people find that traditional CBT isn't a good fit, and that's not a failure on your part. The mismatch is real.

You might have better luck seeking out neurodiversity-affirming therapists who specifically understand autistic experiences. Occupational therapists can also help with sensory regulation strategies. In the meantime, learning your personal triggers and early warning signs can help you prepare — things like noise-canceling headphones, weighted items, or having a quiet exit plan can make a difference.

Online autistic communities can be valuable for practical tips from people who actually live this. Organizations like ASAN offer resources written by autistic people. You deserve support that actually fits how your brain works.","It's really frustrating when the people who are supposed to help don't seem to get it. Your experience is valid — many autistic people find that traditional CBT isn't a good fit, and that's not a failure on your part. The mismatch is real.

You might have better luck seeking out neurodiversity-affir",0.05663088798522953,0.01155377230351047
"It sounds really painful to feel like friendships keep slipping away and to carry a label that doesn't resonate with you. Rather than trying to convince people through argument, the most effective approach is often to let your actions speak over time. Focus on showing genuine curiosity about others — asking questions, really listening, and remembering details about their lives. Practice acknowledging mistakes and validating others' feelings, even when it's uncomfortable. These small, consistent behaviors gradually shift how people perceive you.

It might also be worth reflecting — gently and without self-judgment — on what patterns might be contributing to friendships fading. Sometimes a trusted counselor or therapist can help explore these dynamics in a safe, non-critical space. You don't have to agree with a label to learn from the feedback behind it. Growth doesn't mean accepting that you're fundamentally flawed; it means staying open to how you might show up differently for the people who matter to you.","It sounds really painful to feel like friendships keep slipping away and to carry a label that doesn't resonate with you. Rather than trying to convince people through argument, the most effective approach is often to let your actions speak over time. Focus on showing genuine curiosity about others ",0.07339580059051443,0.013252244998102992
"It makes a lot of sense that dissociation became a coping tool—your mind did what it needed to protect you. Recognizing that it's no longer serving you is an important step. Grounding techniques can help you stay present: try naming things you see, hear, and feel around you, holding something cold, or focusing on slow breathing. Some people find it helpful to press their feet firmly into the floor or count backward from 100.

Because dissociation often stems from past experiences, working with a trauma-informed therapist can make a real difference. They can help you understand your triggers and develop tools that feel safe and manageable. Healing takes time, and you don't have to figure this out alone. If you ever feel overwhelmed or unsafe, please reach out to a crisis line or someone you trust.","It makes a lot of sense that dissociation became a coping tool—your mind did what it needed to protect you. Recognizing that it's no longer serving you is an important step. Grounding techniques can help you stay present: try naming things you see, hear, and feel around you, holding something cold, ",0.0528724551200872,0.012743022985338274
"It's completely understandable that a frightening experience like that would still surface unexpectedly. Intrusive memories are a common response to trauma, and having them doesn't mean you're doing anything wrong or that you're ""stuck."" What you're describing is your mind and body still processing a real threat that happened to you.

Working with a trauma-informed therapist can be genuinely helpful for this. Approaches like EMDR or trauma-focused CBT are designed to help people process distressing memories so they lose their intensity over time. In the meantime, when those memories arise, try grounding yourself in the present moment, noticing what's around you right now and reminding yourself that you're safe in this moment. You don't have to push the thoughts away, just acknowledge them and gently bring your attention back to the present. Healing from this kind of experience is possible, and you deserve support in getting there.","It's completely understandable that a frightening experience like that would still surface unexpectedly. Intrusive memories are a common response to trauma, and having them doesn't mean you're doing anything wrong or that you're ""stuck."" What you're describing is your mind and body still processing ",0.07360944747924814,0.01347415708653894
"It takes real courage to notice this pattern and want to change it — that's an important first step. Since you sometimes scratch without realizing it, building awareness is key. Try keeping your nails trimmed short and wearing long sleeves or a soft fabric barrier to reduce unconscious scratching. When you notice the urge, experiment with alternatives like holding an ice cube, snapping a rubber band, or pressing firmly into a textured surface — these can provide similar sensory input without breaking skin.

It would also be really valuable to talk with a mental health professional who can help you understand what's driving the behavior and build a personalized plan. You can also reach out to the Crisis Text Line (text HOME to 741741) or call 988 anytime if you need support. You deserve care and understanding as you work through this.","It takes real courage to notice this pattern and want to change it — that's an important first step. Since you sometimes scratch without realizing it, building awareness is key. Try keeping your nails trimmed short and wearing long sleeves or a soft fabric barrier to reduce unconscious scratching. W",0.02040843963623029,0.01308345760953577
"It's really exhausting to get stuck replaying those conversations, and it makes sense that you want to move forward. One helpful approach is to notice when the replay starts and gently redirect your attention to something in the present moment—what you're doing right now, something you can see or hear. You don't have to force the thoughts away; just acknowledge them and shift focus. Writing down what happened and what you felt can also help externalize the emotions so they feel less trapped in your head.

Moving on doesn't mean pretending things didn't hurt or that you agree with what happened. It can mean deciding that carrying this anger isn't serving you anymore. You might try reminding yourself that holding a grudge is keeping you connected to something painful, and you're allowed to set it down. If these thoughts are persistent and affecting your daily life, talking with a counselor or therapist could help you process the underlying feelings in a deeper way.","It's really exhausting to get stuck replaying those conversations, and it makes sense that you want to move forward. One helpful approach is to notice when the replay starts and gently redirect your attention to something in the present moment—what you're doing right now, something you can see or he",0.07084175109863322,0.01148570322991812
"I'm sorry you're carrying that weight — what your ex made you feel says more about them than about you. Rebuilding self-esteem starts with noticing when those old critical voices show up and gently challenging them with evidence of your actual worth. Try writing down moments you felt proud of yourself, even small ones, to build a more accurate picture of who you are.

When overthinking pulls you back to the past, grounding techniques can help — try naming things you see, hear, and feel right now to bring yourself into the present. Consider setting a ""worry window,"" a limited time to process those thoughts, then redirecting your focus afterward. Surrounding yourself with people who genuinely value you matters too, as their perspective can slowly replace the distorted one your ex imposed. If these patterns feel deeply stuck, a counselor can help you unpack them in a safe space. You deserve to see yourself clearly, and healing is absolutely possible — one small step at a time.",I'm sorry you're carrying that weight — what your ex made you feel says more about them than about you. Rebuilding self-esteem starts with noticing when those old critical voices show up and gently challenging them with evidence of your actual worth. Try writing down moments you felt proud of yourse,0.05539854526519861,0.013663146357021944
"I'm sorry you're dealing with this — feeling like you can't escape an overbearing dynamic even after moving out is exhausting and discouraging. What you're describing sounds like a pattern where your mother hasn't adjusted to your independence, and setting boundaries will likely need to be firm and consistent rather than something she ""respects"" right away.

Start by getting clear on what you need — for example, asking her to call before coming over, or limiting visits to once a week. Communicate this calmly and briefly, without over-explaining or justifying. If she pushes back or shows up unannounced, you're allowed to say, ""I love you, but now isn't a good time — let's plan for another day."" It may feel uncomfortable, and she may resist at first, but consistency is what eventually shifts these patterns. You might also find it helpful to talk with a therapist who can support you in navigating guilt and building confidence in holding these boundaries. You deserve a relationship that feels respectful and balanced.","I'm sorry you're dealing with this — feeling like you can't escape an overbearing dynamic even after moving out is exhausting and discouraging. What you're describing sounds like a pattern where your mother hasn't adjusted to your independence, and setting boundaries will likely need to be firm and ",0.062147903442382635,0.01163947699518063
"It's really common for coping strategies to feel less effective during high-pressure moments, even when they help day-to-day. When deep breathing isn't cutting it during tests, try grounding techniques like the 5-4-3-2-1 method (noticing five things you see, four you hear, three you feel, two you smell, one you taste) to bring your attention back to the present. You might also try progressive muscle relaxation — briefly tensing and releasing your shoulders or hands can help discharge tension. Positive self-talk, like reminding yourself ""I've prepared for this"" or ""This feeling will pass,"" can also help counter the spiral.

It could also be worth exploring whether your school offers accommodations for test anxiety, like extended time or a quieter testing environment. And if anxiety is interfering with your daily life and big moments consistently, talking to a counselor or mental health professional could help you build a broader toolkit. You deserve support that works when you need it most.","It's really common for coping strategies to feel less effective during high-pressure moments, even when they help day-to-day. When deep breathing isn't cutting it during tests, try grounding techniques like the 5-4-3-2-1 method (noticing five things you see, four you hear, three you feel, two you sm",0.022139708995819518,0.01190223962916748
"It sounds really exhausting to have these thoughts constantly intruding on your life, and it's completely understandable that you want to break free from them. What you're describing—persistent, distressing thoughts that interfere with daily life—is more common than you might think, and you don't have to face it alone.

Consider reaching out to a mental health professional, such as a therapist trained in cognitive behavioral therapy (CBT), which can be very effective for persistent intrusive thoughts. They can help you develop personalized strategies to challenge and reframe these thought patterns. In the meantime, when the thoughts arise, try gently acknowledging them without judgment and then redirecting your attention to what you're doing in the present moment—grounding techniques like focusing on your senses can help. Small steps toward activities you enjoy, even when the thoughts are present, can also gradually help reduce their grip. You deserve to live fully, and support is available to help you get there.","It sounds really exhausting to have these thoughts constantly intruding on your life, and it's completely understandable that you want to break free from them. What you're describing—persistent, distressing thoughts that interfere with daily life—is more common than you might think, and you don't ha",0.09028842449188268,0.012904377712582953
"It takes real courage to recognize your part in a communication pattern and to seek change. Wanting to learn how to express your feelings appropriately is a healthy and positive step. One helpful approach is using ""I"" statements — for example, ""I feel overwhelmed when voices get raised"" — which focuses on your experience rather than assigning blame. Practicing this during calm moments, rather than during heated ones, can also make a difference.

That said, healthy communication involves both partners, and yelling can make it genuinely difficult for anyone to feel safe expressing themselves. If you'd like support building these skills, couples counseling or individual therapy can provide a constructive space to explore patterns and develop tools together. You deserve to feel heard and respected in your relationship.","It takes real courage to recognize your part in a communication pattern and to seek change. Wanting to learn how to express your feelings appropriately is a healthy and positive step. One helpful approach is using ""I"" statements — for example, ""I feel overwhelmed when voices get raised"" — which focu",0.04760766983032205,0.012703601956571909
"Growing into a new person is a beautiful and courageous journey. It often starts with small, intentional steps — reflecting on what matters to you, setting gentle goals, and being patient with yourself as you change. You might try journaling to understand your thoughts, exploring new interests to discover what energizes you, or practicing self-compassion when things feel difficult. Growth rarely happens in a straight line, and that's okay.

Surrounding yourself with supportive people, reading books that inspire you, or speaking with a counselor can also help you gain clarity and tools along the way. Change doesn't require a dramatic overhaul — it's built from consistent, kind choices that align with the person you want to become. Trust that you already have the capacity within you to grow, even if the path forward feels uncertain right now. You deserve to invest in yourself, and every small step counts.","Growing into a new person is a beautiful and courageous journey. It often starts with small, intentional steps — reflecting on what matters to you, setting gentle goals, and being patient with yourself as you change. You might try journaling to understand your thoughts, exploring new interests to di",0.02717829227447499,0.013364637521282797
"It takes courage to ask this question, and wanting to grow is already a meaningful step. Start by reflecting on what ""better"" means to *you* — not just what others suggest. Ask those people for specific examples of what they'd like to see change, and consider whether their feedback aligns with your own values and the kind of person you want to be. Not all feedback will fit, and that's okay.

From there, pick one or two small areas to focus on rather than trying to overhaul everything at once. Growth is gradual, and sustainable change comes from self-awareness, patience, and self-compassion — not from harsh self-criticism. You might also find it helpful to talk with a counselor or therapist who can support you in exploring these changes in a balanced, non-judgmental way. Remember that becoming a better person doesn't mean becoming a different person; it means becoming more aligned with the values that matter most to you.","It takes courage to ask this question, and wanting to grow is already a meaningful step. Start by reflecting on what ""better"" means to *you* — not just what others suggest. Ask those people for specific examples of what they'd like to see change, and consider whether their feedback aligns with your ",0.020641381740570175,0.015725914684390385
