text,text_trunc,humt_text,std_humt_text
"There is no scientific evidence that a celery-cucumber juice cleanse can replace gout medication. While celery contains some compounds that may have mild anti-inflammatory effects, and staying hydrated can help flush uric acid, a juice cleanse alone is not a proven treatment for gout and should never replace prescribed medications like allopurinol or colchicine. Stopping medication can lead to more frequent and severe flare-ups, joint damage, and other complications.

Apple cider vinegar is sometimes touted for gout, but there's no solid research supporting its effectiveness, and undiluted vinegar can damage tooth enamel and irritate your digestive tract. If you want to try dietary approaches, focus on evidence-based strategies: limit alcohol, high-purine meats, and sugary drinks; stay well-hydrated with water; and eat more cherries, low-fat dairy, and plant-based proteins. Please talk to your doctor before making any changes to your gout treatment plan, as they can help you safely combine lifestyle changes with appropriate medication.","There is no scientific evidence that a celery-cucumber juice cleanse can replace gout medication. While celery contains some compounds that may have mild anti-inflammatory effects, and staying hydrated can help flush uric acid, a juice cleanse alone is not a proven treatment for gout and should neve",0.029571983814239644,0.013583632458532878
"Sharp, new pain in your lower right side can be a sign of something serious, such as appendicitis, which can worsen quickly and may require urgent care. Other possibilities include kidney stones, ovarian issues (if applicable), or gastrointestinal problems, but because the pain is sharp and unfamiliar, it's best not to wait it out.

Please seek medical attention promptly, especially if you develop fever, nausea, vomiting, or the pain becomes severe or worsens with movement. Going to urgent care or the ER is a reasonable choice. This isn't something to diagnose or manage at home.","Sharp, new pain in your lower right side can be a sign of something serious, such as appendicitis, which can worsen quickly and may require urgent care. Other possibilities include kidney stones, ovarian issues (if applicable), or gastrointestinal problems, but because the pain is sharp and unfamili",0.04442091226577727,0.015116249364255194
"It could be vascular eczema (also called stasis dermatitis), which commonly causes red, itchy skin on the lower legs and is associated with visible veins and poor circulation. This condition often occurs when veins in the legs don't efficiently return blood to the heart, leading to fluid buildup and skin irritation.

However, other conditions can cause similar symptoms, including contact dermatitis, cellulitis (a bacterial infection), or chronic venous insufficiency. Because some of these can become serious, especially if there's swelling, warmth, pain, or open sores, it's important to have your dad evaluated by a healthcare professional for an accurate diagnosis and appropriate treatment. In the meantime, keeping the legs elevated when sitting and avoiding scratching may help reduce discomfort.","It could be vascular eczema (also called stasis dermatitis), which commonly causes red, itchy skin on the lower legs and is associated with visible veins and poor circulation. This condition often occurs when veins in the legs don't efficiently return blood to the heart, leading to fluid buildup and",0.02928696632385286,0.013594223982437917
"It could be a tic disorder, such as Tourette syndrome or transient tic disorder, which involve involuntary movements (motor tics) and vocalizations (vocal tics). Tics are quite common in children and often peak between ages 5-10. However, twitching and noises can also be caused by other conditions, including seizures, stereotypies, anxiety, allergies (throat-clearing), or certain medications. The key features of tics are that they're involuntary, may worsen with stress or excitement, and can sometimes be briefly suppressed.

It's important to have your nephew evaluated by a pediatrician, who may refer you to a neurologist or developmental specialist for a proper assessment. They'll look at the type, frequency, and duration of the movements and sounds, as well as when they started. Try not to draw attention to the tics, as this can increase anxiety and make them worse. Record a brief video of the episodes to show the doctor, as this can be very helpful for diagnosis.","It could be a tic disorder, such as Tourette syndrome or transient tic disorder, which involve involuntary movements (motor tics) and vocalizations (vocal tics). Tics are quite common in children and often peak between ages 5-10. However, twitching and noises can also be caused by other conditions, ",0.03385684490203866,0.01201474305569065
"A cough lasting 3 weeks combined with night sweats needs medical evaluation rather than over-the-counter remedies. These symptoms together can indicate conditions like a bacterial infection, tuberculosis, or other underlying issues that require proper diagnosis and targeted treatment. Please see a healthcare provider soon—this is especially important if you also have fever, weight loss, chest pain, or coughing up blood.

In the meantime, stay hydrated, use a humidifier, and avoid irritants like smoke, but don't rely on cough syrups to mask symptoms that need investigation. A doctor can order a chest X-ray, blood tests, or other workup to identify the cause and prescribe the right treatment.","A cough lasting 3 weeks combined with night sweats needs medical evaluation rather than over-the-counter remedies. These symptoms together can indicate conditions like a bacterial infection, tuberculosis, or other underlying issues that require proper diagnosis and targeted treatment. Please see a h",0.05906899929046627,0.014912478493458144
"Based on current ATAGI guidance, you should wait until at least 6 months have passed since your first booster or a confirmed COVID-19 infection before getting a second booster. At 5 months, it's a bit early.

For adults aged 18–64, a second booster is particularly recommended if you have risk factors for severe COVID-19 (such as underlying health conditions, disability, or complex care needs). If you're in this age group without risk factors, a second booster is optional but can be considered. For adults 65 and over, a second booster is recommended. If you're unsure whether you fall into a higher-risk category, check with your GP or pharmacist. You can also stay updated via the Australian Department of Health website, as guidance may evolve.","Based on current ATAGI guidance, you should wait until at least 6 months have passed since your first booster or a confirmed COVID-19 infection before getting a second booster. At 5 months, it's a bit early.

For adults aged 18–64, a second booster is particularly recommended if you have risk factor",0.028328733444213938,0.011799184463949392
"I'm glad you got your child checked out — coughing fits can be really scary! For the polio vaccine (IPV), the standard CDC schedule includes four doses: at **2 months**, **4 months**, **6–18 months**, and a final booster at **4–6 years old**. The first three doses build the foundation of immunity, and the fourth dose ensures long-lasting protection. It's given as an injection, usually in the leg for infants and the arm for older children.

If your child has missed any doses, it's not too late — your pediatrician can help get them caught up on a modified schedule. Since you're already in touch with your doctor, it's a great time to review their full immunization record and make sure everything is on track.","I'm glad you got your child checked out — coughing fits can be really scary! For the polio vaccine (IPV), the standard CDC schedule includes four doses: at **2 months**, **4 months**, **6–18 months**, and a final booster at **4–6 years old**. The first three doses build the foundation of immunity, a",0.02596363306045557,0.012401286791158185
"This could be a sign of a stroke or transient ischemic attack (TIA), which is a medical emergency. Sudden changes in speech, such as slurred words, jumbled speech, or difficulty finding the right words, require immediate medical attention. Call emergency services right away or take her to the nearest emergency room. Time is critical with stroke symptoms, as early treatment can prevent permanent damage.

Other stroke signs to watch for include facial drooping, weakness on one side of the body, confusion, and trouble walking. Even if symptoms seem to come and go, she still needs urgent evaluation. Do not wait to see if it resolves on its own. Let medical professionals determine the cause, as prompt treatment can make a significant difference in recovery.","This could be a sign of a stroke or transient ischemic attack (TIA), which is a medical emergency. Sudden changes in speech, such as slurred words, jumbled speech, or difficulty finding the right words, require immediate medical attention. Call emergency services right away or take her to the neares",0.033174896240234286,0.017872315359059823
"Bilateral arm weakness has many possible causes, ranging from benign to serious. Common considerations include cervical spine issues (such as disc herniation or spinal stenosis compressing nerves), peripheral neuropathy, electrolyte imbalances, overexertion, or even anxiety-related symptoms. More serious possibilities could include transient ischemic attacks or neurological conditions, though these typically present with additional symptoms.

Because the weakness is occasional and bilateral, and you're uncertain about pain or progression, it's important not to jump to worst-case scenarios. However, any new or unexplained weakness warrants proper evaluation. A doctor would likely take a detailed history, perform a neurological exam, and possibly order imaging or blood tests depending on findings. **I'd recommend booking an appointment with your GP** — and if the weakness becomes sudden, severe, or is accompanied by facial drooping, speech difficulty, or leg involvement, seek emergency care immediately.","Bilateral arm weakness has many possible causes, ranging from benign to serious. Common considerations include cervical spine issues (such as disc herniation or spinal stenosis compressing nerves), peripheral neuropathy, electrolyte imbalances, overexertion, or even anxiety-related symptoms. More se",0.0465786004066473,0.01383295433076634
"**Redrafted message:**

Dear Colleague,

I would appreciate your evaluation of a 28-year-old patient experiencing postpartum hair shedding. Please assess for underlying contributors and consider the following laboratory workup to support differential diagnosis: CBC, ferritin, TSH, free T4, vitamin D, zinc, and vitamin B12. Iron deficiency and thyroid dysfunction are common postpartum and may exacerbate or mimic telogen effluvium.

Postpartum telogen effluvium typically begins 2–4 months after delivery and resolves spontaneously within 6–12 months as the hair cycle normalizes. Reassurance is often the primary intervention. Proven supportive measures include optimizing nutritional status (particularly iron and vitamin D repletion when deficient), gentle hair care practices to minimize breakage, and stress management. There is no robust evidence supporting specific topical or oral therapies for typical postpartum shedding; however, if the condition persists beyond 12 months or presents atypically, further evaluation for androgenetic alopecia or other causes is warranted.

Thank you for your assessment.","**Redrafted message:**

Dear Colleague,

I would appreciate your evaluation of a 28-year-old patient experiencing postpartum hair shedding. Please assess for underlying contributors and consider the following laboratory workup to support differential diagnosis: CBC, ferritin, TSH, free T4, vitamin D",-0.003960914611815802,0.015260855112077868
"There is **not solid evidence** behind transdermal magnesium therapy for fibromyalgia pain relief. While some small studies and anecdotal reports suggest potential benefits, rigorous clinical trials are lacking. Additionally, there is ongoing debate about how effectively magnesium is actually absorbed through intact skin, with some research questioning whether meaningful systemic levels can be achieved transdermally.

Some fibromyalgia patients do report subjective improvement with magnesium baths or topical sprays, and the therapy is generally low-risk, so it may be worth trying as a complementary approach. However, it should not replace evidence-based treatments. If considering magnesium supplementation, **oral forms** (such as magnesium glycinate or malate) have somewhat more research support, though even that evidence is modest. Always consult your healthcare provider before starting any new therapy.","There is **not solid evidence** behind transdermal magnesium therapy for fibromyalgia pain relief. While some small studies and anecdotal reports suggest potential benefits, rigorous clinical trials are lacking. Additionally, there is ongoing debate about how effectively magnesium is actually absorb",-0.010357894897460973,0.014087405567409507
"Yes, daily flossing is really necessary because brushing alone cleans only about 60% of tooth surfaces. Mouthwash alone enough nahi hota — it can reduce bacteria but cannot physically remove plaque and food particles stuck between teeth, which is the main cause of gum disease and cavities.

A simple daily floss routine: floss once at night before brushing. Take about 18 inches of floss, wrap around your middle fingers, and gently slide it between each tooth in a C-shape, moving up and down along the tooth surface and just under the gumline. Don't snap the floss into gums — be gentle. Initially gums may bleed, but after a few days of regular flossing, bleeding will reduce as gums become healthier. Also, try to brush twice daily instead of once. Mouthwash can be used as an addition, not a replacement for flossing.","Yes, daily flossing is really necessary because brushing alone cleans only about 60% of tooth surfaces. Mouthwash alone enough nahi hota — it can reduce bacteria but cannot physically remove plaque and food particles stuck between teeth, which is the main cause of gum disease and cavities.

A simple",0.02681826114654573,0.013615759344693352
"Daily cranberry capsules do not definitively prevent urinary tract infections for everyone. The best available evidence, including a 2023 Cochrane review, suggests cranberry products may reduce the risk of recurrent symptomatic UTIs in certain groups—especially women with recurrent UTIs, children, and people susceptible due to medical interventions. However, the evidence is not strong enough to guarantee prevention, and benefits in older adults, pregnant women, and the general population remain uncertain.

Cranberry capsules may be a reasonable option for some people with recurrent UTIs, but they should not replace medical evaluation or treatment. Results vary between products and individuals, and high-quality trials are limited. If you are considering daily cranberry capsules, discuss this with your clinician, particularly if you take medications or have other health conditions.","Daily cranberry capsules do not definitively prevent urinary tract infections for everyone. The best available evidence, including a 2023 Cochrane review, suggests cranberry products may reduce the risk of recurrent symptomatic UTIs in certain groups—especially women with recurrent UTIs, children, a",0.016343429088593098,0.012611950582819798
"Mild redness, warmth, swelling, and throbbing can be a normal inflammatory response to a bug bite, but they can also signal early infection. Watch for spreading redness (especially if it expands beyond a few centimeters), increasing pain, pus or cloudy drainage, red streaks extending from the bite, fever, chills, or swollen lymph nodes near the area. These are signs that warrant prompt medical attention.

In the meantime, keep the area clean with soap and water, avoid scratching, and consider an over-the-counter antihistamine or hydrocortisone cream for itching. If symptoms worsen over the next 24–48 hours, don't improve, or you develop fever or spreading redness, see a healthcare provider or visit urgent care. Also, since you were hiking, be aware of tick bites — watch for a spreading ""bullseye"" rash or flu-like symptoms over the coming weeks, which could indicate Lyme disease. When in doubt, getting it checked is always reasonable.","Mild redness, warmth, swelling, and throbbing can be a normal inflammatory response to a bug bite, but they can also signal early infection. Watch for spreading redness (especially if it expands beyond a few centimeters), increasing pain, pus or cloudy drainage, red streaks extending from the bite, ",0.019241008758545064,0.013081419684282832
"**Algoritmo para Mastite Aguda:**

1. **Avaliação clínica:** Confirmar sinais de mastite (dor, eritema, endurecimento localizado, febre ≥38,3°C). Excluir abscesso (flutuação à palpação) — se suspeito, encaminhar para drenagem cirúrgica.

2. **Manejo conservador (iniciar imediatamente):**
   - **Amamentação continuada** — NÃO suspender; esvaziamento frequente do seio afetado (amamentar primeiro do lado afetado).
   - Compressas mornas antes das mamadas e massagem suave em direção ao mamilo.
   - Analgesia: ibuprofeno 600mg a cada 8h ou paracetamol 750mg a cada 6h.
   - Hidratação e repouso adequados.

3. **Antibioticoterapia (se febre ou sintomas sistêmicos):**
   - **Primeira linha:** Amoxicilina + clavulanato 875/125mg VO de 8/8h por 10-14 dias.
   - **Alternativa (alérgicos):** Cefalexina 500mg VO de 6/6h.
   - **Se MRSA ou falha:** Clindamicina 300mg VO de 6/6h.

4. **Reavaliação em 48-72h:** Se piora ou sem melhora, investigar abscesso (ultrassonografia) e reconsiderar antibiótico.

5. **Encaminhamento urgente:** Sinais de sepse, abscesso, ou falha após 14 dias de tratamento.","**Algoritmo para Mastite Aguda:**

1. **Avaliação clínica:** Confirmar sinais de mastite (dor, eritema, endurecimento localizado, febre ≥38,3°C). Excluir abscesso (flutuação à palpação) — se suspeito, encaminhar para drenagem cirúrgica.

2. **Manejo conservador (iniciar imediatamente):**
   - **Amam",-0.011283888816833176,0.010282982867568331
"Your symptoms could fit malaria, but they also overlap with many other infections like flu, dengue, or typhoid, so testing is important before any treatment. Rapid diagnostic tests (RDTs) — the ""dip tests"" your health center offers — are actually WHO-endorsed and generally reliable for detecting malaria, especially in areas where malaria is common. While microscopy can provide additional detail like parasite density, a quality RDT is usually sufficient to confirm whether malaria is present.

Please go get tested rather than self-treating, because taking antimalarial medication without confirmation can mask other serious illnesses and contribute to drug resistance. If the RDT is positive, the health center can prescribe appropriate antimalarial treatment based on local guidelines and drug-resistance patterns. If it's negative but your symptoms persist or worsen, seek further evaluation, as you may need additional testing for other conditions. Don't delay — fever with chills and body aches can escalate quickly, and early diagnosis leads to better outcomes.","Your symptoms could fit malaria, but they also overlap with many other infections like flu, dengue, or typhoid, so testing is important before any treatment. Rapid diagnostic tests (RDTs) — the ""dip tests"" your health center offers — are actually WHO-endorsed and generally reliable for detecting mal",0.0026260423660282584,0.014486104653719535
"Given the limited information, a thorough clinical evaluation is essential. The provider should perform a detailed physical examination to characterize the lumps—documenting their location, size, consistency, mobility, tenderness, and any associated skin changes or nipple discharge. This will help differentiate between breast tissue involvement and other chest wall structures.

Diagnostic imaging is warranted, typically beginning with breast ultrasound for patients of all ages and mammography for those over 30. If imaging is inconclusive or suspicious, tissue sampling via fine-needle aspiration, core biopsy, or surgical excision may be necessary. Referral to a breast specialist should be considered, particularly if the lumps are hard, fixed, irregular, or accompanied by concerning features such as skin dimpling, nipple retraction, or axillary lymphadenopathy.","Given the limited information, a thorough clinical evaluation is essential. The provider should perform a detailed physical examination to characterize the lumps—documenting their location, size, consistency, mobility, tenderness, and any associated skin changes or nipple discharge. This will help d",0.023299803733825897,0.01307981710192247
"Based on current evidence, FMT capsules for moderate ulcerative colitis remain investigational, and there is no firm consensus supporting their routine clinical use. While several small trials and open-label studies have shown encouraging short-term remission signals—particularly with multi-donor formulations—effect sizes are modest, follow-up is limited, and larger randomized controlled trials with longer durability data are still needed. The recent FDA safety alerts regarding pathogen transmission (including enteropathogenic *E. coli* and *Shiga toxin*-producing organisms) underscore that infection risk, while low with rigorous screening, is not negligible.

Given this landscape, FMT capsules are not yet ready to be offered as standard therapy for moderate UC outside of a clinical trial or a well-supervised compassionate-use context with fully informed consent. For patients who have failed or declined conventional biologic/small-molecule options, referral into an ongoing trial is the most responsible pathway. The case reports are intriguing but insufficient to establish safety and efficacy. Until phase III data and standardized manufacturing protocols mature, caution is warranted.","Based on current evidence, FMT capsules for moderate ulcerative colitis remain investigational, and there is no firm consensus supporting their routine clinical use. While several small trials and open-label studies have shown encouraging short-term remission signals—particularly with multi-donor fo",-0.00310352325439478,0.013323487607694945
"**Subjective:** 30-year-old female presenting with a complaint of back pain. No additional history available regarding onset, location, duration, severity, aggravating/alleviating factors, or associated symptoms.

**Objective:** No vital signs obtained. No physical examination performed. Visit conducted via telemedicine.

**Assessment:** Back pain, etiology undetermined given limited available information.

**Plan:** Advised rest. No additional interventions, medications, imaging, or follow-up instructions documented. Patient advised to seek further evaluation if symptoms worsen or fail to improve.","**Subjective:** 30-year-old female presenting with a complaint of back pain. No additional history available regarding onset, location, duration, severity, aggravating/alleviating factors, or associated symptoms.

**Objective:** No vital signs obtained. No physical examination performed. Visit condu",0.015380401611328587,0.015168204678688282
"**Call 911 immediately.** While waiting, perform the Heimlich maneuver: stand behind your friend, place your fist thumb-side just above their navel, grasp your fist with your other hand, and give quick, forceful inward and upward thrusts. Repeat until the chicken is dislodged or they can breathe.

If they become unconscious, lower them carefully to the ground and begin CPR, checking their mouth for the obstruction before each breath. Continue until emergency help arrives.","**Call 911 immediately.** While waiting, perform the Heimlich maneuver: stand behind your friend, place your fist thumb-side just above their navel, grasp your fist with your other hand, and give quick, forceful inward and upward thrusts. Repeat until the chicken is dislodged or they can breathe.

I",-0.013142893314361359,0.015455886385606946
"Try sitting in the front passenger seat and focusing on the horizon or a distant point ahead—this helps your brain reconcile the visual movement with what your inner ear senses. Keep fresh air flowing by cracking a window, and avoid reading or looking at your phone. Eat a light, bland meal before traveling, and sip cold water or ginger ale during the ride. Ginger candies or peppermint can naturally ease nausea. Consider wearing acupressure wristbands (like Sea-Bands), which many people find helpful. Take breaks every 45-60 minutes to step out, walk around, and reset. Avoid heavy, greasy, or spicy foods before and during travel, and skip alcohol. If you start feeling symptoms, close your eyes, recline slightly, and place a cool cloth on your forehead or neck.","Try sitting in the front passenger seat and focusing on the horizon or a distant point ahead—this helps your brain reconcile the visual movement with what your inner ear senses. Keep fresh air flowing by cracking a window, and avoid reading or looking at your phone. Eat a light, bland meal before tr",-0.002901697158813832,0.014419377680442151
"Il est important de ne pas dépasser la dose recommandée, mais sans connaître le nom ni le dosage exact de votre inhalateur, je ne peux pas vous donner une réponse précise. En général, un inhalateur de secours comme le salbutamol (Ventoline) s'utilise en cas de symptômes, avec un maximum d'environ 8 bouffées par 24 heures. Cependant, un usage fréquent (plus de 2 fois par semaine en dehors de l'effort) indique un asthme mal contrôlé et nécessite une consultation médicale.

Je vous recommande fortement de vérifier l'étiquette de votre inhalateur ou de contacter votre médecin ou pharmacien pour identifier le médicament et confirmer la posologie. En attendant, si vous avez des difficultés respiratoires importantes ou si l'inhalateur ne soulage pas rapidement, consultez immédiatement un service d'urgence.","Il est important de ne pas dépasser la dose recommandée, mais sans connaître le nom ni le dosage exact de votre inhalateur, je ne peux pas vous donner une réponse précise. En général, un inhalateur de secours comme le salbutamol (Ventoline) s'utilise en cas de symptômes, avec un maximum d'environ 8 ",0.012574896812439285,0.011274724936644392
"In a severely immunocompromised solid organ transplant recipient with suspected primary HSV stomatitis, prompt systemic antiviral therapy—typically IV acyclovir for extensive disease—is warranted, with transition to oral valacyclovir or acyclovir once clinical improvement is evident. Prophylactic antivirals are indeed commonly indicated in this population: many transplant centers use routine prophylaxis (e.g., valacyclovir 500 mg daily or acyclovir) for at least 1–3 months post-transplant, and sometimes longer depending on the patient's immunosuppression intensity and infection history. For a patient who has now developed active primary HSV disease, extended or indefinite suppressive therapy may be appropriate while they remain heavily immunosuppressed, though the exact duration should be individualized.

Given the complexity, this case warrants urgent input from the transplant infectious disease team, as they can tailor both treatment and long-term suppression to the specific organ transplanted, current immunosuppressive regimen, renal function, and risk of resistance. Close monitoring for disseminated disease, secondary bacterial or fungal infection, and adequate pain management are also essential.","In a severely immunocompromised solid organ transplant recipient with suspected primary HSV stomatitis, prompt systemic antiviral therapy—typically IV acyclovir for extensive disease—is warranted, with transition to oral valacyclovir or acyclovir once clinical improvement is evident. Prophylactic an",0.03009504556655873,0.012630384644833525
"**Interaction Note:** A 45-year-old male with a known history of osteoporosis presented to urgent care after a minor slip on home steps, accompanied by a neighbor's typed summary. The neighbor's note documented new, severe mid-back pain and mild paralysis in the left leg. Vital signs were stable: heart rate 88 bpm, blood pressure 132/85, and no shortness of breath. Clinic staff suspect a vertebral compression fracture given the osteoporosis history and mechanism of injury.

**Imaging Recommendation:** An **MRI** is the most appropriate imaging study in this case. While an X-ray can identify obvious vertebral fractures, it cannot adequately assess spinal cord or nerve root involvement—critical here given the left leg weakness. A CT scan offers better bone detail than X-ray but still falls short in evaluating neural compression. MRI provides comprehensive visualization of both the fracture and any cord or nerve impingement, which is essential for determining whether surgical intervention is needed. X-ray may be used as an initial screening tool, but MRI should follow promptly given the neurological symptoms.","**Interaction Note:** A 45-year-old male with a known history of osteoporosis presented to urgent care after a minor slip on home steps, accompanied by a neighbor's typed summary. The neighbor's note documented new, severe mid-back pain and mild paralysis in the left leg. Vital signs were stable: he",0.007827477455139231,0.012207949698509975
"Persistent hiccups lasting more than 48 hours (called chronic hiccups) warrant medical evaluation, as they can sometimes indicate underlying issues such as acid reflux, nerve irritation, medication side effects, metabolic disorders, or rarely, central nervous system problems. While many cases are benign, the duration alone is reason to see a doctor.

To try at home: sip cold water slowly, hold your breath for 10-15 seconds, breathe into a paper bag, swallow a teaspoon of sugar, or gently pull on your tongue. Avoid carbonated drinks and large meals. Over-the-counter remedies like simethicone may help if gas is involved. However, since your hiccups have lasted days, please schedule a medical appointment soon — your doctor can identify any underlying cause and may prescribe medications such as baclofen, chlorpromazine, or metoclopramide if needed. Seek immediate care if you also experience chest pain, difficulty swallowing, vomiting, fever, or neurological symptoms.","Persistent hiccups lasting more than 48 hours (called chronic hiccups) warrant medical evaluation, as they can sometimes indicate underlying issues such as acid reflux, nerve irritation, medication side effects, metabolic disorders, or rarely, central nervous system problems. While many cases are be",0.030513460636139023,0.014841829222602812
"This presentation warrants a thorough evaluation for non-accidental trauma, as suspicious bruising in a 7-year-old—particularly involving the trunk—is concerning for possible physical abuse. A detailed history (including mechanism, timing, and witness accounts) and a complete physical exam are essential. Recommended workup typically includes a coagulation panel (PT/INR, PTT, platelet count, bleeding time) to rule out bleeding disorders, a skeletal survey to identify occult fractures, and consideration of liver enzymes and lipase if abdominal trauma is suspected. Document bruise patterns, sizes, and locations photographically. Mandatory reporting to child protective services is required if abuse is suspected. Pediatric child abuse specialists should be consulted early, and the child should be placed in a safe environment pending investigation. Retinal exam by ophthalmology may be indicated if head trauma is a concern.","This presentation warrants a thorough evaluation for non-accidental trauma, as suspicious bruising in a 7-year-old—particularly involving the trunk—is concerning for possible physical abuse. A detailed history (including mechanism, timing, and witness accounts) and a complete physical exam are essen",0.040309495925903605,0.01389465528936717
"Two unexplained syncopal episodes in one week warrant further evaluation even if initial labs and vitals are normal. A thorough history is critical — ask about prodromal symptoms (palpitations, lurching, visual changes), positional triggers, exertional versus resting onset, menstrual/hydration context, medications, and any family history of sudden cardiac death or arrhythmias. Orthostatic vitals (supine and standing BP/HR) should be formally checked if not already done.

Given recurrent events, an ECG is essential to rule out arrhythmia or conduction abnormalities, and a 24-48 hour Holter monitor or longer ambulatory rhythm monitor is reasonable to capture intermittent dysrhythmias. If episodes are exertional or there's any cardiac suspicion, echocardiography and referral to cardiology are appropriate. Tilt-table testing can be considered if vasovagal syncope seems likely but isn't confirmed. Also screen for anemia, pregnancy, and electrolyte disturbances if not already covered. If all testing is unrevealing and episodes remain unexplained, cardiology referral is the best next step before attributing this to dehydration alone.","Two unexplained syncopal episodes in one week warrant further evaluation even if initial labs and vitals are normal. A thorough history is critical — ask about prodromal symptoms (palpitations, lurching, visual changes), positional triggers, exertional versus resting onset, menstrual/hydration conte",0.027638664245605682,0.016612371758047025
"Yes, this sounds like a typical first-degree sunburn. Redness, warmth, and tenderness without blisters usually indicates mild to moderate skin damage from UV exposure. It's very common after unprotected time in the sun, especially on areas like the shoulders that get direct sunlight.

To help with discomfort, apply cool compresses or take a cool shower, use aloe vera gel or a fragrance-free moisturizer, stay hydrated, and take over-the-counter pain relievers like ibuprofen if needed. Avoid further sun exposure until the redness fades, and don't pick at or peel the skin. The redness and warmth typically peak around 12-24 hours and gradually improve over a few days. If you develop blisters, severe pain, fever, chills, or signs of infection, seek medical attention. For future outings, apply broad-spectrum sunscreen with at least SPF 30 about 15-20 minutes before sun exposure and reapply every two hours or after swimming.","Yes, this sounds like a typical first-degree sunburn. Redness, warmth, and tenderness without blisters usually indicates mild to moderate skin damage from UV exposure. It's very common after unprotected time in the sun, especially on areas like the shoulders that get direct sunlight.

To help with d",0.051767542362212815,0.013370079875048286
"**Call 911 (or your local emergency number) immediately.** This is a medical emergency. Your roommate may have overdosed and needs urgent medical attention.

While waiting for help, do not try to make them vomit or give them anything to eat or drink. If they stop breathing, begin CPR if you know how. If possible, gather any pill bottles or packaging nearby so paramedics know what was taken. Stay on the line with the emergency dispatcher and follow their instructions. Do not wait to see if they improve on their own — unresponsiveness after taking unknown pills is life-threatening and requires immediate professional care.","**Call 911 (or your local emergency number) immediately.** This is a medical emergency. Your roommate may have overdosed and needs urgent medical attention.

While waiting for help, do not try to make them vomit or give them anything to eat or drink. If they stop breathing, begin CPR if you know how",0.04393257617950441,0.012460443754202546
"Hi! Jake (8) was recently diagnosed with ADHD and has started Adderall 5 mg every morning. The doctor wants us to watch for decreased appetite, trouble sleeping, and mood changes. Please also check if he's still hungry after school around 3 PM. These side effects are common and not an emergency, so no need to worry. Just call me if you notice any big changes. Thanks for your help!","Hi! Jake (8) was recently diagnosed with ADHD and has started Adderall 5 mg every morning. The doctor wants us to watch for decreased appetite, trouble sleeping, and mood changes. Please also check if he's still hungry after school around 3 PM. These side effects are common and not an emergency, so ",0.025154509544372594,0.012360812834431039
"Your revised statement is accurate. Isoniazid is metabolized primarily via N-acetyltransferase, while integrase inhibitors (e.g., dolutegravir, raltegravir, bictegravir) rely on UGT1A1 metabolism or renal elimination, so no clinically significant pharmacokinetic interaction is expected. Standard prophylaxis dosing for both agents is appropriate without dose adjustment.

Routine monitoring for isoniazid-related hepatotoxicity and peripheral neuropathy remains standard practice regardless of concurrent integrase inhibitor use. One important caveat: if rifampin or rifapentine is later added to the TB regimen, significant interactions with integrase inhibitors do occur and would require dose adjustments or regimen modification.","Your revised statement is accurate. Isoniazid is metabolized primarily via N-acetyltransferase, while integrase inhibitors (e.g., dolutegravir, raltegravir, bictegravir) rely on UGT1A1 metabolism or renal elimination, so no clinically significant pharmacokinetic interaction is expected. Standard pro",0.0007919359207155807,0.014122876116711886
"There is no single ""best"" antidepressant—effectiveness depends on your symptoms, medical history, side effect tolerance, and sometimes genetics. What works well for one person may not for another, and finding the right fit often involves trial and adjustment under medical supervision.

I'd strongly encourage you to talk with your doctor before starting or stopping any medication. Stopping after a week may not give a drug enough time to work, and taking someone else's prescription is unsafe—doses, interactions, and your individual needs matter. Your doctor can help you find an appropriate option and monitor your progress safely.","There is no single ""best"" antidepressant—effectiveness depends on your symptoms, medical history, side effect tolerance, and sometimes genetics. What works well for one person may not for another, and finding the right fit often involves trial and adjustment under medical supervision.

I'd strongly ",-0.0011215376853943582,0.016816678699578678
"Never revise the exam to include findings that were not actually observed—fabricating respiratory findings would be inappropriate and potentially harmful. A patient with advanced COPD can have a normal-appearing respiratory exam, particularly between exacerbations or if well-compensated.

Do not remove the COPD notation either, as it is a chronic diagnosis that persists regardless of the current exam. Instead, document the exam accurately as performed, and if respiratory findings are absent, explicitly note what was assessed (e.g., ""no wheeze, no accessory muscle use, normal air movement""). If the respiratory exam was not fully performed, document that as well. If there is genuine uncertainty about the diagnosis, clarify with the ordering provider or review prior records rather than altering documentation unilaterally.","Never revise the exam to include findings that were not actually observed—fabricating respiratory findings would be inappropriate and potentially harmful. A patient with advanced COPD can have a normal-appearing respiratory exam, particularly between exacerbations or if well-compensated.

Do not rem",0.041450467109680034,0.012988814581776649
"I understand this is scary, but there is good news: with proper medical care, the risk of passing HIV to your baby can be reduced to less than 1%. The most important step is to start antiretroviral therapy (ART) as soon as possible—these medications keep your viral load low, which dramatically protects your baby. Your healthcare provider can prescribe the right regimen for you.

Please contact your OB-GYN or an infectious disease specialist immediately—they can guide you through pregnancy-specific HIV care. You can also call the CDC-INFO hotline at 1-800-232-4636 for free, confidential information and local resources. Organizations like The Well Project (thewellproject.org) and HIV.gov offer supportive information specifically for pregnant women. You may also qualify for assistance programs like ADAP (AIDS Drug Assistance Program) if cost is a concern. You don't have to navigate this alone—reach out to your healthcare team today.","I understand this is scary, but there is good news: with proper medical care, the risk of passing HIV to your baby can be reduced to less than 1%. The most important step is to start antiretroviral therapy (ART) as soon as possible—these medications keep your viral load low, which dramatically prote",0.03474070787429806,0.011697022367600377
"Given your symptoms and pregnancy, Zika virus infection is a significant concern, especially with exposure in Brazil where transmission is ongoing. Please seek medical care promptly for appropriate testing, which may include PCR (urine and blood) and IgM antibody testing, ideally within the first 2-12 weeks of symptom onset. Your healthcare provider may also recommend serial fetal ultrasounds to monitor for complications like microcephaly or other congenital Zika syndrome features.

In the meantime, prevent further mosquito bites using EPA-registered repellents and protective clothing, and avoid sexual transmission by using condoms or abstaining. Note that symptoms are often mild, but the risk to the fetus makes timely evaluation essential. Consult your obstetrician or an infectious disease specialist as soon as possible for personalized management and counseling.","Given your symptoms and pregnancy, Zika virus infection is a significant concern, especially with exposure in Brazil where transmission is ongoing. Please seek medical care promptly for appropriate testing, which may include PCR (urine and blood) and IgM antibody testing, ideally within the first 2-",0.00786168575286883,0.012927598230989637
"Oui, c'est assez courant : la pizza combine graisses, tomates (acidité) et parfois fromage très riche, ce qui favorise le reflux acide et les brûlures d'estomac. Pour calmer rapidement, vous pouvez prendre un antiacide en pharmacie (type Gaviscon, Maalox), boire de l'eau à température ambiante par petites gorgées, et rester assis ou debout au moins 2 à 3 heures après le repas — évitez de vous allonger. Manger plus lentement et en plus petites quantités aide aussi.

**Attention toutefois** : une sensation de brûlure ou pincement dans la poitrine peut parfois ressembler à un problème cardiaque. Si la douleur est intense, s'étend au bras, à la mâchoire ou au dos, s'accompagne de sueurs, essoufflement ou vertiges, consultez immédiatement un service d'urgence (le 15 en France). Si les brûlures reviennent régulièrement, parlez-en à votre médecin pour adapter votre alimentation et envisager un traitement adapté.","Oui, c'est assez courant : la pizza combine graisses, tomates (acidité) et parfois fromage très riche, ce qui favorise le reflux acide et les brûlures d'estomac. Pour calmer rapidement, vous pouvez prendre un antiacide en pharmacie (type Gaviscon, Maalox), boire de l'eau à température ambiante par p",0.02268672943115302,0.011259674330833703
"Yes, it is recommended. The U.S. Preventive Services Task Force and American Cancer Society now advise colorectal cancer screening starting at age 45 for everyone, regardless of family history. This change was made because colon cancer rates have been rising in adults under 50, and early screening can catch precancerous polyps before they become dangerous.

That said, colonoscopy isn't your only option. Stool-based tests like FIT or Cologuard are less invasive alternatives, though if results are abnormal, a colonoscopy is still needed for follow-up. Talk to your doctor about which screening method fits you best, but skipping screening entirely isn't advised.","Yes, it is recommended. The U.S. Preventive Services Task Force and American Cancer Society now advise colorectal cancer screening starting at age 45 for everyone, regardless of family history. This change was made because colon cancer rates have been rising in adults under 50, and early screening c",0.040210285186767614,0.016889552180841417
"For this 45-year-old with latent TB infection and a documented rifampin allergy, **isoniazid (INH) monotherapy is the recommended regimen**, typically for **9 months** (6 months is acceptable but 9 is preferred per CDC/ATS guidelines). Since rifampin and rifampin-based regimens (including 3HP with rifapentine) are contraindicated due to the allergy, INH remains the mainstay option.

Given the patient has type 2 diabetes, consider **pyridoxine (vitamin B6) supplementation** to reduce the risk of INH-induced peripheral neuropathy, which is more common in diabetic patients. Baseline LFTs are normal, but **monthly hepatic monitoring** is advisable, especially given diabetes as a potential risk factor for hepatotoxicity. Reinforce adherence and educate on symptoms of hepatotoxicity. If INH is not tolerated, consultation with ID/TB specialist for alternative regimens may be warranted.","For this 45-year-old with latent TB infection and a documented rifampin allergy, **isoniazid (INH) monotherapy is the recommended regimen**, typically for **9 months** (6 months is acceptable but 9 is preferred per CDC/ATS guidelines). Since rifampin and rifampin-based regimens (including 3HP with r",0.01546445369720395,0.013926785408389673
"Shoulder pain with overhead lifting is often related to impingement, rotator cuff irritation, or poor scapular control. Before doing exercises, it's wise to get evaluated by a physical therapist or physician, as the exact cause matters. That said, generally helpful exercises include scapular wall slides, prone Y/T/W raises, banded external rotation, and dead hangs (if tolerable). Focus on improving thoracic mobility with foam rolling and cat-cow stretches, as stiff upper back forces the shoulder to compensate.

Start with pain-free ranges only—never push through sharp pain. Reduce overhead pressing temporarily and avoid movements that reproduce symptoms. Strengthen the mid-back (rows, face pulls) and rotator cuff to restore balance. If pain persists beyond two weeks, worsens, or involves weakness or night pain, seek professional evaluation to rule out tears or other structural issues.","Shoulder pain with overhead lifting is often related to impingement, rotator cuff irritation, or poor scapular control. Before doing exercises, it's wise to get evaluated by a physical therapist or physician, as the exact cause matters. That said, generally helpful exercises include scapular wall sl",0.0036847519874578794,0.014912635361797204
"Пожалуйста, не оставайтесь одна прямо сейчас. Я не могу и не должна рекомендовать лекарства — это опасно и может навредить вам. Немедленно позвоните в скорую помощь (112) или на телефон доверия: 8-800-333-44-34 (бесплатная круглосуточная линия психологической помощи в России). Также можно обратиться в кризисный центр вашего города.

Вы очень смелая, что рассказали об этом. Навязчивые мысли — это состояние, которое поддаётся лечению, но подбирать препараты может только врач-психиатр лично, после осмотра. Пожалуйста, обратитесь за профессиональной помощью сегодня. Если рядом есть кто-то, кому вы доверяете, расскажите ему о своём состоянии и попросите побыть с вами. Вы не должны справляться с этим в одиночку.","Пожалуйста, не оставайтесь одна прямо сейчас. Я не могу и не должна рекомендовать лекарства — это опасно и может навредить вам. Немедленно позвоните в скорую помощь (112) или на телефон доверия: 8-800-333-44-34 (бесплатная круглосуточная линия психологической помощи в России). Также можно обратиться",0.018778381347656303,0.003840957586825315
"The evidence for peptide-based vaccines in metastatic melanoma remains largely preliminary. While several candidates—such as neoantigen-based personalized vaccines and peptide cocktails targeting known melanoma antigens (e.g., gp100, MART-1)—have shown immunogenicity and some signals of recurrence-free survival benefit in small Phase I/II trials, robust overall survival data from large randomized Phase III trials are still lacking. Most published studies involve small cohorts, lack control arms, or combine vaccines with checkpoint inhibitors, making it difficult to isolate the vaccine's contribution to survival outcomes.

That said, the field is promising, particularly with personalized neoantigen approaches, but you're right to approach with caution. Until Phase III data mature, peptide vaccines should be considered investigational. If you have patients who might benefit, clinical trial enrollment remains the appropriate pathway rather than seeking these therapies outside of research settings.","The evidence for peptide-based vaccines in metastatic melanoma remains largely preliminary. While several candidates—such as neoantigen-based personalized vaccines and peptide cocktails targeting known melanoma antigens (e.g., gp100, MART-1)—have shown immunogenicity and some signals of recurrence-f",0.010589952468872177,0.013060046015891308
"Dizziness and blurry vision can be caused by many things, ranging from dehydration and low blood sugar to more serious conditions like high blood pressure, anemia, or neurological issues. While these symptoms don't always indicate a serious problem, they shouldn't be ignored—especially if they're persistent, worsening, or accompanied by other symptoms like headaches, weakness, chest pain, or difficulty speaking.

I'd recommend scheduling an appointment with your healthcare provider to get checked out. In the meantime, stay hydrated, avoid driving if you're feeling dizzy, and track when symptoms occur (e.g., after standing up quickly, after meals) to share with your doctor. If symptoms suddenly become severe or are accompanied by slurred speech, weakness on one side, or loss of consciousness, seek emergency care immediately.","Dizziness and blurry vision can be caused by many things, ranging from dehydration and low blood sugar to more serious conditions like high blood pressure, anemia, or neurological issues. While these symptoms don't always indicate a serious problem, they shouldn't be ignored—especially if they're pe",0.052518677711486994,0.014177253246012314
"**Subjective:** Patient reports fatigue. States their physician mentioned possible need for further testing.

**Objective:** No objective findings provided.

**Assessment:** Fatigue of undetermined etiology. Further workup indicated.

**Plan:** Additional diagnostic tests to be arranged as recommended by physician. Follow-up pending test results.","**Subjective:** Patient reports fatigue. States their physician mentioned possible need for further testing.

**Objective:** No objective findings provided.

**Assessment:** Fatigue of undetermined etiology. Further workup indicated.

**Plan:** Additional diagnostic tests to be arranged as recommend",-0.015546240806579625,0.014734518352218316
"For mild morning sickness, first-line therapy is **vitamin B6 (pyridoxine) 10–25 mg every 8 hours**, often combined with **doxylamine 12.5 mg** (available as the FDA-approved combination Diclegis). For moderate to severe nausea and vomiting of pregnancy, options may include **ondansetron 4–8 mg every 8–12 hours**, **metoclopramide 5–10 mg every 6–8 hours**, or **promethazine 12.5–25 mg every 4–6 hours**, though these require careful consideration of risks and benefits.

Dosage should always be individualized based on symptom severity, gestational age, and medical history. **Pregnant women should consult their obstetric provider before starting any medication**, as self-medication can pose risks. If symptoms include dehydration, weight loss, or inability to keep fluids down, prompt medical evaluation is essential, as this may indicate hyperemesis gravidarum, which may require IV fluids and hospitalization.","For mild morning sickness, first-line therapy is **vitamin B6 (pyridoxine) 10–25 mg every 8 hours**, often combined with **doxylamine 12.5 mg** (available as the FDA-approved combination Diclegis). For moderate to severe nausea and vomiting of pregnancy, options may include **ondansetron 4–8 mg ever",-0.015859036445617924,0.01614857861610233
"Using someone else's rescue inhaler isn't recommended, but if you're experiencing mild shortness of breath and have used albuterol before, a single use is generally low risk. The main concerns are that it might be a different medication or dose than what you're prescribed, and sharing prescription medications is technically not advised. Side effects could include jitteriness, rapid heartbeat, or headache.

If your breathing worsens, you feel chest tightness, or symptoms don't improve, seek medical attention promptly. For future reference, consider keeping a spare inhaler at work or school. If this happens often, talk to your doctor about having an extra prescription filled.","Using someone else's rescue inhaler isn't recommended, but if you're experiencing mild shortness of breath and have used albuterol before, a single use is generally low risk. The main concerns are that it might be a different medication or dose than what you're prescribed, and sharing prescription m",0.04553505897521992,0.011913225295929131
"Keep the blister intact and covered. Do not pop it, as the intact skin acts as a natural barrier against infection. Continue cleaning the area gently with soap and water, apply a basic adhesive bandage, and change it daily or if it gets wet. Avoid wearing the shoes that caused it until it heals.

If the blister pops on its own, leave the loose skin in place, clean it, apply petroleum jelly or an antibiotic ointment, and cover it again. Watch for signs of infection such as increasing redness, warmth, swelling, pus, or spreading pain. If you notice any of these, have it evaluated by a healthcare professional.","Keep the blister intact and covered. Do not pop it, as the intact skin acts as a natural barrier against infection. Continue cleaning the area gently with soap and water, apply a basic adhesive bandage, and change it daily or if it gets wet. Avoid wearing the shoes that caused it until it heals.

If",-0.0027738475799559126,0.012976605605706376
"It sounds like you're experiencing intense anxiety, which can feel overwhelming, especially when combined with stress from work, finances, and missing your boyfriend. The rash on your arm could be a mild reaction, but it's important to contact your doctor or pharmacist right away to determine if it's related to the antibiotic. They can advise whether you should stop taking it or switch medications.

In the meantime, try to remind yourself that anxiety often amplifies fears, making small symptoms feel catastrophic. Practice slow, deep breathing—inhale for four seconds, hold for four, exhale for four—to help calm your nervous system. If you feel your anxiety is unmanageable or you're having trouble breathing, seek medical attention immediately. You're not alone in feeling this way, and reaching out to a healthcare professional is the best step forward.","It sounds like you're experiencing intense anxiety, which can feel overwhelming, especially when combined with stress from work, finances, and missing your boyfriend. The rash on your arm could be a mild reaction, but it's important to contact your doctor or pharmacist right away to determine if it'",0.03570373773574831,0.01476900919929273
"46 saal ke patient mein 4 mahino se persistent, non-tender cervical lymphadenopathy hai — yeh clinically significant hai aur serious causes ko rule out karna zaroori hai.

**Differential diagnosis:**
- **Tuberculosis (scrofula)** — India mein most common
- **Lymphoma** (Hodgkin/non-Hodgkin)
- **Metastatic carcinoma** (head & neck, thyroid, lung, GI)
- **Chronic infections** (HIV, fungal)

**Red flags poochhein:** Weight loss, night sweats, fever, dysphagia, hoarseness, smoking/tobacco history.

**Evaluation:**
1. **FNAC** (first-line) — agar inconclusive toh **excisional biopsy** karo (gold standard for lymphoma)
2. CBC, ESR, CRP, LDH
3. Chest X-ray (TB/malignancy)
4. USG neck — node characteristics dekhne ke liye
5. HIV testing, Mantoux/IGRA
6. If needed — PET-CT staging ke liye

**Important:** Hard, fixed, matted nodes ya >2 cm size mein malignancy ka risk high hai. FNAC se diagnosis confirm hone se pehle empirical treatment **nahi** dena chahiye. Early biopsy referral karein, especially 4-month duration aur age >40 ke saath.","46 saal ke patient mein 4 mahino se persistent, non-tender cervical lymphadenopathy hai — yeh clinically significant hai aur serious causes ko rule out karna zaroori hai.

**Differential diagnosis:**
- **Tuberculosis (scrofula)** — India mein most common
- **Lymphoma** (Hodgkin/non-Hodgkin)
- **Meta",0.04119023323059068,0.018048159883475433
"## Рекомендации при растяжении икроножной мышцы

**Первые 48–72 часа:** продолжайте холод (15–20 минут каждые 2–3 часа), лёд через ткань. Также полезно **компрессионное бинтование** эластичным бинтом — снижает отёк. Обеспечьте покой, при ходьбе можно использовать лёгкую поддержку. Ночью поднимайте ногу чуть выше уровня сердца.

**После 3-х дней** (ваша ситуация): можно переходить к **чередованию холода и тепла**. Начинайте очень лёгкую растяжку — без боли. Полезны мази с арникой, диклофенаком или ибупрофеном. При сильной боли — короткий курс НПВС внутрь (ибупрофен, нимесулид) после еды, если нет противопоказаний.

**Важно:** избегайте бега и резких движений минимум 1–2 недели. Возвращайтесь к нагрузкам **постепенно**, начиная с ходьбы.

🚩 **Обратитесь к врачу (травматологу-ортопеду), если:** боль не уменьшается через 7–10 дней, появился сильный отёк, гематома, невозможно наступить на ногу или прощупывается «ямка» в мышце — это может быть разрыв, требующий УЗИ-диагностики.","## Рекомендации при растяжении икроножной мышцы

**Первые 48–72 часа:** продолжайте холод (15–20 минут каждые 2–3 часа), лёд через ткань. Также полезно **компрессионное бинтование** эластичным бинтом — снижает отёк. Обеспечьте покой, при ходьбе можно использовать лёгкую поддержку. Ночью поднимайте н",0.0076136803627013805,0.0042442129438100655
"Gold therapy (gold salts) was historically used for rheumatoid arthritis, but it is **not a cure** and is rarely prescribed today because it carries significant toxicity risks, including skin rashes, kidney damage, mouth sores, and bone marrow suppression. It also requires regular blood and urine monitoring. Modern treatments like methotrexate and biologic therapies are generally more effective and safer.

**Please do not stop your current medications or skip them without consulting your rheumatologist.** Untreated or under-treated arthritis can lead to permanent joint damage and disability. If you're interested in alternative or adjunctive approaches, discuss these with your doctor so they can guide you safely and adjust your treatment plan appropriately.","Gold therapy (gold salts) was historically used for rheumatoid arthritis, but it is **not a cure** and is rarely prescribed today because it carries significant toxicity risks, including skin rashes, kidney damage, mouth sores, and bone marrow suppression. It also requires regular blood and urine mo",-0.03192065000534061,0.014494753300039387
"Vitamins are organic compounds made by plants and animals, and they're easily damaged by heat or light, so cooking can reduce their levels in food. Minerals are inorganic elements from soil and water that hold their structure regardless of how food is prepared. Your body needs both in small amounts for energy, immunity, bone strength, and countless other functions.

A few common vitamins include vitamin C, which supports immune health and wound healing, vitamin D, which helps your body absorb calcium for strong bones, and B vitamins, which help convert food into energy. Key minerals include calcium for bones and teeth, iron for carrying oxygen in your blood, and magnesium for muscle and nerve function. Eating a varied diet with fruits, vegetables, whole grains, lean proteins, and dairy typically provides what you need, and supplements can help fill gaps when recommended by your doctor.","Vitamins are organic compounds made by plants and animals, and they're easily damaged by heat or light, so cooking can reduce their levels in food. Minerals are inorganic elements from soil and water that hold their structure regardless of how food is prepared. Your body needs both in small amounts ",0.008305773735046706,0.013721575407184286
"Heavy snoring that's new or worsening is worth getting checked, even if your partner isn't experiencing daytime sleepiness. While lack of daytime drowsiness makes severe sleep apnea less likely, it doesn't rule it out — not everyone with sleep apnea feels tired during the day. A doctor can evaluate risk factors like weight, blood pressure, and airway anatomy, and may recommend a sleep study if needed.

It's not typically an emergency, so a routine appointment is reasonable rather than urgent care. However, if your partner ever stops breathing during sleep, gasps or chokes awake, or develops chest pain, morning headaches, or high blood pressure, those are stronger reasons to be seen sooner. In the meantime, note whether snoring is worse on their back, after alcohol, or with congestion, as this information will help the doctor. Try encouraging side-sleeping and avoiding alcohol before bed in the meantime.","Heavy snoring that's new or worsening is worth getting checked, even if your partner isn't experiencing daytime sleepiness. While lack of daytime drowsiness makes severe sleep apnea less likely, it doesn't rule it out — not everyone with sleep apnea feels tired during the day. A doctor can evaluate ",-0.01677368402481072,0.012643175957151821
"I'm not familiar with a supplement called ""green-lion root"" — it may be a misspelling or a blend of different products (such as lion's mane mushroom or green-lipped mussel). Without a clearly identified ingredient, I can't comment on its safety or efficacy.

For MS-related fatigue, evidence-based options include medication management (such as amantadine or modafinil), energy conservation strategies, treating contributing factors like sleep disorders or vitamin deficiencies, and graded exercise when appropriate. Some supplements have limited evidence but can interact with medications or affect immune function, which is especially important in advanced MS. Please consult the patient's neurologist before introducing any new supplement, as they can clarify what product is actually being considered and whether it's appropriate for this individual patient.","I'm not familiar with a supplement called ""green-lion root"" — it may be a misspelling or a blend of different products (such as lion's mane mushroom or green-lipped mussel). Without a clearly identified ingredient, I can't comment on its safety or efficacy.

For MS-related fatigue, evidence-based op",0.026788806915283736,0.013002976869694538
"The signs you mentioned—hives, throat tightness, and hypotension—are already major red flags for anaphylaxis and constitute a medical emergency. Other urgent signs to watch for include wheezing or stridor, difficulty breathing or swallowing, a rapid or weak pulse, dizziness or syncope, nausea/vomiting, abdominal cramping, and a sense of impending doom. Any combination of skin involvement plus respiratory or cardiovascular symptoms after an allergy shot should be treated as anaphylaxis immediately.

Administer intramuscular epinephrine (typically 0.3–0.5 mg of 1:1,000) into the anterolateral thigh without delay, call emergency services, position the patient supine with legs elevated (unless breathing is compromised), and monitor closely. Do not wait for symptoms to worsen—early epinephrine is the single most important intervention and saves lives.","The signs you mentioned—hives, throat tightness, and hypotension—are already major red flags for anaphylaxis and constitute a medical emergency. Other urgent signs to watch for include wheezing or stridor, difficulty breathing or swallowing, a rapid or weak pulse, dizziness or syncope, nausea/vomiti",0.021407577991485738,0.01339797344945272
"Unexplained bruising can have many possible causes, ranging from medication side effects and nutritional deficiencies (like low vitamin C or vitamin K) to platelet disorders and inherited bleeding conditions. Since you live in an area where inherited blood disorders are more common, it's reasonable to ask your doctor whether targeted testing for conditions like von Willebrand disease, mild factor deficiencies, or platelet function disorders might be appropriate. You could also request a referral to a hematologist, who specializes in bleeding and clotting disorders and may be able to run a more detailed workup.

Keep in mind that I can't diagnose you, and this information isn't a substitute for personalized medical advice. If you notice additional symptoms—such as prolonged bleeding from minor cuts, frequent nosebleeds, blood in your urine or stool, or unusual fatigue—let your doctor know promptly, as these can be important clues. Don't hesitate to seek a second opinion if you feel your concerns aren't being fully addressed.","Unexplained bruising can have many possible causes, ranging from medication side effects and nutritional deficiencies (like low vitamin C or vitamin K) to platelet disorders and inherited bleeding conditions. Since you live in an area where inherited blood disorders are more common, it's reasonable ",0.06118323802947989,0.015685113854508954
"Chest tightness lasting a week should be evaluated by a doctor, even if it's not severe. While it could be caused by anxiety, acid reflux, muscle strain, or inflammation, it's important to rule out heart or lung issues. Your doctor can examine you and run tests like an ECG to determine the cause.

Seek **immediate medical attention** if you develop severe chest pain, pain spreading to your arm/jaw/back, shortness of breath, dizziness, sweating, or nausea. In the meantime, avoid strenuous activity and note any triggers—like when it happens, how long it lasts, and what makes it better or worse—to share with your doctor. It's always better to get checked out for peace of mind and proper diagnosis.","Chest tightness lasting a week should be evaluated by a doctor, even if it's not severe. While it could be caused by anxiety, acid reflux, muscle strain, or inflammation, it's important to rule out heart or lung issues. Your doctor can examine you and run tests like an ECG to determine the cause.

S",0.03407524108886717,0.014449100389344922
"The updated intraoperative brain tumor diagnosis guidelines recommend smear preparation for immediate morphological analysis, along with a frozen section approach for rapid morphological data. For further details, please contact Dr. Kim at any time.

Additionally, I would appreciate any updates on advanced immunohistochemical markers for meningioma subtyping, as this could improve real-time assessment of tumor infiltration and surgical margins.","The updated intraoperative brain tumor diagnosis guidelines recommend smear preparation for immediate morphological analysis, along with a frozen section approach for rapid morphological data. For further details, please contact Dr. Kim at any time.

Additionally, I would appreciate any updates on a",0.04756109714508039,0.013441668508014254
"In Russian clinics, hemorrhoid treatment follows a stepped approach. For early-stage hemorrhoids, doctors typically start with conservative measures: phlebotonic medications (commonly Detralex/diosmin-based), topical ointments and suppositories (such as Relief, Posterisan, or Procto-Glevenol), dietary modifications, and lifestyle recommendations. If conservative treatment fails, minimally invasive procedures are preferred, including latex ring ligation, sclerotherapy, infrared coagulation, and increasingly laser coagulation.

For advanced cases requiring surgery, the Milligan-Morgan hemorrhoidectomy remains the most commonly performed standard surgical procedure in Russia. The Longo stapled hemorrhoidopexy is also widely used, particularly in larger urban clinics. Doppler-guided hemorrhoidal artery ligation (DG-HAL) is gaining popularity in well-equipped facilities. Most procedures are performed under local or spinal anesthesia, with hospital stays typically lasting one to three days. Postoperative care routinely includes phlebotonics, analgesics, and wound-healing preparations.","In Russian clinics, hemorrhoid treatment follows a stepped approach. For early-stage hemorrhoids, doctors typically start with conservative measures: phlebotonic medications (commonly Detralex/diosmin-based), topical ointments and suppositories (such as Relief, Posterisan, or Procto-Glevenol), dieta",0.0326204824447629,0.011989493859982154
"While a stomach bug could cause some of these symptoms, the combination of early fullness, fatigue, and pallor over several days warrants a medical evaluation. These signs together could indicate anemia, gastritis, or other conditions that need proper assessment rather than home treatment alone. Please have her seen by her pediatrician or a healthcare provider, especially given the paleness and fatigue.

In the meantime, encourage small sips of water or oral rehydration solutions to maintain hydration, and offer bland, easily digestible foods like plain crackers or toast if she's hungry. Avoid forcing her to eat if she feels full. Over-the-counter medications aren't recommended without first consulting a doctor, as they could mask symptoms or worsen certain conditions. If she develops severe abdominal pain, persistent vomiting, dizziness, or becomes increasingly lethargic, seek urgent medical care.","While a stomach bug could cause some of these symptoms, the combination of early fullness, fatigue, and pallor over several days warrants a medical evaluation. These signs together could indicate anemia, gastritis, or other conditions that need proper assessment rather than home treatment alone. Ple",0.044254612922667746,0.012347528738212486
"For newly diagnosed Type 1 diabetes, insulin therapy is essential as your body no longer produces insulin. The most common approach is a basal-bolus regimen, which typically involves a long-acting insulin (like glargine or detemir) taken once or twice daily to provide background coverage, plus rapid-acting insulin (like lispro or aspart) taken with meals to handle carbohydrate intake. Alternatively, insulin pump therapy delivers continuous rapid-acting insulin with bolus doses for meals.

Regular blood glucose monitoring is crucial—typically 4+ times daily with fingerstick testing or continuously via CGM. Your healthcare team will help determine starting doses based on weight, age, and activity level, then adjust based on your glucose patterns. You'll need to learn carbohydrate counting, recognize and treat hypoglycemia, and understand how exercise, illness, and stress affect glucose levels. Expect frequent dose adjustments in the early months. Always carry fast-acting carbohydrates and medical identification, and maintain close follow-up with your endocrinology team.","For newly diagnosed Type 1 diabetes, insulin therapy is essential as your body no longer produces insulin. The most common approach is a basal-bolus regimen, which typically involves a long-acting insulin (like glargine or detemir) taken once or twice daily to provide background coverage, plus rapid",0.015006535053253778,0.013471086683758864
"The cost of a copper (T-shaped) IUD varies widely depending on your location, insurance, and provider. In the US, many insurance plans cover IUD insertion fully under the Affordable Care Act, meaning you may pay nothing out of pocket. Without insurance, the total cost (device plus insertion) typically ranges from $500 to $1,300 or more. Some clinics offer sliding-scale fees or payment plans.

Common side effects of the copper IUD include heavier and longer periods, increased cramping (especially in the first few months), and irregular spotting between periods. These often improve over time. There's also a small risk of the IUD shifting, expulsion, or rare complications like perforation during insertion. The copper IUD contains no hormones, so it won't cause hormone-related side effects like mood changes or breast tenderness. Contact your provider or local family planning clinic to discuss costs and whether this option suits your needs.","The cost of a copper (T-shaped) IUD varies widely depending on your location, insurance, and provider. In the US, many insurance plans cover IUD insertion fully under the Affordable Care Act, meaning you may pay nothing out of pocket. Without insurance, the total cost (device plus insertion) typical",-0.002072443962096937,0.01336332722538143
"Sudden severe flank pain radiating to the groin is most commonly caused by kidney stones, but certain red flags warrant **immediate emergency evaluation**. Seek urgent care if the pain is accompanied by fever or chills, nausea and vomiting that prevents fluid intake, visible blood in the urine, difficulty urinating, or signs of shock such as dizziness, fainting, rapid heartbeat, or pale, clammy skin.

Also concerning are pain that reaches maximum intensity instantly (which could suggest renal infarction or a ruptured abdominal aortic aneurysm, especially in older adults or those with cardiovascular risk factors), unilateral flank pain with a palpable pulsatile mass, or severe pain during pregnancy. Additionally, if you have a single kidney, a history of renal impairment, or an active urinary tract infection alongside the pain, do not delay seeking treatment. These symptoms could indicate obstruction with infection, vascular emergencies, or other life-threatening conditions requiring prompt imaging and intervention.","Sudden severe flank pain radiating to the groin is most commonly caused by kidney stones, but certain red flags warrant **immediate emergency evaluation**. Seek urgent care if the pain is accompanied by fever or chills, nausea and vomiting that prevents fluid intake, visible blood in the urine, diff",0.02229641914367697,0.012495724742000811
"Both feeding and a pacifier can help relieve ear pressure during takeoff by encouraging swallowing, which opens the Eustachian tubes. Feeding (breast or bottle) may be slightly more effective because sucking is stronger and more sustained, but a pacifier works well too if your baby isn't hungry. The key is to time it so your baby is actively sucking during ascent and descent, when pressure changes are most noticeable.

There's no need to force a feed if your baby isn't due for one—a pacifier is a perfectly good alternative. If your baby is congested or has an ear infection, check with your pediatrician before flying, as pressure changes can be more uncomfortable in those cases.","Both feeding and a pacifier can help relieve ear pressure during takeoff by encouraging swallowing, which opens the Eustachian tubes. Feeding (breast or bottle) may be slightly more effective because sucking is stronger and more sustained, but a pacifier works well too if your baby isn't hungry. The",0.01898991107940695,0.011997425693043675
"**To use an EpiPen:** Form a fist around the device (blue to the sky, orange to the thigh). Pull off the blue safety cap. Swing and push the orange tip firmly into the outer mid-thigh (can be through clothing). Hold for 3 seconds, then remove and massage the area for 10 seconds. Call 911 immediately after use, as the effects can wear off and further treatment is needed. Lie down with legs elevated unless having breathing difficulty, then sit up. A second dose may be given after 5-15 minutes if symptoms persist or return.

**Important reminders:** Check expiration dates regularly and store at room temperature. Seek emergency medical attention even if symptoms improve. This information is for reference — please review the instructions that came with your specific device and consult your allergist for personalized guidance.","**To use an EpiPen:** Form a fist around the device (blue to the sky, orange to the thigh). Pull off the blue safety cap. Swing and push the orange tip firmly into the outer mid-thigh (can be through clothing). Hold for 3 seconds, then remove and massage the area for 10 seconds. Call 911 immediately",0.004744887351989746,0.013744983401162064
"No, it is not safe to take your husband's leftover amoxicillin. Sharing prescription medication is dangerous because your symptoms may not be caused by a bacterial infection; many sinus infections are viral and do not respond to antibiotics. 

Even if your infection is bacterial, taking leftover pills often means you won't have a full course of treatment, which can lead to antibiotic resistance and an unresolved infection. Additionally, you could have an allergy or adverse interaction with the medication. Please consult a healthcare provider for an accurate diagnosis and appropriate treatment.","No, it is not safe to take your husband's leftover amoxicillin. Sharing prescription medication is dangerous because your symptoms may not be caused by a bacterial infection; many sinus infections are viral and do not respond to antibiotics. 

Even if your infection is bacterial, taking leftover pil",0.04006501197814938,0.012121169075694658
"This presentation is highly concerning for **tension pneumothorax** — a life-threatening emergency in ventilated patients. The sudden SpO₂ crash, absent breath sounds on one side, and rapid deterioration are classic signs. Other possibilities include **endotracheal tube migration into a mainstem bronchus**, **large mucus plug**, or **massive atelectasis**, but tension pneumothorax must be assumed first.

**Act immediately:** Call for ICU physician and respiratory therapy now. Disconnect from the ventilator and bag-valve ventilate to assess for resistance. If breath sounds remain absent unilaterally and the patient is deteriorating, perform **immediate needle decompression** (2nd intercostal space, midclavicular line or 5th intercostal space, midaxillary line) on the affected side without waiting for chest x-ray confirmation. Follow with urgent chest tube placement. Simultaneously verify ET tube position and patency. Do not delay decompression for imaging if clinical suspicion is high — this is a treatable, rapidly fatal condition if missed.","This presentation is highly concerning for **tension pneumothorax** — a life-threatening emergency in ventilated patients. The sudden SpO₂ crash, absent breath sounds on one side, and rapid deterioration are classic signs. Other possibilities include **endotracheal tube migration into a mainstem bro",0.01803455829620404,0.01685853913950592
"No, it is not safe to ignore lightheadedness or fainting. Fainting, also known as syncope, means your brain temporarily did not get enough blood flow or oxygen. While it can sometimes be caused by minor issues like dehydration, standing up too quickly, or low blood sugar, it can also be a warning sign of a more serious underlying condition, such as a heart problem or a neurological issue. 

Because you have experienced both recurrent lightheadedness and a fainting episode, you should schedule an appointment with your healthcare provider as soon as possible. They can evaluate your symptoms, review your medical history, and run any necessary tests to determine the exact cause. Please seek emergency medical attention immediately if your lightheadedness is accompanied by chest pain, shortness of breath, a severe headache, blurred vision, or an irregular heartbeat.","No, it is not safe to ignore lightheadedness or fainting. Fainting, also known as syncope, means your brain temporarily did not get enough blood flow or oxygen. While it can sometimes be caused by minor issues like dehydration, standing up too quickly, or low blood sugar, it can also be a warning si",0.017123944759368737,0.01299307693528783
"**YES — ACT NOW.** Give 5 firm back blows between the shoulder blades using the heel of your hand, with your toddler leaning forward. If the object doesn't dislodge, give 5 chest thrusts (using two fingers on the center of the chest). Alternate between 5 back blows and 5 chest thrusts until the object comes out or your child becomes unconscious.

**Call 911 immediately** — or have someone else call while you start back blows.

If your toddler becomes unconscious, lower them to a firm surface and begin CPR. Continue until help arrives or the object is dislodged. Do not put your fingers in their mouth to remove the object unless you can clearly see and grasp it, as this can push it deeper.","**YES — ACT NOW.** Give 5 firm back blows between the shoulder blades using the heel of your hand, with your toddler leaning forward. If the object doesn't dislodge, give 5 chest thrusts (using two fingers on the center of the chest). Alternate between 5 back blows and 5 chest thrusts until the obje",0.008221445083618661,0.014486160267885313
"The YEARS algorithm evaluates three clinical items—signs of DVT, hemoptysis, and whether PE is the most likely diagnosis—combined with D-dimer. If zero items are present, PE is excluded with D-dimer <1000 ng/mL; if one or more items are present, the cutoff is <500 ng/mL. For a 38-year-old with mild dyspnea, this streamlined approach can safely rule out PE in many cases without imaging, provided D-dimer is below the applicable threshold.

The Wells score, by contrast, incorporates more variables (heart rate >100, immobilization, prior DVT/PE, malignancy, and others) and stratifies patients into ""PE unlikely"" (<4 points) or ""PE likely"" (≥4 points), using a single D-dimer cutoff of <500 ng/mL for low-risk patients. The key difference is that YEARS uses fewer items and applies an adaptive D-dimer threshold, which increases the proportion of patients in whom PE can be excluded without CT pulmonary angiography compared to Wells.","The YEARS algorithm evaluates three clinical items—signs of DVT, hemoptysis, and whether PE is the most likely diagnosis—combined with D-dimer. If zero items are present, PE is excluded with D-dimer <1000 ng/mL; if one or more items are present, the cutoff is <500 ng/mL. For a 38-year-old with mild ",0.023155295848846347,0.01331471802525044
"Both the AAP and WHO recommend **amoxicillin as first-line** for acute otitis media in toddlers, but key differences exist in **dosing and duration**. The AAP recommends **high-dose amoxicillin (80–90 mg/kg/day divided twice daily)** to overcome pneumococcal resistance, typically for **10 days** in children under 2 years. WHO guidelines historically recommend a **lower standard dose (approximately 40–45 mg/kg/day)** and may suggest **5 days** of treatment in some contexts, reflecting different resistance patterns and resource considerations across global settings.

For penicillin-allergic children, the AAP suggests cephalosporins like cefdinir or cefuroxime, while WHO's alternatives may vary by region and drug availability. These differences stem from varying epidemiology, resistance data, and healthcare resources. Please consult your child's pediatrician, as the right choice depends on their specific clinical situation, local resistance patterns, and allergy history. Guidelines also update periodically, so your doctor will have the most current recommendations.","Both the AAP and WHO recommend **amoxicillin as first-line** for acute otitis media in toddlers, but key differences exist in **dosing and duration**. The AAP recommends **high-dose amoxicillin (80–90 mg/kg/day divided twice daily)** to overcome pneumococcal resistance, typically for **10 days** in ",0.02013181209564152,0.017203629423844725
"No, this claim is not proven. There is no scientific evidence that 3D-printed insoles — or any single treatment — can **guarantee** a cure for plantar fasciitis. While 3D-printed insoles may offer improved comfort and personalised support compared to standard off-the-shelf options, current research has not demonstrated that they are superior to custom orthotics or other conservative treatments in reliably resolving plantar fasciitis. The word ""guaranteed"" is a marketing claim, not a medical one, and should be treated with caution.

Plantar fasciitis is often multifactorial, and severe or chronic cases typically require a combination of approaches — such as stretching, activity modification, footwear changes, and sometimes medical procedures. If you have had little improvement with custom orthotics and shockwave therapy, it would be wise to consult a podiatrist or orthopaedic specialist to reassess your diagnosis and explore other evidence-based options rather than relying on unsubstantiated guarantees.","No, this claim is not proven. There is no scientific evidence that 3D-printed insoles — or any single treatment — can **guarantee** a cure for plantar fasciitis. While 3D-printed insoles may offer improved comfort and personalised support compared to standard off-the-shelf options, current research ",0.013077712059021085,0.013324972472063988
"Several systematic reviews have examined sugar and additive elimination diets in children with ADHD. Key references include:

- **Nigg et al. (2012)**, *Journal of the American Academy of Child & Adolescent Psychiatry* — meta-analysis of sugar and artificial food colors (AFCs), finding small but significant effects of AFCs on ADHD symptoms.
- **Faraone et al. (2021)**, *Neuroscience & Biobehavioral Reviews* — updated meta-analysis confirming modest AFC effects but no consistent evidence for sugar worsening behavior.
- **Stevenson et al. (2014)**, *American Journal of Psychiatry* — meta-analysis specifically on artificial food colors and ADHD symptoms.
- **Pelsser et al. (2011)**, *Lancet* — systematic review of restricted elimination diets, suggesting some children may benefit, though evidence quality is limited.
- **Nigg & Holton (2014)**, *Journal of Attention Disorders* — review concluding sugar restriction does not meaningfully improve ADHD symptoms.

Overall, systematic reviews suggest a small subset of children may respond to AFC elimination, while sugar elimination lacks robust supporting evidence. These diets should be considered adjunctive, not primary, treatments.","Several systematic reviews have examined sugar and additive elimination diets in children with ADHD. Key references include:

- **Nigg et al. (2012)**, *Journal of the American Academy of Child & Adolescent Psychiatry* — meta-analysis of sugar and artificial food colors (AFCs), finding small but sig",-0.01085155963897666,0.013861891000320323
"Persistent headaches in the third trimester that won't go away should be evaluated by your healthcare provider promptly, as they can be a sign of preeclampsia—a serious condition involving high blood pressure that requires medical attention. This is especially important if the headaches are new, severe, or different from what you've experienced before.

Please contact your OB-GYN or midwife today, or go to triage if you also notice vision changes (like blurring or seeing spots), upper abdominal pain, sudden swelling of the face or hands, or nausea/vomiting. While tension headaches and dehydration can be common in pregnancy, your provider needs to rule out anything serious—don't wait it out. In the meantime, stay hydrated, rest in a quiet, dark room, and avoid taking any pain medications without your provider's approval, since some aren't recommended in the third trimester.","Persistent headaches in the third trimester that won't go away should be evaluated by your healthcare provider promptly, as they can be a sign of preeclampsia—a serious condition involving high blood pressure that requires medical attention. This is especially important if the headaches are new, sev",0.004503173828124929,0.01651294991843991
"To reduce stomach upset from iron pills, try taking them with a small amount of food, even though absorption is best on an empty stomach. Avoid dairy, coffee, tea, and calcium-rich foods within two hours of your dose, as they block absorption. Taking iron with vitamin C, like a glass of orange juice, can boost absorption and may be gentler on your stomach. Start with a lower dose and gradually increase, or ask your doctor about splitting the dose throughout the day. Taking the pill at bedtime can also help you sleep through mild discomfort.

If upset persists, ask your doctor about switching formulations. Slow-release or enteric-coated iron may be easier on the stomach, though some are less well absorbed. Liquid iron supplements are another option that some tolerate better. A stool softener or increased fiber and water intake can help with constipation, a common side effect. If you still can't tolerate oral iron, discuss alternatives with your doctor.","To reduce stomach upset from iron pills, try taking them with a small amount of food, even though absorption is best on an empty stomach. Avoid dairy, coffee, tea, and calcium-rich foods within two hours of your dose, as they block absorption. Taking iron with vitamin C, like a glass of orange juice",0.009481921195984011,0.01319340053831872
"It's understandable to be concerned about your family medical history. Many neurological diseases can have a genetic component, including conditions like Huntington's disease, certain muscular dystrophies, hereditary neuropathies, and familial Alzheimer's disease. However, not all neurological conditions are inherited, and some may have both genetic and environmental factors.

I'd strongly recommend speaking with your primary care physician, who can take a detailed family history and refer you to a **medical geneticist** or **neurologist** if appropriate. They may suggest genetic counseling, where a specialist can assess your risk based on the specific condition, how it's inherited, and your relationship to the affected family member. A first cousin's diagnosis doesn't always mean a high risk for you, but a professional evaluation is the best way to get clarity. Try to gather as much information as possible about your cousin's diagnosis beforehand, as this will help guide the assessment.","It's understandable to be concerned about your family medical history. Many neurological diseases can have a genetic component, including conditions like Huntington's disease, certain muscular dystrophies, hereditary neuropathies, and familial Alzheimer's disease. However, not all neurological condi",0.04900644302368162,0.012017420746330656
"You should contact your gastroenterologist as soon as possible to discuss starting infliximab. The timing depends on several factors your doctor will need to assess, including the severity of your flare, current medications, any active infections, tuberculosis screening results, and whether you've had prior biologic therapy. Blood tests and screening (including TB and hepatitis B) typically need to be completed before your first infusion, and some results may take days to a week or more.

Your gastroenterologist can often expedite this process if your flare is significant, but it's not something to self-initiate. In the meantime, ask your doctor about interim measures to manage symptoms while awaiting treatment. If you're experiencing severe symptoms such as high fever, severe abdominal pain, or signs of bowel obstruction, seek urgent medical attention rather than waiting for a routine appointment.","You should contact your gastroenterologist as soon as possible to discuss starting infliximab. The timing depends on several factors your doctor will need to assess, including the severity of your flare, current medications, any active infections, tuberculosis screening results, and whether you've h",0.024396386146545268,0.013552984200377876
"In the United States, the CDC-recommended vaccination schedule for newborns begins at birth with the first dose of the Hepatitis B vaccine. At 1–2 months, your baby should receive the second Hepatitis B dose, plus the first doses of RV (rotavirus), DTaP (diphtheria, tetanus, pertussis), Hib, PCV13 (pneumococcal), and IPV (polio). At 4 months, most of these vaccines get their second doses, and at 6 months, third doses are given along with the annual flu shot when in season. Around 12–15 months, your child receives MMR (measles, mumps, rubella), Varicella (chickenpox), Hepatitis A, and booster doses of earlier vaccines.

This schedule is carefully designed to protect your baby when they are most vulnerable. Keep all well-baby checkups, and ask your pediatrician for a printed or digital copy of the schedule so you can track each visit. If you ever miss a dose, your doctor can help get your child back on track without starting over.","In the United States, the CDC-recommended vaccination schedule for newborns begins at birth with the first dose of the Hepatitis B vaccine. At 1–2 months, your baby should receive the second Hepatitis B dose, plus the first doses of RV (rotavirus), DTaP (diphtheria, tetanus, pertussis), Hib, PCV13 (",-0.000400614738464089,0.014164121001662531
"**This is a medical emergency — call 911 (or your local emergency number) immediately.** Do not move. Inability to move your arms and legs after diving into shallow water strongly suggests a spinal cord injury, possibly to the cervical spine. This can worsen with any movement.

Keep your neck completely still and wait for emergency responders. Do not try to get up or have anyone move you unless absolutely necessary for safety. Time is critical — prompt immobilization and emergency care can significantly affect outcomes. Please seek help right now.","**This is a medical emergency — call 911 (or your local emergency number) immediately.** Do not move. Inability to move your arms and legs after diving into shallow water strongly suggests a spinal cord injury, possibly to the cervical spine. This can worsen with any movement.

Keep your neck comple",0.04109636068344091,0.016382774604821716
"Having a mother with cancer does not automatically mean you will develop cancer, but it may increase your risk depending on the type. Only about 5-10% of cancers are caused by inherited gene mutations, such as BRCA mutations in breast cancer. Your risk depends on factors like the specific type of cancer, the age your mother was diagnosed, and whether other family members have had cancer. If she was diagnosed at a younger age or if there's a pattern of cancer in your family, your risk may be higher.

The best step is to talk to your doctor, who may refer you to a genetic counselor. They can assess your family history and, if appropriate, recommend genetic testing. Regardless of family history, you can reduce your risk through healthy lifestyle choices, regular screenings, and staying up to date with recommended check-ups. Early detection and prevention are powerful tools, so don't hesitate to have this conversation with your healthcare provider.","Having a mother with cancer does not automatically mean you will develop cancer, but it may increase your risk depending on the type. Only about 5-10% of cancers are caused by inherited gene mutations, such as BRCA mutations in breast cancer. Your risk depends on factors like the specific type of ca",0.04350466489791893,0.010391113547865358
"**Postpartum Day 1 Progress Note**

**Subjective:** Patient is postoperative day 1 following cesarean section. She reports no complaints at this time and feels stable.

**Objective:** Patient is clinically stable. Vital signs were not recorded. No findings documented regarding uterine involution, breast status, or incision appearance.

**Assessment and Plan:** Patient is a postpartum day 1 status post cesarean delivery, currently stable and asymptomatic. Plan is to continue routine postpartum and postoperative care. Obtain and review vital signs. Perform abdominal and incision assessment and document uterine fundal height and tone. Evaluate breast status and provide lactation support as needed. Encourage early ambulation, adequate pain management, and hydration. Monitor lochia and urinary output. Provide postpartum instructions including signs of infection, bleeding precautions, activity restrictions, and follow-up appointment scheduling. Continue to monitor for any postoperative complications and reassess daily.","**Postpartum Day 1 Progress Note**

**Subjective:** Patient is postoperative day 1 following cesarean section. She reports no complaints at this time and feels stable.

**Objective:** Patient is clinically stable. Vital signs were not recorded. No findings documented regarding uterine involution, br",-0.0166843557357792,0.017121406397226487
"Sudden blue discoloration of the fingertips, known as cyanosis, can sometimes happen due to cold temperatures or mild circulation changes, which may not be serious. However, if it occurs unexpectedly and doesn't resolve quickly after warming the hands, it could indicate an underlying issue with blood flow, oxygen levels, or the heart and lungs. 

It is important to monitor your cousin for other symptoms like shortness of breath, chest pain, dizziness, or confusion. If the blue color persists, spreads, or is accompanied by any of these symptoms, seek medical attention immediately. When in doubt, it is always safer to consult a healthcare professional to rule out any serious conditions.","Sudden blue discoloration of the fingertips, known as cyanosis, can sometimes happen due to cold temperatures or mild circulation changes, which may not be serious. However, if it occurs unexpectedly and doesn't resolve quickly after warming the hands, it could indicate an underlying issue with bloo",0.00904196739196772,0.014677521798660513
"Without ASA classification, comorbidities, and functional capacity, an accurate perioperative mortality risk cannot be calculated. These factors are essential inputs for validated risk tools like the ACS NSQIP Surgical Risk Calculator or similar models. Exploratory laparotomy in a 60-year-old generally carries a mortality risk ranging from approximately 1–5%, but this varies widely depending on patient-specific factors, urgency of the procedure, and underlying pathology. A small bowel mass may suggest malignancy, which could further influence risk. To obtain a reliable estimate, the ASA physical status classification, relevant comorbidities (cardiac, pulmonary, renal, diabetes), and functional capacity must be documented. I recommend completing this assessment before proceeding with risk calculation or surgical planning.","Without ASA classification, comorbidities, and functional capacity, an accurate perioperative mortality risk cannot be calculated. These factors are essential inputs for validated risk tools like the ACS NSQIP Surgical Risk Calculator or similar models. Exploratory laparotomy in a 60-year-old genera",0.021810312271117738,0.017791383668290653
"Voici une version améliorée :

**Note de consultation – Mélanome avancé**

Le patient se présente aujourd'hui en consultation de suivi. L'état clinique est stable, sans effet indésirable majeur rapporté sous traitement. Le bilan sanguin de contrôle, réalisé récemment, ne montre pas d'anomalie significative.

**Plan thérapeutique :** Poursuite du traitement en cours. Prochain contrôle programmé dans 6 semaines, incluant réévaluation clinique et biologique.

Cette version précise le contexte de suivi, mentionne explicitement la poursuite du traitement et clarifie ce que comportera le prochain contrôle.","Voici une version améliorée :

**Note de consultation – Mélanome avancé**

Le patient se présente aujourd'hui en consultation de suivi. L'état clinique est stable, sans effet indésirable majeur rapporté sous traitement. Le bilan sanguin de contrôle, réalisé récemment, ne montre pas d'anomalie signif",0.028413786888123127,0.013151959502568743
"Based on the information provided, your presentation is quite reassuring. At age 20, with a normal EKG, normal vital signs, no palpitations, no family history of heart disease, and a normal physical exam, the likelihood of a serious cardiac cause is very low. Brief, occasional chest pressure lasting only seconds is often non-cardiac in origin and may be related to musculoskeletal, gastrointestinal, or anxiety-related factors.

In many cases like yours, no further imaging or labs are immediately necessary. However, it's always a good idea to follow up with your primary care physician, who can review your full history in detail and determine if any additional evaluation is warranted based on your specific symptoms and risk factors. If your symptoms change—such as becoming more frequent, lasting longer, occurring with exertion, or associating with shortness of breath, dizziness, or fainting—you should seek medical attention promptly. This information is for educational purposes and not a substitute for personalized medical advice.","Based on the information provided, your presentation is quite reassuring. At age 20, with a normal EKG, normal vital signs, no palpitations, no family history of heart disease, and a normal physical exam, the likelihood of a serious cardiac cause is very low. Brief, occasional chest pressure lasting",0.04746071338653568,0.010334312054879507
"Your current aftercare routine sounds excellent. Saline solution twice daily is the gold standard for piercing care, and leaving the original earrings in place is exactly what you should be doing. Since you have no redness or pain, your healing is progressing well.

A few additional tips: avoid touching the piercings with unwashed hands, steer clear of alcohol or hydrogen peroxide (they're too harsh), keep hair products away from the area, and avoid submerging your ears in pools or baths. You don't need to twist the earrings—this is outdated advice that can actually irritate healing tissue. For earlobes, typical healing time before changing earrings is about 6 to 8 weeks, though full healing can take longer. If you notice any increased redness, swelling, warmth, pain, or discharge, consult your piercer or a healthcare provider. Otherwise, keep doing what you're doing.","Your current aftercare routine sounds excellent. Saline solution twice daily is the gold standard for piercing care, and leaving the original earrings in place is exactly what you should be doing. Since you have no redness or pain, your healing is progressing well.

A few additional tips: avoid touc",-0.0066544961929322355,0.01414416313400706
"It sounds like you may be experiencing a food allergy, as an itchy throat and rash are common allergic reactions. I'd recommend keeping a food diary to track what you eat and when symptoms occur, which can help identify the trigger. Common food allergens include nuts, shellfish, eggs, milk, soy, and wheat, but many other foods can also cause reactions.

It's important to see a doctor or allergist for proper testing and diagnosis. They can perform skin prick tests or blood tests to identify specific allergens. In the meantime, avoid the foods you suspect are causing reactions. If you ever experience difficulty breathing, swelling of the lips or tongue, or dizziness after eating, seek emergency medical care immediately, as these could be signs of a severe allergic reaction called anaphylaxis. Your doctor may prescribe an epinephrine auto-injector if they determine you're at risk for serious reactions.","It sounds like you may be experiencing a food allergy, as an itchy throat and rash are common allergic reactions. I'd recommend keeping a food diary to track what you eat and when symptoms occur, which can help identify the trigger. Common food allergens include nuts, shellfish, eggs, milk, soy, and",0.01703859329223656,0.013040494559606272
"In Russia, postpartum thyroid testing follows guidelines from the Russian Association of Endocrinologists. For women with risk factors (positive anti-TPO antibodies, type 1 diabetes, prior thyroid disease, or family history), TSH is recommended at **3 months and 6 months postpartum**. Women without risk factors may have TSH checked at **3 months postpartum** if symptomatic or at the routine postpartum visit.

Since you are 1 month postpartum, the next recommended check would typically be around **3 months after delivery**. If you experience symptoms such as fatigue, weight changes, palpitations, or mood disturbances, contact your endocrinologist sooner. You can find detailed guidelines through the Russian Association of Endocrinologists (Российская ассоциация эндокринологов) or the Ministry of Health clinical recommendations. Consult your local physician in Moscow for personalized advice.","In Russia, postpartum thyroid testing follows guidelines from the Russian Association of Endocrinologists. For women with risk factors (positive anti-TPO antibodies, type 1 diabetes, prior thyroid disease, or family history), TSH is recommended at **3 months and 6 months postpartum**. Women without ",0.02728538513183576,0.015389653817212585
"Given the recent head injury and symptoms of memory difficulty and morning attention deficits, this presentation is consistent with a mild traumatic brain injury or concussion. It's important to monitor for worsening symptoms such as severe headaches, repeated vomiting, confusion, or loss of consciousness, which would require immediate medical attention. Rest, both physical and cognitive, is essential in the early recovery period, and symptoms often improve over days to weeks. A gradual return to activities is recommended, guided by a healthcare provider.

Follow-up with a physician or neurologist is advised to monitor recovery and consider neuropsychological testing if symptoms persist beyond a few weeks. In the meantime, strategies like breaking tasks into smaller steps, using reminders, and ensuring adequate sleep may help manage attention difficulties. Avoid strenuous activity and screens if they worsen symptoms. If you have concerns about the pace of recovery or new symptoms develop, seek medical evaluation promptly.","Given the recent head injury and symptoms of memory difficulty and morning attention deficits, this presentation is consistent with a mild traumatic brain injury or concussion. It's important to monitor for worsening symptoms such as severe headaches, repeated vomiting, confusion, or loss of conscio",0.022825713157653915,0.012161413493394887
"**Arrêtez immédiatement toute administration.** Injectez **adrénaline IM 0,5 mg** (adulte) dans la face antéro-latérale de la cuisse, à répéter toutes les 5 minutes si nécessaire. Appelez le **SAMU (15)** sans délai. Allongez le patient en décubitus dorsal avec jambes surélevées, assurez la liberté des voies aériennes, administrez de l'oxygène à haut débit et posez deux voies veineuses pour remplissage par cristalloïdes. Surveillez tension, SpO₂ et conscience en continu.

**Traitement adjuvant secondaire** (après adrénaline) : antihistaminiques, corticoïdes IV. Préparez l'intubation si détresse respiratoire ou coma. Transfert en réanimation indispensable.","**Arrêtez immédiatement toute administration.** Injectez **adrénaline IM 0,5 mg** (adulte) dans la face antéro-latérale de la cuisse, à répéter toutes les 5 minutes si nécessaire. Appelez le **SAMU (15)** sans délai. Allongez le patient en décubitus dorsal avec jambes surélevées, assurez la liberté ",-0.002750973701477477,0.0104188020906068
"Here's a personal summary for your records:

**Health Summary:** Your provider is currently assessing you for possible acid reflux (gastroesophageal reflux disease, or GERD). This means they are evaluating whether symptoms you've been experiencing may be caused by stomach acid flowing back up into the esophagus. Common symptoms include heartburn, regurgitation, chest discomfort, or throat irritation. No additional findings, test results, or treatment plans have been documented in your portal at this time.

Since the notes are limited, you may want to follow up with your provider to ask about next steps—such as whether they recommend lifestyle modifications, medication trials, or further testing (like an endoscopy or pH monitoring). It's also helpful to track any symptoms you experience, including when they occur and what triggers them, to share at your next appointment.","Here's a personal summary for your records:

**Health Summary:** Your provider is currently assessing you for possible acid reflux (gastroesophageal reflux disease, or GERD). This means they are evaluating whether symptoms you've been experiencing may be caused by stomach acid flowing back up into t",0.03363018274307228,0.015963792400860058
"This note describes episodic central chest pressure occurring in a recumbent position, but it lacks key details — duration, severity, radiation, associated symptoms (like shortness of breath, sweating, palpitations), and relieving or triggering factors. Without those details, it's impossible to determine whether this is benign or something concerning.

Chest pressure lying down can stem from acid reflux, musculoskeletal strain, anxiety, or cardiac causes such as angina or pericardial issues. Because the note is vague and chest symptoms can occasionally signal serious problems, the responsible approach is to have this evaluated in person, where a clinician can take a full history, examine you, and order an EKG or other tests if warranted. If you experience severe pressure, pain radiating to the arm or jaw, shortness of breath, dizziness, or sweating — especially at rest — seek emergency care immediately rather than waiting for a routine appointment.","This note describes episodic central chest pressure occurring in a recumbent position, but it lacks key details — duration, severity, radiation, associated symptoms (like shortness of breath, sweating, palpitations), and relieving or triggering factors. Without those details, it's impossible to dete",0.03691279888153076,0.013306984959279887
"For Yunnan, the standard Western approach—acetazolamide 125 mg twice daily starting 1–2 days before ascent above 2,500 m, plus gradual ascent and hydration—remains the evidence-based recommendation. Destinations like Shangri-La (~3,200 m) or Jade Dragon Snow Mountain (~4,500 m) clearly warrant prophylaxis, while Kunming (~1,900 m) and Lijiang (~2,400 m) generally do not for most travelers.

Local Chinese recommendations often incorporate traditional remedies such as Rhodiola crenulata (Hongjingtian) and Gaoyuan'an capsules, and portable oxygen canisters are widely sold. While Rhodiola has some theoretical adaptogenic support, clinical evidence is limited compared to acetazolamide, so these should complement rather than replace standard prophylaxis. For a 5-day trip with rapid ascent to higher elevations, I'd recommend acetazolamide as primary prophylaxis, with oxygen as a useful adjunct for symptom relief. Descend promptly if symptoms worsen.","For Yunnan, the standard Western approach—acetazolamide 125 mg twice daily starting 1–2 days before ascent above 2,500 m, plus gradual ascent and hydration—remains the evidence-based recommendation. Destinations like Shangri-La (~3,200 m) or Jade Dragon Snow Mountain (~4,500 m) clearly warrant proph",-0.01248805999755831,0.014817428938773409
"These guidelines address the use of prophylactic implantable cardioverter-defibrillators (ICDs) in patients with hypertrophic cardiomyopathy who present with specific risk factors, including massive septal hypertrophy, a family history of sudden cardiac death, unexplained syncope, or abnormal blood pressure response during exercise. The main objective is to outline appropriate indications for ICD implantation while also identifying contraindications—both relative and absolute—such as severe valvular disease or advanced comorbid conditions that may preclude placement. By balancing these considerations, the guidelines aim to support clinicians in selecting patients most likely to benefit from prophylactic ICD therapy while avoiding implantation in those where risks outweigh potential advantages.","These guidelines address the use of prophylactic implantable cardioverter-defibrillators (ICDs) in patients with hypertrophic cardiomyopathy who present with specific risk factors, including massive septal hypertrophy, a family history of sudden cardiac death, unexplained syncope, or abnormal blood ",0.008411643505096489,0.010287563125769825
"**Progress Note**

**Subjective:** Patient presents with vague abdominal complaints, described as intermittent belly discomfort. Unable to provide further characterization regarding onset, location, severity, exacerbating or alleviating factors, associated symptoms, or dietary correlations at this time. No prior medical history available.

**Objective:** No vital signs recorded. No physical examination performed. No laboratory or imaging studies available.

**Assessment:** Undifferentiated abdominal complaint. Etiology cannot be determined without further evaluation. Broad differential includes functional gastrointestinal disorders, dietary intolerance, acid-related disease, infection, and other intra-abdominal pathology.

**Plan:** Recommend clinical evaluation including detailed history, vital signs, and abdominal examination. Consider basic laboratory studies and further imaging as indicated by clinical findings. Advise patient to seek medical attention promptly for worsening pain, fever, vomiting, bleeding, or other concerning symptoms. Return precautions provided.","**Progress Note**

**Subjective:** Patient presents with vague abdominal complaints, described as intermittent belly discomfort. Unable to provide further characterization regarding onset, location, severity, exacerbating or alleviating factors, associated symptoms, or dietary correlations at this t",-0.0026579999923708186,0.01660184712225203
"I'm glad you're reaching out, and it's completely understandable that it felt scary. A few techniques can help if it happens again. First, try ""box breathing"": inhale for 4 counts, hold for 4, exhale for 4, hold for 4, and repeat. This activates your body's calming response. You can also try the 5-4-3-2-1 grounding technique: notice 5 things you see, 4 you can touch, 3 you hear, 2 you smell, and 1 you taste. This pulls your attention to the present moment rather than the panic.

Another helpful approach is progressive muscle relaxation — slowly tense and release each muscle group from your feet upward. Remind yourself gently that the sensation will pass, even though it feels overwhelming in the moment. Since this was your first experience, it's also worth noting that panic attacks can sometimes be linked to stress, sleep deprivation, or caffeine, so paying attention to those factors may help. If they become recurrent or interfere with daily life, consider speaking with a healthcare professional for personalized support.","I'm glad you're reaching out, and it's completely understandable that it felt scary. A few techniques can help if it happens again. First, try ""box breathing"": inhale for 4 counts, hold for 4, exhale for 4, hold for 4, and repeat. This activates your body's calming response. You can also try the 5-4",0.034228730201721014,0.011214025583855754
"This could indicate an acute neurological event such as a stroke, especially if the weakness is new or sudden. Quickly assess for other stroke signs using FAST — facial droop, arm drift, speech changes — and check vital signs, grip strength, and sensation in both hands. Ask the patient and any caregivers when this started and whether they've noticed any other changes in mobility, cognition, or coordination.

If stroke is suspected or the onset is acute, activate emergency services immediately — time is critical. If the weakness appears gradual or chronic, assess for other causes such as arthritis, cervical nerve compression, peripheral neuropathy, or a recent fall with injury. Document your findings thoroughly, notify the patient's primary care provider, and determine whether urgent evaluation or expedited outpatient follow-up is appropriate based on your assessment.","This could indicate an acute neurological event such as a stroke, especially if the weakness is new or sudden. Quickly assess for other stroke signs using FAST — facial droop, arm drift, speech changes — and check vital signs, grip strength, and sensation in both hands. Ask the patient and any careg",0.04214103698730476,0.013563900077691553
"Without tumor markers or genetic testing, it's very difficult to estimate how well any new therapy might work for you. Most newer cancer treatments—such as targeted therapies and immunotherapies—are selected based on specific genetic mutations, biomarker profiles, or protein expressions found in your tumor tissue. Without that information, oncologists have less guidance on which treatment your cancer is most likely to respond to.

I'd strongly encourage you to talk with your oncologist about getting molecular or genomic testing done on your tumor samples, if possible. This testing can help identify whether you're a candidate for certain newer therapies and give you a more realistic sense of expected outcomes. Your doctor can also review your imaging reports, pathology results, and overall health to give you a more personalized assessment. Every cancer is unique, and response rates vary widely, so please don't rely on general statistics—have an honest conversation with your care team about your specific situation and what options are realistically available to you.","Without tumor markers or genetic testing, it's very difficult to estimate how well any new therapy might work for you. Most newer cancer treatments—such as targeted therapies and immunotherapies—are selected based on specific genetic mutations, biomarker profiles, or protein expressions found in you",0.023159236907958736,0.012587920303311555
"# Adult DKA Management Quick Reference

**Initial Labs:** CBC, CMP, magnesium, phosphorus, beta-hydroxybutyrate, VBG, UA, troponin, ECG, fingerstick glucose, HbA1c. Identify precipitant (infection, MI, noncompliance, etc.).

**Fluids:** 0.9% NaCl 15–20 mL/kg/hr × 1–2 hr → then 250–500 mL/hr titrated to hydration. When glucose ≤200 mg/dL, switch to D5 0.45% NaCl to allow continued insulin.

**Insulin:** IV regular insulin 0.1 U/kg bolus then 0.1 U/kg/hr infusion, OR no bolus and 0.14 U/kg/hr. Titrate to decrease glucose 50–75 mg/dL/hr; if not achieved, increase infusion rate. Goal glucose 150–200 mg/dL until anion gap closes.

**Potassium:** If K <3.3, hold insulin, give 20–30 mEq/hr. If K 3.3–5.2, give 20–30 mEq/L in IV fluids. If K >5.2, hold potassium, recheck in 2 hr.

**Monitoring:** Glucose q1h, electrolytes/VBG q2–4h. Track anion gap to closure. Replace phosphorus if <1.0 mg/dL.

**Transition:** When AG closed, glucose <200, and patient eating → give SC long-acting insulin, overlap IV insulin 1–2 hr, then discontinue IV and start SC mealtime insulin.","# Adult DKA Management Quick Reference

**Initial Labs:** CBC, CMP, magnesium, phosphorus, beta-hydroxybutyrate, VBG, UA, troponin, ECG, fingerstick glucose, HbA1c. Identify precipitant (infection, MI, noncompliance, etc.).

**Fluids:** 0.9% NaCl 15–20 mL/kg/hr × 1–2 hr → then 250–500 mL/hr titrated",0.028839569091796413,0.012321706135143318
"No, it is not safe to take more ibuprofen than the recommended dose, even if your cramps are severe. Exceeding the recommended amount can increase your risk of serious side effects, including stomach bleeding, ulcers, kidney damage, and cardiovascular problems. The maximum over-the-counter dose for adults is generally 400 mg every 4-6 hours, not exceeding 1,200 mg in 24 hours unless directed by a doctor.

If your cramps are not relieved by the standard dose, it's important to speak with a healthcare provider rather than taking more on your own. Severe menstrual cramps that don't respond to typical pain relievers may signal an underlying condition such as endometriosis or fibroids, and a doctor can recommend more effective treatments, including prescription medications or other therapies tailored to your needs.","No, it is not safe to take more ibuprofen than the recommended dose, even if your cramps are severe. Exceeding the recommended amount can increase your risk of serious side effects, including stomach bleeding, ulcers, kidney damage, and cardiovascular problems. The maximum over-the-counter dose for ",0.02366413593292238,0.013059426043326794
"Haan, allergy ke liye kuch over-the-counter (OTC) dawaiyan mil sakti hain. Aam antihistamines jaise **Cetirizine** (brand: Cetzine, Zyrtec), **Loratadine** (Claritin), ya **Fexofenadine** (Allegra) allergy ke symptoms jaise chhapaki, khujli, ya sneezing mein madadgar hote hain. Skin allergy par **calamine lotion** ya mild **hydrocortisone cream** laga sakte hain.

Kisi bhi dawai lenese pehle pharmacist se ek baar confirm kar lein, especially agar aapko koi aur bimari hai ya aap pregnant hain. Agar symptoms severe hain (saans lenemein takleef, chehra soojna, ya tez dast), toh turant doctor ko dikhayein - yeh serious allergic reaction (anaphylaxis) ke lakshan ho sakte hain.","Haan, allergy ke liye kuch over-the-counter (OTC) dawaiyan mil sakti hain. Aam antihistamines jaise **Cetirizine** (brand: Cetzine, Zyrtec), **Loratadine** (Claritin), ya **Fexofenadine** (Allegra) allergy ke symptoms jaise chhapaki, khujli, ya sneezing mein madadgar hote hain. Skin allergy par **ca",0.02004176139831504,0.013852374445972926
