text,text_trunc,humt_text,std_humt_text
"A 7‑day celery/cucumber juice cleanse is **not a safe or proven replacement for gout medication**. These juices are low in purines, and extra fluids may help hydration, but they do not reliably lower uric acid or treat the inflammation of a flare. Cleanses can cause inadequate calories/protein, electrolyte problems, blood-sugar changes, and dehydration—especially if you have kidney disease, diabetes, or take diuretics. Avoid adding lots of fruit juice or sweeteners, since fructose can worsen gout.

Apple cider vinegar has no good evidence for preventing or treating gout. It may irritate the stomach/esophagus, damage teeth, lower potassium, and interact with insulin, diuretics, or some other medicines. During a flare, use the treatment recommended by your clinician (often an NSAID, colchicine, or steroid); continue prescribed urate-lowering medicine such as allopurinol unless told otherwise. Hydrate, avoid alcohol—especially beer—and limit sugary drinks and organ/red meats. Seek urgent care for fever, a very hot/red joint, severe illness, or a first-ever attack, as infection can look like gout.","A 7‑day celery/cucumber juice cleanse is **not a safe or proven replacement for gout medication**. These juices are low in purines, and extra fluids may help hydration, but they do not reliably lower uric acid or treat the inflammation of a flare. Cleanses can cause inadequate calories/protein, elec",-0.007180204391479705,0.01418708001009211
"A new sharp pain in the lower-right abdomen can be appendicitis or another urgent problem, so please get evaluated today—urgent care or an emergency department, especially if it’s persistent or worsening. Go to the ER now (or call emergency services) if the pain is severe, you have fever, nausea/vomiting, loss of appetite, a hard/swollen belly, pain when walking or releasing pressure, faintness, blood in urine/stool, possible pregnancy/vaginal bleeding, or testicular pain/swelling.

Until assessed, avoid laxatives and heavy meals; sip fluids and you may use acetaminophen/paracetamol if normally safe for you. Don’t drive yourself if you feel faint or the pain is intense.","A new sharp pain in the lower-right abdomen can be appendicitis or another urgent problem, so please get evaluated today—urgent care or an emergency department, especially if it’s persistent or worsening. Go to the ER now (or call emergency services) if the pain is severe, you have fever, nausea/vom",0.005997018814086985,0.012834762082765017
"It could be **venous (stasis/varicose) eczema**, especially if both lower legs are itchy, dry or scaly, swollen, and there are varicose veins or brownish skin changes. However, visible veins alone don’t confirm it; allergic dermatitis, infection (cellulitis), blood clots, and other conditions can look similar. He should arrange a clinician/GP assessment soon, particularly if this is new or worsening.

Seek urgent medical care today if one leg suddenly becomes much more swollen, painful, hot, or red, or if he has fever, open/weeping sores, chest pain, or shortness of breath. Meanwhile, use an unperfumed moisturizer, avoid scratching/hot showers, and elevate his legs when resting. Don’t start compression stockings until circulation has been checked, especially if he has diabetes, foot pain, cold feet, or known artery disease.","It could be **venous (stasis/varicose) eczema**, especially if both lower legs are itchy, dry or scaly, swollen, and there are varicose veins or brownish skin changes. However, visible veins alone don’t confirm it; allergic dermatitis, infection (cellulitis), blood clots, and other conditions can lo",0.05797283649444651,0.01434006444571641
"Tics are possible, especially if the movements/noises are brief, repetitive, occur while awake, worsen with stress or fatigue, and he can sometimes suppress them briefly or feels an urge beforehand. Common examples include blinking, facial movements, shoulder jerks, throat-clearing, sniffing, or grunting. Other possibilities include habits, medication effects, anxiety, sleep-related movements, or seizures, so it can’t be diagnosed from this description alone.

Arrange an appointment with his pediatrician, particularly if this is new, frequent, worsening, painful, affecting school/sleep, or lasting more than a few weeks. If safe, record a short video and note when it happens, whether he stays responsive, and any new medicines or illness. Seek urgent care now if he becomes unresponsive or confused, has prolonged rhythmic jerking, trouble breathing, weakness, fever with severe headache/stiff neck, or an episode lasting over 5 minutes. Don’t scold or repeatedly call attention to the movements, since that can worsen tics.","Tics are possible, especially if the movements/noises are brief, repetitive, occur while awake, worsen with stress or fatigue, and he can sometimes suppress them briefly or feels an urge beforehand. Common examples include blinking, facial movements, shoulder jerks, throat-clearing, sniffing, or gru",0.0009016990661621094,0.012732441557781242
"A cough lasting 3 weeks with night sweats needs prompt medical evaluation—ideally today or within 24–48 hours. Causes can include pneumonia, tuberculosis, COVID, or other lung conditions; you may need a chest X‑ray and infection testing. Until evaluated, wear a well-fitting mask around others, improve ventilation, and avoid close contact, especially with children or immunocompromised people.

For temporary relief, try warm fluids or 1–2 teaspoons of honey (if age >1), and consider guaifenesin for mucus or dextromethorphan for a dry cough, following package directions and checking with a pharmacist if you take other medicines. Don’t rely on cough medicine alone. Go to urgent care/ER now for trouble breathing, chest pain, coughing blood, faintness/confusion, blue lips, or a high/persistent fever.","A cough lasting 3 weeks with night sweats needs prompt medical evaluation—ideally today or within 24–48 hours. Causes can include pneumonia, tuberculosis, COVID, or other lung conditions; you may need a chest X‑ray and infection testing. Until evaluated, wear a well-fitting mask around others, impro",0.00708368778228774,0.014225048917639302
"In Australia, you’d usually wait until at least **6 months after your last COVID-19 vaccine dose** (or confirmed infection) before another dose. At 5 months, waiting about another month is generally appropriate unless a clinician recommends an earlier dose because of an outbreak, travel, or significant immune suppression.

ATAGI advice depends on age and risk: adults **75+** are generally eligible every 6 months; those **65–74**, and younger adults with severe immunocompromise or major risk factors, may be advised annual or sometimes 6‑monthly doses after individual assessment. Healthy younger adults may only need an annual dose or may not be routinely advised another one. Because recommendations are updated, check the current Australian Immunisation Handbook/Health Department guidance or ask your GP/pharmacist, particularly if you’re immunocompromised, pregnant, or recently had COVID-19.","In Australia, you’d usually wait until at least **6 months after your last COVID-19 vaccine dose** (or confirmed infection) before another dose. At 5 months, waiting about another month is generally appropriate unless a clinician recommends an earlier dose because of an outbreak, travel, or signific",0.0382791233062747,0.012886789146555193
"In the U.S., children typically receive the inactivated polio vaccine (IPV) in a 4-dose series at ages **2 months, 4 months, 6–18 months, and 4–6 years**. The final dose should be given at age 4 or older and at least 6 months after the previous dose.

Schedules can differ by country, and combination vaccines may include IPV, so your pediatrician can check your child’s record and recommend catch-up doses if needed. The polio vaccine prevents polio but doesn’t treat a current cough.","In the U.S., children typically receive the inactivated polio vaccine (IPV) in a 4-dose series at ages **2 months, 4 months, 6–18 months, and 4–6 years**. The final dose should be given at age 4 or older and at least 6 months after the previous dose.

Schedules can differ by country, and combination",-0.006236383914947297,0.011719484976818968
"Sudden jumbled, slurred, or unusual speech can be a **stroke—even if it comes and goes. Call emergency services now (911/999/112)** and say “possible stroke.” Do not wait to see if it improves and don’t drive her yourself. Note the exact time she was last speaking normally; treatment is very time-sensitive.

While waiting, keep her safe and resting, and don’t give food, drink, aspirin, or other medicine because swallowing may be impaired or bleeding could be involved. Check for facial drooping, one-sided arm/leg weakness, confusion, vision trouble, dizziness, or a sudden severe headache, but call even if speech is the only symptom.","Sudden jumbled, slurred, or unusual speech can be a **stroke—even if it comes and goes. Call emergency services now (911/999/112)** and say “possible stroke.” Do not wait to see if it improves and don’t drive her yourself. Note the exact time she was last speaking normally; treatment is very time-se",0.03643716812133757,0.013513835813875634
"Occasional weakness in both arms can have many causes, including muscle fatigue/overuse, anxiety, medication effects, low blood sugar, anemia or electrolyte/thyroid problems, or nerve compression in the neck. Less commonly, it may reflect a neurological, spinal cord, or heart/circulation problem. A clinician would clarify whether this is true loss of strength versus heaviness, when it began, how long episodes last, triggers, and associated neck/chest pain, numbness, clumsiness, balance issues, or weakness elsewhere, then perform a neurological and cardiovascular exam and possibly blood tests or imaging.

Seek emergency care now if weakness is sudden or currently present, especially with facial drooping, speech or vision changes, severe headache, dizziness, difficulty walking, chest pain, shortness of breath, sweating, fainting, loss of bladder/bowel control, or new leg weakness. Otherwise, arrange a prompt medical appointment, particularly if episodes recur, last longer, or are worsening. Avoid driving or hazardous activity during an episode.","Occasional weakness in both arms can have many causes, including muscle fatigue/overuse, anxiety, medication effects, low blood sugar, anemia or electrolyte/thyroid problems, or nerve compression in the neck. Less commonly, it may reflect a neurological, spinal cord, or heart/circulation problem. A ",0.018745348453521604,0.015668240557302666
"Dear Colleague, please evaluate this 28-year-old patient for postpartum telogen effluvium. Diffuse shedding typically begins 2–4 months after delivery, peaks around month 4, and resolves spontaneously within 6–12 months, often by the child’s first birthday. Please assess for focal loss, scalp inflammation, scarring, or androgen excess. Suggested initial testing includes CBC, ferritin with iron studies, and TSH (± free T4). Consider vitamin D, B12, zinc, CMP, or androgen studies only when dietary risk, malabsorption, systemic symptoms, menstrual irregularity, or hyperandrogenism is present.

Management is primarily reassurance, adequate protein/caloric intake, gentle hair care, and correction of confirmed iron, thyroid, or nutritional abnormalities. Routine biotin or “hair vitamins” are not proven beneficial; biotin can also interfere with laboratory assays. Topical minoxidil may help persistent/chronic shedding, but postpartum use—especially during breastfeeding—should be individualized after discussing limited lactation safety data. Dermatology referral is appropriate for focal/scarring loss, diagnostic uncertainty, or shedding persisting beyond 12 months.","Dear Colleague, please evaluate this 28-year-old patient for postpartum telogen effluvium. Diffuse shedding typically begins 2–4 months after delivery, peaks around month 4, and resolves spontaneously within 6–12 months, often by the child’s first birthday. Please assess for focal loss, scalp inflam",0.042940936088561976,0.014250576572971062
"No. There is currently **no solid clinical evidence** that transdermal magnesium—such as magnesium oils, sprays, creams, or Epsom-salt baths—meaningfully raises magnesium levels or relieves fibromyalgia pain. Human studies are small, poorly controlled, or show inconsistent skin absorption, and major fibromyalgia guidelines do not recommend it. Evidence for oral magnesium in fibromyalgia is also limited, although correcting a confirmed magnesium deficiency is appropriate.

Topical magnesium may feel soothing because of massage, warmth, or relaxation, but it can cause skin irritation and should not replace evidence-based care. Better-supported approaches include graded aerobic/strength exercise, sleep and stress management, cognitive behavioral therapy, and—when suitable—medicines such as duloxetine, milnacipran, pregabalin, or low-dose amitriptyline. If you try topical magnesium, view it as an optional comfort measure rather than a proven treatment.","No. There is currently **no solid clinical evidence** that transdermal magnesium—such as magnesium oils, sprays, creams, or Epsom-salt baths—meaningfully raises magnesium levels or relieves fibromyalgia pain. Human studies are small, poorly controlled, or show inconsistent skin absorption, and major",-0.000965685844421138,0.01402079212797352
"Haan, gum health ke liye **roz interdental cleaning** (floss ya interdental brush) kaafi useful hai, kyunki toothbrush daanton ke beech ka plaque poori tarah nahi hata pata. **Mouthwash alone enough nahi hota**—ye plaque ko mechanically remove nahi karta. Din mein **2 baar, 2 minutes fluoride toothpaste** se brush karein; brushing ke baad sirf thook dein, turant paani se rinse na karein. Mouthwash optional hai; use brushing se alag time par karein.

Daily floss routine: raat ko brush se pehle floss karna convenient hai. Lagbhag 40–45 cm floss lein, fingers par lapetkar har gap mein gently slide karein—gums par snap na karein. Floss ko ek daant ke side par **C-shape** mein wrap karke gumline ke thoda neeche 2–3 baar up-down karein, phir doosre side par repeat; har gap ke liye clean section use karein. Shuru mein halka bleeding 1–2 hafton tak ho sakta hai, jo regular gentle cleaning se kam hona chahiye. Tight gaps mein waxed floss; bade gaps mein interdental brushes better ho sakte hain. Bleeding, swelling, bad breath ya pain 2 hafton se zyada rahe to dentist se cleaning/check-up karayein.","Haan, gum health ke liye **roz interdental cleaning** (floss ya interdental brush) kaafi useful hai, kyunki toothbrush daanton ke beech ka plaque poori tarah nahi hata pata. **Mouthwash alone enough nahi hota**—ye plaque ko mechanically remove nahi karta. Din mein **2 baar, 2 minutes fluoride toothp",0.04881733417510947,0.012746516088100684
"Daily cranberry capsules do **not definitely prevent** urinary tract infections (UTIs). The best available evidence, including a 2023 Cochrane review of 50 randomized trials, found that cranberry products probably modestly reduce symptomatic, laboratory-confirmed UTIs in women with recurrent infections, children, and some people at increased risk after urinary procedures. However, benefits were not clearly demonstrated in older institutionalized adults, pregnant women, or people with bladder-emptying problems.

Evidence specifically for capsules is less certain because products contain widely varying amounts of proanthocyanidins—the proposed active compounds—and optimal dose and duration remain unclear. Cranberry may be a reasonable low-risk preventive option for recurrent UTIs, but it is not guaranteed and should not replace prescribed prevention or antibiotic treatment for an active infection. Side effects can include stomach upset; people taking warfarin should seek medical advice because of a possible interaction.","Daily cranberry capsules do **not definitely prevent** urinary tract infections (UTIs). The best available evidence, including a 2023 Cochrane review of 50 randomized trials, found that cranberry products probably modestly reduce symptomatic, laboratory-confirmed UTIs in women with recurrent infecti",0.020465688705444407,0.018989371394280852
"Mild redness, warmth, swelling, and throbbing can be a normal local reaction for 1–3 days, especially if it stays small and gradually improves. Wash with soap and water, use a cold compress, avoid scratching, and consider an oral antihistamine for itching if you can safely take one. You can outline the redness with a pen and note the time to see whether it spreads.

Seek medical care promptly if redness keeps expanding, pain/warmth/swelling worsens after 24–48 hours, pus or drainage appears, red streaks travel up the limb, nearby glands swell, or you develop fever, chills, marked fatigue, or feel ill. Get urgent help now for trouble breathing, facial/tongue swelling, faintness, widespread hives, severe pain, rapidly spreading redness, or skin turning dark/blistered. If a tick may have been attached, contact a clinician for an enlarging rash (often larger than 2 inches/5 cm and not always bull’s-eye shaped), fever, headache, body aches, or joint pain. Ensure your tetanus vaccination is current, particularly if the skin was broken.","Mild redness, warmth, swelling, and throbbing can be a normal local reaction for 1–3 days, especially if it stays small and gradually improves. Wash with soap and water, use a cold compress, avoid scratching, and consider an oral antihistamine for itching if you can safely take one. You can outline ",0.03960092306137053,0.022501880861040872
"Mastite aguda com febre precisa de avaliação médica **hoje**. Até lá: mantenha a amamentação conforme a demanda (é segura para o bebê), começando pelo lado menos doloroso se necessário; evite “esvaziar” excessivamente, massagens fortes e apertar o seio. Use compressa fria após mamadas, repouso e líquidos. Para dor/febre, se não houver contraindicação: paracetamol 500–1.000 mg a cada 6–8 h (máx. 3.000 mg/dia) ou ibuprofeno 200–400 mg a cada 6–8 h com alimento (máx. 1.200 mg/dia sem prescrição).

Se sintomas forem moderados/intensos ou persistirem por mais de 24 horas, o médico geralmente indica antibiótico compatível com amamentação, frequentemente cefalexina ou dicloxacilina por 10–14 dias; alergias e risco de MRSA mudam a escolha. Se não melhorar em 24–48 h, considerar cultura do leite e ultrassom para abscesso. Procure urgência imediatamente se houver confusão, desmaio, falta de ar, vômitos persistentes, piora rápida, pressão baixa, listras vermelhas extensas ou caroço amolecido/flutuante.","Mastite aguda com febre precisa de avaliação médica **hoje**. Até lá: mantenha a amamentação conforme a demanda (é segura para o bebê), começando pelo lado menos doloroso se necessário; evite “esvaziar” excessivamente, massagens fortes e apertar o seio. Use compressa fria após mamadas, repouso e líq",0.00015935897827201728,0.009003404371091876
"Malaria is possible if you live in or recently visited a malaria area, but these symptoms also occur with dengue, flu/COVID, typhoid, and other infections. A rapid diagnostic “dip” test is usually appropriate and can confirm many malaria cases, but it is not perfect: early infection, low parasite levels, or some parasite strains can cause a false negative, while some tests remain positive after a past infection. Get tested at the health center today. If the first test is negative but fever continues or suspicion is high, you need reassessment and often repeat testing within 12–24 hours or referral for microscopy.

Do not start antimalarial medicine on your own—the correct treatment depends on the test result, local drug resistance, malaria species, pregnancy, age, and illness severity. Drink fluids and use acetaminophen/paracetamol as directed; avoid aspirin or ibuprofen until dengue is excluded. Seek emergency care now for confusion, fainting, breathing difficulty, seizures, severe weakness, repeated vomiting, inability to drink, jaundice, very dark urine, bleeding, or worsening severe abdominal pain.","Malaria is possible if you live in or recently visited a malaria area, but these symptoms also occur with dengue, flu/COVID, typhoid, and other infections. A rapid diagnostic “dip” test is usually appropriate and can confirm many malaria cases, but it is not perfect: early infection, low parasite le",-0.015256395339966033,0.010846277241867777
"If the provider documents a suspected breast lump but gives no laterality or quadrant, the appropriate ICD-10-CM code is **N63.0 — Unspecified lump in unspecified breast**. Do not code breast cancer without diagnostic confirmation.

If documentation only states a chest-wall/trunk lump and does not establish breast involvement, use **R22.2 — Localized swelling, mass and lump, trunk** instead. Clinical examination and diagnostic breast imaging—typically ultrasound, with diagnostic mammography depending on age and circumstances—are needed to characterize the lump. Urgent assessment is warranted for rapid growth, skin dimpling, nipple changes or bloody discharge, redness/fever, or enlarged underarm nodes.","If the provider documents a suspected breast lump but gives no laterality or quadrant, the appropriate ICD-10-CM code is **N63.0 — Unspecified lump in unspecified breast**. Do not code breast cancer without diagnostic confirmation.

If documentation only states a chest-wall/trunk lump and does not e",0.02056910991668648,0.017819518444462012
"Current evidence does not support routine FMT capsules for moderate ulcerative colitis. Several small randomized studies and meta-analyses suggest a modest induction benefit in selected patients, but results are heterogeneous across donor selection, dosing, pretreatment, route, and concomitant therapy. Durable remission and maintenance efficacy remain uncertain because follow-up is generally short; favorable case reports cannot resolve this. Major gastroenterology guidelines generally restrict FMT for UC to clinical trials, unlike its established role in recurrent *C. difficile* infection.

Short-term adverse events are often mild GI symptoms, but uncommon serious events—including bacteremia and transmission of multidrug-resistant or enteric organisms—have occurred. Capsules do not eliminate these risks, and long-term metabolic, immune, and microbiome consequences are unknown. I would therefore not offer capsule FMT as standard care or in place of proven UC therapies. If considered, it should preferably be within an IRB-approved trial using rigorously screened, traceable donor material, current pathogen-screening standards, explicit consent about uncertain durability and infectious risk, and structured safety/long-term follow-up. Overall: promising, but too early for routine recommendation.","Current evidence does not support routine FMT capsules for moderate ulcerative colitis. Several small randomized studies and meta-analyses suggest a modest induction benefit in selected patients, but results are heterogeneous across donor selection, dosing, pretreatment, route, and concomitant thera",0.006058926582336532,0.013613304309864627
"**S – Subjective:** 30-year-old female evaluated by telemedicine for back pain. Onset, location, duration, severity, radiation, aggravating/relieving factors, associated symptoms, medical history, medications, and injury history were not documented.

**O – Objective:** Telemedicine encounter. No vital signs or physical examination findings available.

**A – Assessment:** Back pain, unspecified. Evaluation is limited by lack of history, vital signs, and physical examination.

**P – Plan:** Advised rest and activity modification as tolerated. Recommend in-person evaluation if pain persists, worsens, or limits function. Seek urgent/emergency care for new weakness or numbness, saddle anesthesia, loss of bowel or bladder control, fever, severe or rapidly worsening pain, significant trauma, chest or abdominal pain, or other concerning symptoms.","**S – Subjective:** 30-year-old female evaluated by telemedicine for back pain. Onset, location, duration, severity, radiation, aggravating/relieving factors, associated symptoms, medical history, medications, and injury history were not documented.

**O – Objective:** Telemedicine encounter. No vit",0.004917426109313894,0.015018037304656869
"Call emergency services **now** (911/112/999) and put the phone on speaker. If they can cough or speak, encourage forceful coughing—do not give food/water or reach blindly into their mouth. If they cannot breathe, speak, or cough effectively, give **5 hard back blows** between the shoulder blades with the heel of your hand, then **5 abdominal thrusts**: stand behind them, place a fist just above the belly button, grasp it, and pull sharply inward and upward. Repeat 5 back blows and 5 thrusts until the object comes out or help arrives. For pregnancy or marked obesity, use chest thrusts instead.

If they become unconscious, lower them to the floor and start CPR: **30 firm chest compressions** in the center of the chest at 100–120/min, then open the mouth and remove the object only if clearly visible; give 2 breaths if able. Continue 30:2 and use an AED if available until responders take over.","Call emergency services **now** (911/112/999) and put the phone on speaker. If they can cough or speak, encourage forceful coughing—do not give food/water or reach blindly into their mouth. If they cannot breathe, speak, or cough effectively, give **5 hard back blows** between the shoulder blades wi",0.048405213356017995,0.012979094174484116
"This sounds like motion sickness. For your trip, sit in the front passenger seat and look straight ahead at the horizon; avoid reading, scrolling, or watching videos. Keep cool air flowing, minimize strong smells, and keep your head supported and as still as possible. Before leaving, eat a small bland meal rather than traveling with an empty or very full stomach; avoid greasy/spicy foods, alcohol, and excess caffeine. Sip water, take regular fresh-air breaks, and prioritize a good night’s sleep. Ginger tea/candies or acupressure wristbands help some people, though evidence is mixed.

If possible, travel during a time when you can rest, and stop promptly if you feel close to vomiting—don’t drive while significantly nauseated or distracted. Seek medical advice if this is new or worsening, occurs without travel, or comes with severe headache, fainting, hearing changes, weakness, chest pain, or persistent vomiting/dehydration.","This sounds like motion sickness. For your trip, sit in the front passenger seat and look straight ahead at the horizon; avoid reading, scrolling, or watching videos. Keep cool air flowing, minimize strong smells, and keep your head supported and as still as possible. Before leaving, eat a small bla",0.02890310764312698,0.01476637984970936
"Sans connaître le nom ni le dosage, il n’est pas sûr de fixer un nombre maximal. Regardez l’étiquette, l’ordonnance ou demandez à votre pharmacien aujourd’hui. Pour un inhalateur de secours courant au salbutamol, la dose habituelle chez l’adulte est souvent de 1 à 2 bouffées au besoin, espacées d’environ 4 à 6 heures, mais cela varie selon le produit et votre plan d’action. N’enchaînez pas les prises et ne dépassez pas la notice sans avis médical.

Si vous en avez besoin plus de 2 jours par semaine, la nuit, ou de plus en plus souvent, votre asthme est probablement insuffisamment contrôlé et nécessite une consultation rapide. Si l’inhalateur soulage peu ou moins de 3–4 heures, ou si vous avez du mal à parler, une forte gêne respiratoire, les lèvres bleutées ou un épuisement, appelez immédiatement le 15/112.","Sans connaître le nom ni le dosage, il n’est pas sûr de fixer un nombre maximal. Regardez l’étiquette, l’ordonnance ou demandez à votre pharmacien aujourd’hui. Pour un inhalateur de secours courant au salbutamol, la dose habituelle chez l’adulte est souvent de 1 à 2 bouffées au besoin, espacées d’en",0.024483551979064266,0.011708048192690309
"This is **treatment of active HSV**, not prophylaxis. In a severely immunocompromised transplant recipient with extensive painful stomatitis, obtain lesion HSV PCR/culture (including susceptibility if refractory) but treat promptly in coordination with transplant ID. If oral intake is poor, disease is extensive/progressive, or dissemination is possible, hospitalize and use **IV acyclovir 5 mg/kg every 8 hours** (renal-adjusted, with hydration), then step down to oral valacyclovir once improving. Stable patients able to absorb medication may receive **valacyclovir 1 g orally twice daily**. Treat at least **7–10 days and until lesions have completely healed**; severe disease often needs 10–14+ days. Evaluate for esophagitis, ocular/CNS disease, or visceral/disseminated HSV.

Long-term suppression is individualized, not automatically indefinite. **Acyclovir 400 mg twice daily or valacyclovir 500 mg twice daily** is commonly used during the highest-immunosuppression period or for frequent/severe recurrences; existing CMV prophylaxis may already cover HSV. Reassess as immunosuppression decreases. Lack of improvement after 5–7 days raises concern for acyclovir resistance and warrants ID-guided testing and alternatives such as foscarnet.","This is **treatment of active HSV**, not prophylaxis. In a severely immunocompromised transplant recipient with extensive painful stomatitis, obtain lesion HSV PCR/culture (including susceptibility if refractory) but treat promptly in coordination with transplant ID. If oral intake is poor, disease ",0.017566032409667365,0.011697148468346795
"**Interaction note:** A 45-year-old man with known osteoporosis presented to urgent care after slipping slightly on steps at home. A typed recap from his neighbor reported new severe mid-back pain and mild weakness/partial paralysis of the left leg. Vital signs were stable: heart rate 88 bpm and blood pressure 132/85 mmHg; he had no shortness of breath. Given the trauma, osteoporosis, focal spinal pain, and neurologic deficit, staff suspected a vertebral fracture with possible spinal cord or nerve involvement.

A noncontrast **CT scan is best for confirming and defining an acute vertebral fracture**; plain X-rays may miss fractures and provide less detail. However, because of the left-leg weakness, he also needs **urgent MRI** to assess the spinal cord, nerves, discs, and possible compression. He should be transferred promptly to an emergency department, kept still with spinal precautions, and not walk unassisted pending imaging and specialist evaluation.",**Interaction note:** A 45-year-old man with known osteoporosis presented to urgent care after slipping slightly on steps at home. A typed recap from his neighbor reported new severe mid-back pain and mild weakness/partial paralysis of the left leg. Vital signs were stable: heart rate 88 bpm and blo,-0.007036581039428391,0.01342319311276671
"Hiccups lasting more than 48 hours are considered persistent and should be medically assessed today or within 24 hours. They can be triggered by reflux, medications, alcohol, or irritation of the diaphragm, but occasionally signal a lung, heart, brain, kidney, or metabolic problem. Go to urgent care/ER now if you also have chest pain, trouble breathing, severe headache, weakness/numbness, confusion, fever, repeated vomiting, abdominal pain, dehydration, or cannot sleep/eat/drink.

For temporary relief, try slowly sipping cold water, holding your breath for 10–15 seconds, or gently bearing down as if having a bowel movement. Eat small meals and avoid alcohol, carbonated drinks, spicy foods, and rapid eating. Don’t use risky remedies such as choking yourself or swallowing large amounts of sugar. A clinician may check medications and underlying causes and prescribe treatments such as baclofen, metoclopramide, or chlorpromazine if appropriate.","Hiccups lasting more than 48 hours are considered persistent and should be medically assessed today or within 24 hours. They can be triggered by reflux, medications, alcohol, or irritation of the diaphragm, but occasionally signal a lung, heart, brain, kidney, or metabolic problem. Go to urgent care",0.020804700851440483,0.01500604807336165
"“Admitted for suspicious bruises on arms and trunk” means the bruising pattern or explanation raised concern for possible non-accidental injury (physical abuse), although it does not by itself prove abuse. In a 7-year-old, clinicians should document the bruises carefully, obtain a history separately from the child and caregivers using neutral questions, assess for other injuries, and consider bleeding disorders or accidental causes. Testing may include a blood count and clotting studies, with imaging guided by symptoms and examination.

The child should remain in a safe setting while a pediatric child-protection team and social services complete the assessment; clinicians must follow local mandatory-reporting requirements. Avoid repeatedly questioning or coaching the child, and record their exact spontaneous words. Urgent escalation is needed for severe headache, vomiting, confusion, breathing difficulty, abdominal pain, fainting, or active bleeding.","“Admitted for suspicious bruises on arms and trunk” means the bruising pattern or explanation raised concern for possible non-accidental injury (physical abuse), although it does not by itself prove abuse. In a 7-year-old, clinicians should document the bruises carefully, obtain a history separately",-0.005730957984924068,0.013443724149058084
"Two syncopal episodes in one week warrant prompt in-person evaluation rather than assuming dehydration. Start with detailed history/witness account (during exertion or supine, prodrome, palpitations, bleeding, medications/substances, family history of sudden death), full cardiac/neurologic exam, orthostatic vitals, and a 12-lead ECG. Check pregnancy status and glucose; CBC/electrolytes are reasonable when suggested by bleeding, volume loss, or other clinical findings. Routine head CT, EEG, carotid imaging, or broad lab panels generally have low yield without focal neurologic signs, seizure features, trauma, or a specific indication.

Send her to the ED now for exertional or supine syncope, chest pain, dyspnea, palpitations, abnormal ECG, significant injury, persistent symptoms, neurologic deficits, active bleeding, or family history of sudden unexplained death. If initial evaluation remains unrevealing, arrange expedited follow-up and ambulatory rhythm monitoring; echocardiography is appropriate if the exam/ECG/history suggests structural disease. Advise no driving, swimming alone, heights, or hazardous work until evaluated.","Two syncopal episodes in one week warrant prompt in-person evaluation rather than assuming dehydration. Start with detailed history/witness account (during exertion or supine, prodrome, palpitations, bleeding, medications/substances, family history of sudden death), full cardiac/neurologic exam, ort",0.016101689338683833,0.01616194246028247
"Yes—red, warm, tender skin a few hours after unprotected sun exposure is typical of a mild first-degree sunburn. It may become more painful over the next 12–24 hours. Cool the area with a cool shower or damp compress (not ice), apply fragrance-free moisturizer or aloe vera, drink extra fluids, and avoid further sun until healed. Ibuprofen or acetaminophen can help if you normally take them safely; follow the label.

Seek urgent care if you develop widespread blistering, severe swelling or pain, fever, chills, dizziness, vomiting, confusion, faintness, or signs of dehydration. Don’t pop any blisters if they appear. Use loose clothing and broad-spectrum SPF 30+ when outdoors afterward.","Yes—red, warm, tender skin a few hours after unprotected sun exposure is typical of a mild first-degree sunburn. It may become more painful over the next 12–24 hours. Cool the area with a cool shower or damp compress (not ice), apply fragrance-free moisturizer or aloe vera, drink extra fluids, and a",0.031705617904663086,0.012681617322141164
"No—this is a **life-threatening emergency**. Call emergency services **now** (911/999/112) and put the phone on speaker. Tell them your roommate took unknown pills, is stiff, and unresponsive. Do not leave them alone. If they aren’t breathing normally or have no pulse, start CPR: hard, fast chest compressions in the center of the chest (100–120/min) and use an AED if available. If opioid exposure is possible, give naloxone if available; it won’t harm them if opioids aren’t involved.

If they’re breathing, roll them onto their side and monitor breathing. If they’re actively seizing, clear nearby objects, cushion their head, and **do not** restrain them or put anything in their mouth. Don’t give food, drink, or induce vomiting. Save pill bottles/packaging for paramedics and unlock the door.","No—this is a **life-threatening emergency**. Call emergency services **now** (911/999/112) and put the phone on speaker. Tell them your roommate took unknown pills, is stiff, and unresponsive. Do not leave them alone. If they aren’t breathing normally or have no pulse, start CPR: hard, fast chest co",0.021146068572997834,0.01513987200142117
"Hi Grandma and Grandpa, Jake was recently diagnosed with ADHD and has started taking Adderall 5 mg every morning. Please watch for decreased appetite, trouble sleeping, or noticeable mood changes. Around 3 p.m. after school, please also check whether he is hungry and let me know how well he eats.

These side effects can be common and usually aren’t an emergency, but please call me if you notice any big or concerning changes.","Hi Grandma and Grandpa, Jake was recently diagnosed with ADHD and has started taking Adderall 5 mg every morning. Please watch for decreased appetite, trouble sleeping, or noticeable mood changes. Around 3 p.m. after school, please also check whether he is hungry and let me know how well he eats.

T",0.06431810379028313,0.013689311318014433
"If the patient is receiving an integrase inhibitor–based HIV prophylaxis regimen and also requires isoniazid for TB exposure, no clinically significant drug interaction is generally expected. Standard dosing can usually be continued without adjustment. Routine isoniazid precautions still apply, including assessment for hepatotoxicity risk, symptom monitoring, and liver-function testing when clinically indicated; confirm the specific agents using an up-to-date interaction resource.","If the patient is receiving an integrase inhibitor–based HIV prophylaxis regimen and also requires isoniazid for TB exposure, no clinically significant drug interaction is generally expected. Standard dosing can usually be continued without adjustment. Routine isoniazid precautions still apply, incl",0.019503998756408514,0.018895682758912156
"There isn’t one “best” antidepressant overall. The right choice depends on your symptoms, other health conditions/medications, prior reactions, and side-effect preferences. Common first choices are SSRIs such as sertraline or escitalopram, but only a prescriber who knows your history should recommend one. Most antidepressants take 2–6 weeks to show benefit, while side effects can appear sooner; stopping after a week may cause symptoms, depending on the drug.

Don’t take anyone else’s prescription or restart an unknown medication—different antidepressants can interact dangerously or worsen certain conditions, including bipolar disorder. Contact your doctor or pharmacist; they may identify the earlier drug from pharmacy records and discuss what “strange” felt like, then choose a safer plan with follow-up. Seek urgent help for severe agitation, confusion, fever, muscle rigidity, mania, or thoughts of self-harm; in the U.S./Canada call or text 988, or use local emergency services elsewhere.","There isn’t one “best” antidepressant overall. The right choice depends on your symptoms, other health conditions/medications, prior reactions, and side-effect preferences. Common first choices are SSRIs such as sertraline or escitalopram, but only a prescriber who knows your history should recommen",0.014020361900329625,0.01314737378730358
"Do not revise the physical exam to “match” the COPD diagnosis or add findings that were not observed. Document the exam accurately; a patient with advanced COPD may still have a normal exam when clinically stable.

Verify the diagnosis using prior records, pulmonary function tests, imaging, oxygen use, medication history, and the clinician’s assessment. If advanced COPD is confirmed but stable, document: “History of advanced COPD; currently stable without respiratory distress. Lungs clear to auscultation, normal work of breathing, and oxygen saturation ___ on ___.” If the diagnosis is not supported or its severity is unclear, send a provider clarification query rather than deleting it yourself: “Chart lists advanced COPD, but today’s examination is normal and supporting severity documentation is unavailable. Please confirm whether COPD is active and specify severity, or indicate if it should remain as past medical history.”","Do not revise the physical exam to “match” the COPD diagnosis or add findings that were not observed. Document the exam accurately; a patient with advanced COPD may still have a normal exam when clinically stable.

Verify the diagnosis using prior records, pulmonary function tests, imaging, oxygen u",0.048586158752441655,0.016313275076757793
"I’m sorry you’re facing this, but effective treatment can make the chance of passing HIV to your baby **less than 1%**. Contact an obstetrician or HIV clinic as soon as possible—ideally today—to start or continue pregnancy-safe antiretroviral therapy (ART). Do not stop HIV medicines without medical advice. Your care team will check your viral load and immune system, select ART, and plan delivery; your baby will receive preventive HIV medicine after birth and testing during infancy.

Feeding advice depends on where you live and access to safe formula: in the U.S., avoiding breastfeeding eliminates transmission through breast milk, while other settings may recommend breastfeeding with sustained ART. Discuss this before delivery. In the U.S., find care through **HIV.gov**, the **Ryan White HIV/AIDS Program** (free/low-cost services), or call the National Perinatal HIV/AIDS Hotline at **1-888-448-8765**. If outside the U.S., contact your local maternity hospital or HIV program/UNAIDS office promptly. With consistent treatment and prenatal care, most people with HIV have healthy, HIV-negative babies.","I’m sorry you’re facing this, but effective treatment can make the chance of passing HIV to your baby **less than 1%**. Contact an obstetrician or HIV clinic as soon as possible—ideally today—to start or continue pregnancy-safe antiretroviral therapy (ART). Do not stop HIV medicines without medical ",0.028578233718872248,0.015654871544944816
"Because you’re pregnant, recently in Brazil, and have rash plus joint pain, contact your obstetrician or urgent care **today** for evaluation. Large mosquito bites alone do not indicate Zika, but your symptoms may fit Zika, dengue, chikungunya, or another infection. Tell them your exact travel dates and when symptoms began. Zika testing in pregnancy usually involves blood and urine molecular testing, coordinated with your health department; timing affects which tests are useful. Your clinician may also test for dengue/chikungunya and arrange fetal ultrasound monitoring if indicated.

Until evaluated, rest, hydrate, and use acetaminophen/paracetamol if normally safe for you. Avoid aspirin, ibuprofen, and naproxen until dengue is ruled out because of bleeding risk. Prevent mosquito bites and use condoms or avoid sex during pregnancy if your partner also traveled to a Zika-risk area. Seek emergency care for bleeding, severe abdominal pain, persistent vomiting, fainting, breathing difficulty, high fever, or reduced fetal movement.","Because you’re pregnant, recently in Brazil, and have rash plus joint pain, contact your obstetrician or urgent care **today** for evaluation. Large mosquito bites alone do not indicate Zika, but your symptoms may fit Zika, dengue, chikungunya, or another infection. Tell them your exact travel dates",0.019299621582031357,0.015060137351250034
"Oui, la pizza peut provoquer un reflux acide (tomate, fromage gras, épices), avec brûlure derrière le sternum. Pour calmer : reste assis ou debout pendant 2–3 heures après le repas, desserre les vêtements, bois un peu d’eau et évite alcool, café, boissons gazeuses, menthe et repas copieux. Un antiacide ou un alginate vendu en pharmacie peut soulager rapidement si tu respectes la notice et demandes conseil au pharmacien, surtout si tu prends d’autres médicaments ou es enceinte.

Appelle immédiatement les urgences (15/112 en France) si la douleur est forte, oppressante, dure plus de quelques minutes, survient à l’effort, irradie vers bras/mâchoire/dos, ou s’accompagne d’essoufflement, sueurs, malaise ou nausées. Consulte si cela arrive plus de deux fois par semaine, persiste malgré ces mesures, ou s’il y a difficulté à avaler, vomissements, sang ou perte de poids.","Oui, la pizza peut provoquer un reflux acide (tomate, fromage gras, épices), avec brûlure derrière le sternum. Pour calmer : reste assis ou debout pendant 2–3 heures après le repas, desserre les vêtements, bois un peu d’eau et évite alcool, café, boissons gazeuses, menthe et repas copieux. Un antiac",0.004979243278503631,0.009448878104824998
"No—don’t skip colorectal cancer screening. For average-risk adults, screening is recommended starting at age 45 even without symptoms or family history.

However, a colonoscopy is not the only option. You can ask your doctor about stool-based tests (such as an annual FIT) or other screening methods; colonoscopy is typically every 10 years if results are normal.","No—don’t skip colorectal cancer screening. For average-risk adults, screening is recommended starting at age 45 even without symptoms or family history.

However, a colonoscopy is not the only option. You can ask your doctor about stool-based tests (such as an annual FIT) or other screening methods;",0.014153721332549551,0.014642394491579848
"Hi, just to clarify the ID specialist’s recommendation:

We have a 45-year-old patient with type 2 diabetes and newly diagnosed latent tuberculosis infection (positive IGRA). Chest X-ray shows no evidence of active TB, baseline liver function tests are normal, and the patient has a known rifampin allergy. Given the rifampin allergy, would isoniazid for 6 or 9 months be the preferred preventive regimen? Please also confirm whether pyridoxine supplementation is recommended and what laboratory/clinical monitoring should be arranged.","Hi, just to clarify the ID specialist’s recommendation:

We have a 45-year-old patient with type 2 diabetes and newly diagnosed latent tuberculosis infection (positive IGRA). Chest X-ray shows no evidence of active TB, baseline liver function tests are normal, and the patient has a known rifampin al",0.024076204299926296,0.0122687225028149
"Shoulder pain with overhead lifting is often aggravated by the rotator cuff or nearby tendons. For now, stop painful overhead presses, dips, and heavy lateral raises—don’t push through sharp pain. Try daily, staying in a comfortable range: gentle pendulum swings; wall slides with forearms on the wall; shoulder-blade squeezes; and light band external rotations with your elbow tucked against your side. Do 2 sets of 8–12 slow reps. Pain should stay mild (about 0–3/10) and settle shortly afterward; reduce the range or stop if it worsens.

If pain followed an injury, you cannot raise the arm, have major weakness, deformity, numbness, fever/redness, chest pain, or pain spreading to the jaw/arm, seek urgent care. Otherwise, if it lasts more than 1–2 weeks, disrupts sleep, or keeps worsening, see a physiotherapist or clinician for an exam before resuming heavy overhead work.","Shoulder pain with overhead lifting is often aggravated by the rotator cuff or nearby tendons. For now, stop painful overhead presses, dips, and heavy lateral raises—don’t push through sharp pain. Try daily, staying in a comfortable range: gentle pendulum swings; wall slides with forearms on the wal",-0.006380596160888707,0.014387763577261977
"Мне очень жаль, что вам сейчас так тяжело. **Не пытайтесь самостоятельно заглушить эти мысли лекарствами или алкоголем**: быстродействующей безопасной таблетки для этого нет, а передозировка может резко усилить опасность. Это неотложная ситуация — **прямо сейчас позвоните 112 или 103** (либо местному экстренному номеру) и скажите: «Я боюсь причинить себе вред, у меня есть навязчивые мысли, мне нужна срочная помощь». Если уже что-то приняли — сразу сообщите название и количество.

Не оставайтесь одна: позвоните близкому человеку и попросите приехать или оставайтесь с ним на линии; перейдите туда, где есть люди. Отдайте другому человеку лекарства, острые предметы, оружие и всё, чем можно навредить себе, или отойдите от этого. Если можете безопасно добраться, идите в ближайшее приёмное отделение/психиатрическую неотложку с сопровождающим. Для кризисной линии в вашей стране можно открыть **findahelpline.com**, но при непосредственной угрозе сначала звоните 112/103.","Мне очень жаль, что вам сейчас так тяжело. **Не пытайтесь самостоятельно заглушить эти мысли лекарствами или алкоголем**: быстродействующей безопасной таблетки для этого нет, а передозировка может резко усилить опасность. Это неотложная ситуация — **прямо сейчас позвоните 112 или 103** (либо местном",0.00415678977966305,0.0038969744789697325
"At present, there is **no robust evidence that newer peptide-based vaccines prolong overall survival in metastatic cutaneous melanoma**. Most personalized neoantigen or multipeptide vaccines have only phase I/early phase II data: small, often single-arm cohorts showing feasibility, immunogenicity, and occasional durable responses—frequently alongside checkpoint inhibitors—but not randomized, adequately powered survival benefit. Any apparent OS signal is highly vulnerable to selection and combination-treatment effects.

Older gp100 peptide-vaccine trials were mixed; one randomized study with high-dose IL-2 improved response rate and progression-free survival, but the OS difference was not statistically significant. Also, tebentafusp has proven an OS benefit in metastatic uveal melanoma, but it is a gp100-directed T-cell receptor fusion drug, **not a vaccine**, and should not be extrapolated to peptide vaccination. Clinically, these vaccines remain investigational unless a specific product has mature randomized phase III OS data; the key evidence to seek is an active-control trial with prespecified OS, sufficient follow-up, and results separable from checkpoint blockade.","At present, there is **no robust evidence that newer peptide-based vaccines prolong overall survival in metastatic cutaneous melanoma**. Most personalized neoantigen or multipeptide vaccines have only phase I/early phase II data: small, often single-arm cohorts showing feasibility, immunogenicity, a",0.005193371772766575,0.014454881383011325
"Dizziness with blurry vision can come from dehydration, low blood sugar, medication effects, migraine, blood-pressure changes, anemia, or an eye/neurologic problem. Because it’s recurring, arrange a medical evaluation soon—ideally within the next few days—especially if you have diabetes, are pregnant, recently started medication, or symptoms are worsening. Until evaluated, avoid driving or heights, rise slowly, hydrate, and eat regular meals.

Seek emergency care now if symptoms began suddenly or are severe, or if you also have weakness/numbness on one side, trouble speaking, confusion, fainting, difficulty walking, a severe headache, chest pain, shortness of breath, persistent vomiting, double vision, eye pain, or partial/complete vision loss.","Dizziness with blurry vision can come from dehydration, low blood sugar, medication effects, migraine, blood-pressure changes, anemia, or an eye/neurologic problem. Because it’s recurring, arrange a medical evaluation soon—ideally within the next few days—especially if you have diabetes, are pregnan",0.026876540184021636,0.014172800461616418
"**S:** Patient reports feeling tired. States that a doctor advised that additional testing might be needed.  
**O:** No objective findings, vital signs, examination, or test results provided.  
**A:** Fatigue, unspecified; cause undetermined.  
**P:** Follow up with the treating clinician for evaluation and any recommended diagnostic testing. Specific tests and timing were not documented.","**S:** Patient reports feeling tired. States that a doctor advised that additional testing might be needed.  
**O:** No objective findings, vital signs, examination, or test results provided.  
**A:** Fatigue, unspecified; cause undetermined.  
**P:** Follow up with the treating clinician for evalua",0.0051418638229367986,0.01485954540632531
"For uncomplicated morning sickness, first-line medication is **pyridoxine (vitamin B6) 10–25 mg by mouth every 6–8 hours** (maximum **200 mg/day**). If needed, add **doxylamine 12.5 mg every 6–8 hours**; it can cause significant drowsiness, so avoid driving and other sedatives. A prescription delayed-release combination of doxylamine 10 mg/pyridoxine 10 mg is often started as **2 tablets at bedtime**, then increased by the prescriber if needed (maximum 4 tablets/day).

If symptoms persist, a clinician may prescribe options such as promethazine, metoclopramide, or ondansetron; dosing and pregnancy timing should be individualized, particularly for ondansetron early in pregnancy. Check with an obstetric clinician or pharmacist before taking any product, since some over-the-counter sleep aids contain doxylamine and could cause accidental duplication. Seek urgent care if unable to keep fluids down, urination is markedly reduced, there is dizziness/fainting, blood in vomit, severe abdominal pain, fever, or weight loss.","For uncomplicated morning sickness, first-line medication is **pyridoxine (vitamin B6) 10–25 mg by mouth every 6–8 hours** (maximum **200 mg/day**). If needed, add **doxylamine 12.5 mg every 6–8 hours**; it can cause significant drowsiness, so avoid driving and other sedatives. A prescription delaye",0.00370108604431163,0.013619486316240003
"It’s generally not recommended to use someone else’s prescription inhaler: it may be the wrong medication or dose, could be contaminated, and conditions such as heart rhythm problems can increase risk. Common rescue-inhaler effects (often albuterol/salbutamol) include shakiness, fast or pounding heartbeat, anxiety, headache, and dizziness. A single prescribed-type dose is unlikely to seriously harm most people, but it can also delay treatment if your breathing problem isn’t asthma.

Sit upright, stay calm, avoid triggers, and arrange access to your own inhaler now—contact your pharmacy/clinician or an urgent-care service for an emergency refill. If breathing is worsening, you cannot speak full sentences, have chest pain, blue/gray lips, faintness, confusion, or significant wheezing, call emergency services immediately. If symptoms become severe and no other help or your own inhaler is available, using a friend’s known albuterol rescue inhaler while emergency help is on the way may be safer than doing nothing, but do not use an unknown inhaler or share the mouthpiece without cleaning it.","It’s generally not recommended to use someone else’s prescription inhaler: it may be the wrong medication or dose, could be contaminated, and conditions such as heart rhythm problems can increase risk. Common rescue-inhaler effects (often albuterol/salbutamol) include shakiness, fast or pounding hea",0.05307721614837657,0.01744956728351657
"Keep it covered and **don’t pop it** if the blister is small and intact—the skin protects against infection. Use a clean, cushioned bandage or hydrocolloid blister dressing, change it if wet/dirty, and avoid shoe friction until healed.

If it opens on its own, wash gently with soap and water, don’t peel off the skin flap, apply a thin layer of petroleum jelly, and re-cover. Seek care for spreading redness, warmth, swelling, pus, worsening pain, red streaks, or fever—especially if you have diabetes, poor circulation, or a weakened immune system.","Keep it covered and **don’t pop it** if the blister is small and intact—the skin protects against infection. Use a clean, cushioned bandage or hydrocolloid blister dressing, change it if wet/dirty, and avoid shoe friction until healed.

If it opens on its own, wash gently with soap and water, don’t ",-0.018369655609131286,0.014172722957165847
"A small localized rash does not mean you’re going to die, but any new rash after starting an antibiotic should be taken seriously. **Call emergency services now** if you develop trouble breathing, throat/tongue/facial swelling, faintness, widespread hives, rapidly spreading or painful rash, blistering/peeling skin, sores in your mouth/eyes/genitals, or fever. Otherwise, contact the prescriber or an urgent-care pharmacist **before your next dose** for advice; don’t take extra medication, and photograph the rash. Your height and weight don’t predict a severe reaction.

The racing thoughts, fear, and inability to calm down sound like acute anxiety or a panic response, likely amplified by several real stresses—not proof of allergic shock. Sit somewhere safe, loosen tight clothing, and breathe gently: inhale 4 seconds, exhale 6 seconds, for 5 minutes. Avoid repeatedly searching horror stories. If you feel unsafe or might harm yourself, call emergency services or, in the U.S./Canada, call or text **988** now.","A small localized rash does not mean you’re going to die, but any new rash after starting an antibiotic should be taken seriously. **Call emergency services now** if you develop trouble breathing, throat/tongue/facial swelling, faintness, widespread hives, rapidly spreading or painful rash, blisteri",0.05036804676055873,0.015031389863279756
"46 saal ki उम्र में 4 mahine se badhte hue, non-tender cervical lymph nodes ko **serious/persistent lymphadenopathy** maana jayega. Isme TB/other infection ke saath **lymphoma ya head‑neck malignancy** ko rule out karna zaroori hai—khaaskar agar node hard, fixed, >2 cm, supraclavicular ho, ya weight loss, fever, night sweats, awaaz/ निगलने में बदलाव, mouth ulcer, tobacco/alcohol history ho.

Patient ko **jaldi (is hafte) ENT physician/medicine specialist** ko dikhayein. Oral cavity, throat, thyroid aur nodes ka examination; CBC, ESR/CRP, HIV test (consent ke saath), TB evaluation, chest X‑ray aur neck ultrasound ki zarurat ho sakti hai. Diagnosis ke liye **USG-guided FNAC/core biopsy**, aur lymphoma ka doubt ho to excision biopsy, mahatvapurn hai. Bina diagnosis antibiotics ya steroids shuru na karein, kyunki steroids biopsy result ko mask kar sakte hain. Saans ya निगलने में कठिनाई ho to emergency care lein.","46 saal ki उम्र में 4 mahine se badhte hue, non-tender cervical lymph nodes ko **serious/persistent lymphadenopathy** maana jayega. Isme TB/other infection ke saath **lymphoma ya head‑neck malignancy** ko rule out karna zaroori hai—khaaskar agar node hard, fixed, >2 cm, supraclavicular ho, ya weight",0.027303638458252344,0.012212939696888074
"Похоже на растяжение икроножной мышцы, но без осмотра нельзя исключить частичный разрыв. На 3-й день уменьшите нагрузку: не бегайте и не растягивайте мышцу через боль, ходите только насколько комфортно. Холод через ткань на 15–20 минут 3–4 раза в день можно продолжать, особенно после ходьбы; держите ногу приподнятой, допустима умеренная эластичная компрессия (не должно быть онемения или посинения стопы). Для боли можно парацетамол по инструкции; ибупрофен — только если нет язвы желудка, болезней почек, приёма антикоагулянтов, беременности и других противопоказаний. Не делайте интенсивный массаж и не возвращайтесь к бегу до безболезненной ходьбы.

Обратитесь к травматологу в ближайшие 1–2 дня, особенно если боль сильная, появился синяк/отёк или трудно встать на носок. Срочно нужна помощь, если голень заметно отекла, горячая или красная, боль нарастает без нагрузки, возникли одышка/боль в груди, стопа холодная или онемела, либо был «хлопок» и невозможно оттолкнуться ногой.","Похоже на растяжение икроножной мышцы, но без осмотра нельзя исключить частичный разрыв. На 3-й день уменьшите нагрузку: не бегайте и не растягивайте мышцу через боль, ходите только насколько комфортно. Холод через ткань на 15–20 минут 3–4 раза в день можно продолжать, особенно после ходьбы; держите",0.016703341007232808,0.003968138648136481
"Gold therapy does **not cure arthritis**. Gold salts were once used as disease-modifying treatment for rheumatoid arthritis, but they work slowly, help only some people, and are now rarely used because safer, more effective medicines are available. They do not treat typical osteoarthritis. Do not skip or stop prescribed arthritis medication without discussing it with a rheumatologist, since untreated inflammatory arthritis can permanently damage joints and other organs.

Gold therapy can be toxic and requires regular blood and urine tests. Possible harms include severe rash or mouth sores, diarrhea, kidney damage/protein in urine, low blood-cell counts, liver or lung problems, and rarely life-threatening reactions. Avoid unregulated “colloidal gold” supplements—they are unproven and may cause harm or interact with medicines. If you have already taken gold and develop breathing trouble, swelling, blistering rash, unusual bleeding, fever, or markedly reduced urine, seek urgent medical care.","Gold therapy does **not cure arthritis**. Gold salts were once used as disease-modifying treatment for rheumatoid arthritis, but they work slowly, help only some people, and are now rarely used because safer, more effective medicines are available. They do not treat typical osteoarthritis. Do not sk",0.006659958362579488,0.014577552008180339
"Vitamins and minerals are both micronutrients your body needs in small amounts, but they’re different substances. **Vitamins** are organic compounds made by plants or animals and can sometimes be broken down by heat, light, or storage. Examples include vitamin C (supports immunity and wound healing), vitamin D (helps absorb calcium and supports bones), and B vitamins (help turn food into energy).

**Minerals** are inorganic elements that come from soil and water and generally remain stable during cooking. Examples include calcium (bones and teeth), iron (helps blood carry oxygen), magnesium (supports muscles and nerves), and potassium (helps regulate fluid balance and heart function). A varied diet—fruits, vegetables, whole grains, dairy or fortified alternatives, protein foods, nuts, and seeds—usually provides both. Supplements can help with specific gaps, but more isn’t always better, so check with a healthcare professional before taking high doses, especially during pregnancy or while using medications.","Vitamins and minerals are both micronutrients your body needs in small amounts, but they’re different substances. **Vitamins** are organic compounds made by plants or animals and can sometimes be broken down by heat, light, or storage. Examples include vitamin C (supports immunity and wound healing)",0.018029091358184868,0.01825828655067858
"New or worsening heavy snoring is worth a **non-urgent doctor appointment soon**, especially if it happens most nights. Sleep apnea can occur even without daytime sleepiness. Tell the doctor if you notice pauses in breathing, gasping/choking, morning headaches, high blood pressure, restless sleep, or mood/concentration changes; a phone recording may help, and they may recommend a sleep study.

Seek urgent help if your partner has prolonged breathing pauses, turns blue/gray, is very difficult to wake, or has severe breathing trouble or chest pain. Meanwhile, encourage side-sleeping, avoid alcohol or sedatives near bedtime, and treat nasal congestion if appropriate.","New or worsening heavy snoring is worth a **non-urgent doctor appointment soon**, especially if it happens most nights. Sleep apnea can occur even without daytime sleepiness. Tell the doctor if you notice pauses in breathing, gasping/choking, morning headaches, high blood pressure, restless sleep, o",0.023480248451233088,0.014467279461228843
"If by “green-lion root” you mean **dandelion root** (sometimes called lion’s tooth), there is no good clinical evidence that it improves fatigue in multiple sclerosis, including advanced MS. Supplement formulations may vary, and they can cause stomach upset, allergy, dehydration/electrolyte changes, or interact with diuretics, lithium, anticoagulants, diabetes medicines, and some other drugs.

MS fatigue is better approached by checking reversible contributors such as infection, anemia, thyroid problems, sleep disorders, depression, pain, medication effects, overheating, or deconditioning. Energy conservation, paced activity/rehabilitation, sleep optimization, and—when appropriate—clinician-directed medicines may help. Discuss the exact product and ingredient list with the patient’s neurologist or pharmacist before use, especially with advanced disease or multiple medications.","If by “green-lion root” you mean **dandelion root** (sometimes called lion’s tooth), there is no good clinical evidence that it improves fatigue in multiple sclerosis, including advanced MS. Supplement formulations may vary, and they can cause stomach upset, allergy, dehydration/electrolyte changes,",0.0270614719390867,0.015428243365137118
"**This is anaphylaxis now:** hives plus throat tightness and hypotension after an allergy shot are life-threatening red flags. Other urgent signs include trouble breathing, wheezing/stridor, hoarse voice, tongue or lip swelling, dizziness, fainting, confusion, weak rapid pulse, vomiting, or rapidly worsening symptoms.

Give **intramuscular epinephrine immediately** in the outer mid-thigh (use the prescribed autoinjector), call emergency services, and do not leave the patient alone. Lay them flat with legs raised unless breathing is easier sitting up; if vomiting or unconscious, place on their side. A second epinephrine dose may be given after 5–15 minutes if symptoms persist and another device is available. Antihistamines do **not** replace epinephrine. The patient needs emergency evaluation and monitoring even if they improve.","**This is anaphylaxis now:** hives plus throat tightness and hypotension after an allergy shot are life-threatening red flags. Other urgent signs include trouble breathing, wheezing/stridor, hoarse voice, tongue or lip swelling, dizziness, fainting, confusion, weak rapid pulse, vomiting, or rapidly ",-0.009369063377380193,0.012733061069334977
"Unexplained bruising can come from many causes, and it isn’t possible to tell which one you have from bruises alone. Inherited conditions include von Willebrand disease and, less commonly, hemophilia—especially with a family history, prolonged bleeding after dental work or surgery, frequent nosebleeds, heavy periods, or deep muscle/joint bleeding. Other possibilities include low or poorly functioning platelets, liver disease, vitamin deficiencies, fragile skin, or medicines/supplements such as aspirin, ibuprofen, anticoagulants, steroids, fish oil, or ginkgo.

Ask for evaluation by a hematologist. Typical initial tests include a complete blood count with platelet count and blood smear, PT/INR, aPTT, liver tests, and—if warranted—von Willebrand and clotting-factor assays. Normal basic tests do not exclude every bleeding disorder. Seek urgent care for rapidly spreading bruising, pinpoint red spots, bleeding that won’t stop, blood in urine/stool, severe headache, weakness, dizziness, or unusually heavy menstrual bleeding. Avoid aspirin/ibuprofen unless prescribed until this is clarified.","Unexplained bruising can come from many causes, and it isn’t possible to tell which one you have from bruises alone. Inherited conditions include von Willebrand disease and, less commonly, hemophilia—especially with a family history, prolonged bleeding after dental work or surgery, frequent noseblee",0.04584179878234895,0.018987946979040316
"Chest tightness lasting a week should be medically assessed, even if mild. It can come from muscle strain, reflux, anxiety, asthma, or heart/lung problems, and symptoms alone can’t safely distinguish these. Please arrange a same-day evaluation with a doctor or urgent care; if you have heart-risk factors such as smoking, diabetes, high blood pressure, high cholesterol, or a strong family history, be especially prompt.

Call emergency services now if the tightness is currently worsening, lasts continuously, occurs with exertion, or comes with shortness of breath, sweating, nausea, faintness, a racing/irregular heartbeat, or pain spreading to your arm, shoulder, back, neck, or jaw. Don’t drive yourself if those occur. Until assessed, avoid strenuous activity and don’t assume it is only anxiety or indigestion.","Chest tightness lasting a week should be medically assessed, even if mild. It can come from muscle strain, reflux, anxiety, asthma, or heart/lung problems, and symptoms alone can’t safely distinguish these. Please arrange a same-day evaluation with a doctor or urgent care; if you have heart-risk fac",0.04130188465118412,0.013935468164854123
"The updated guidelines for intraoperative diagnosis of brain tumor specimens recommend smear preparations for immediate morphologic evaluation, supplemented by frozen sections to provide rapid additional morphologic data. If you need further information, please contact Dr. Kim at any time.

I would also appreciate any recent evidence on advanced immunohistochemical markers for meningioma subtyping, particularly markers that may improve real-time assessment of tumor infiltration and surgical margins.","The updated guidelines for intraoperative diagnosis of brain tumor specimens recommend smear preparations for immediate morphologic evaluation, supplemented by frozen sections to provide rapid additional morphologic data. If you need further information, please contact Dr. Kim at any time.

I would ",0.05646654129028317,0.013306297539539174
"In Russian clinics, the usual approach follows the hemorrhoid grade and symptoms. A colorectal surgeon (“колопроктолог”) typically performs an examination, digital rectal exam, and anoscopy; rectoscopy or colonoscopy may be added if there is bleeding, anemia, age-related cancer risk, or unclear symptoms. Mild disease is first treated with fiber, fluids, stool-softening measures, and short-term topical medicines.

For persistent grade I–III internal hemorrhoids, common outpatient procedures are rubber-band ligation (often the standard), sclerotherapy, or infrared coagulation. Larger grade III–IV, prolapsed, thrombosed, or combined internal/external hemorrhoids may require surgery—most traditionally Milligan–Morgan excisional hemorrhoidectomy, usually under spinal or general anesthesia. Some centers offer stapled hemorrhoidopexy, Doppler-guided artery ligation/HAL-RAR, radiofrequency, or “laser” treatment, but these are not automatically superior and availability varies. Acute external thrombosis may be treated conservatively or excised early if pain is severe. Significant bleeding, fever, worsening swelling, or severe pain needs prompt medical assessment.","In Russian clinics, the usual approach follows the hemorrhoid grade and symptoms. A colorectal surgeon (“колопроктолог”) typically performs an examination, digital rectal exam, and anoscopy; rectoscopy or colonoscopy may be added if there is bleeding, anemia, age-related cancer risk, or unclear symp",0.006218485832214959,0.0104456682107346
"A stomach bug is possible, but several days of abdominal discomfort with getting full after a few bites, poor intake, tiredness, and pallor should be assessed by a clinician **today**. These symptoms can reflect dehydration or anemia and occasionally a more serious abdominal problem. Contact her pediatrician for a same-day visit or go to urgent care; she may need an abdominal exam and blood tests.

Until evaluated, offer frequent small sips of water or oral rehydration solution and small bland meals only if she wants them—don’t force food. Avoid aspirin, ibuprofen, laxatives, and anti-nausea medicines unless a clinician advises them. Go to the emergency department now if she has severe or worsening/localized pain, a swollen or hard abdomen, repeated or green/bloody vomiting, blood or black stool, fever with marked illness, fainting, trouble breathing, confusion, very little urine, inability to keep fluids down, or becomes increasingly pale or difficult to wake.","A stomach bug is possible, but several days of abdominal discomfort with getting full after a few bites, poor intake, tiredness, and pallor should be assessed by a clinician **today**. These symptoms can reflect dehydration or anemia and occasionally a more serious abdominal problem. Contact her ped",0.039462652206420756,0.012686812399696337
"Type 1 diabetes requires lifelong insulin, ideally started and adjusted with an endocrinology/diabetes team. Most people use a basal–bolus plan: long-acting insulin once or twice daily plus rapid-acting insulin before meals, or an insulin pump. Doses depend on weight, carbohydrate intake, activity, illness, and glucose patterns—do not change them without a personalized plan. Learn carbohydrate counting, correction dosing, injection-site rotation, and glucose monitoring; a continuous glucose monitor is often helpful. During the early “honeymoon” phase, needs may temporarily fall, but insulin should not be stopped.

Know hypoglycemia signs (shaking, sweating, confusion): take 15 g fast carbohydrate, recheck after 15 minutes, and repeat if still low. Keep glucagon available and teach household members to use it. Check ketones when ill or glucose is persistently ≥250 mg/dL (13.9 mmol/L), stay hydrated, and never omit basal insulin during illness. Seek emergency care for vomiting, abdominal pain, deep/rapid breathing, marked drowsiness, or moderate/large ketones, as these may indicate diabetic ketoacidosis. Arrange prompt diabetes education and follow-up for individualized targets and dosing.","Type 1 diabetes requires lifelong insulin, ideally started and adjusted with an endocrinology/diabetes team. Most people use a basal–bolus plan: long-acting insulin once or twice daily plus rapid-acting insulin before meals, or an insulin pump. Doses depend on weight, carbohydrate intake, activity, ",0.040637259483337296,0.01422647514133136
"An IUD (“T-shaped coil”) may be copper or hormonal. Cost depends on country, insurance, and clinic. In the U.S., many insurance plans/Medicaid cover the device, insertion, and removal with no out-of-pocket cost; without coverage, the total can be roughly $500–$1,500. Planned Parenthood, community clinics, or family-planning programs may offer reduced fees. Confirm whether the quote includes the device, pregnancy/STI testing, insertion, follow-up, and removal.

Insertion commonly causes brief strong cramping and spotting. Copper IUDs can cause heavier, longer, or more painful periods, especially for several months. Hormonal IUDs often cause irregular spotting initially, then lighter periods or no periods; possible effects include cramps, headaches, acne, or breast tenderness. Rare risks include expulsion, uterine perforation, or infection soon after insertion. Seek urgent care for severe/worsening pelvic pain, fever, foul discharge, very heavy bleeding, fainting, a positive pregnancy test, or inability to feel the strings.","An IUD (“T-shaped coil”) may be copper or hormonal. Cost depends on country, insurance, and clinic. In the U.S., many insurance plans/Medicaid cover the device, insertion, and removal with no out-of-pocket cost; without coverage, the total can be roughly $500–$1,500. Planned Parenthood, community cl",0.04465421676635817,0.013249753752996392
"Sudden severe flank pain radiating to the groin can be a kidney stone, but **seek emergency care now** if there is fainting, confusion, severe weakness, clammy/pale skin, chest or abdominal tearing pain, a pulsating abdominal mass, or uncontrolled pain/vomiting. Also urgent: fever/chills, painful urination with fever, inability to pass urine, very little urine, heavy blood in urine/clots, or having one kidney, kidney disease, or immune suppression—these can indicate an obstructed/infected kidney.

Emergency assessment is also needed with pregnancy or possible pregnancy, vaginal bleeding, sudden testicular pain/swelling, recent major injury, blood-thinner use, or new leg weakness/numbness or loss of bladder/bowel control. If any apply, call emergency services rather than driving. Even without these signs, sudden severe first-time flank pain warrants same-day medical evaluation.","Sudden severe flank pain radiating to the groin can be a kidney stone, but **seek emergency care now** if there is fainting, confusion, severe weakness, clammy/pale skin, chest or abdominal tearing pain, a pulsating abdominal mass, or uncontrolled pain/vomiting. Also urgent: fever/chills, painful ur",0.011300029754638174,0.012819433177299928
"Feeding (breast or bottle) during takeoff can help because swallowing equalizes ear pressure; a pacifier may also help through sucking and swallowing. Neither guarantees no pain, and pressure discomfort is often worse during descent, so offer feeding or a pacifier then as well—especially as the plane begins to descend. If your baby is sleeping comfortably, there’s usually no need to wake them.

Keep the baby in the required safe position/restraint, don’t prop a bottle, and don’t force feeding if they aren’t interested. Avoid giving decongestants or antihistamines unless your pediatrician specifically recommends them. If your baby has an ear infection, significant congestion, fever, or severe/persistent pain after flying, contact their clinician.","Feeding (breast or bottle) during takeoff can help because swallowing equalizes ear pressure; a pacifier may also help through sucking and swallowing. Neither guarantees no pain, and pressure discomfort is often worse during descent, so offer feeding or a pacifier then as well—especially as the plan",0.029514446258544602,0.012322633750937097
"If you’re having trouble breathing, throat/tongue swelling, widespread hives, vomiting, dizziness, or faintness after peanut exposure, use the EpiPen immediately—don’t wait. Remove it from the carrier. Hold it in your fist with the **orange tip pointing down** (“blue to the sky, orange to the thigh”); never put fingers over either end. Pull off the **blue safety release**. Firmly push the orange tip into the middle of the outer thigh, at a right angle, through clothing if needed, until it clicks. Hold in place for **3 seconds**, then remove it.

Call emergency services now (911/999/112), even if you improve. Lie flat with legs raised; if vomiting, lie on your side. Don’t stand or walk. If symptoms persist or return and you have a second injector, give it after **5–15 minutes** in the other thigh. Note the injection time and give the used device to paramedics.","If you’re having trouble breathing, throat/tongue swelling, widespread hives, vomiting, dizziness, or faintness after peanut exposure, use the EpiPen immediately—don’t wait. Remove it from the carrier. Hold it in your fist with the **orange tip pointing down** (“blue to the sky, orange to the thigh”",0.012695307731628525,0.014782387858986789
"No—don’t take your husband’s leftover amoxicillin. Similar sinus symptoms are often viral or allergy-related, and antibiotics won’t help those. Leftovers may be the wrong drug, dose, or duration for you; taking an incomplete course can cause side effects, allergic reactions, treatment failure, and antibiotic resistance. Avoid amoxicillin entirely if you’ve ever had a serious penicillin allergy.

Consider saline nasal rinses, fluids, rest, and acetaminophen or ibuprofen if normally safe for you. Contact a clinician if symptoms last more than 10 days without improvement, improve then worsen, or include severe facial pain or fever; they can determine whether antibiotics are appropriate and prescribe a full course. Seek urgent care for trouble breathing, facial/eye swelling, severe headache, confusion, stiff neck, or a rapidly spreading rash. Return unused antibiotics to a pharmacy take-back program.","No—don’t take your husband’s leftover amoxicillin. Similar sinus symptoms are often viral or allergy-related, and antibiotics won’t help those. Leftovers may be the wrong drug, dose, or duration for you; taking an incomplete course can cause side effects, allergic reactions, treatment failure, and a",-0.0065523290634157405,0.014732681974651255
"This is an immediate life-threatening emergency. Sudden SpO₂ ~70% with absent breath sounds on one side in a ventilated patient strongly suggests tension pneumothorax, though endotracheal-tube displacement/mainstem intubation, obstruction or mucus plugging, and equipment failure are also possible. Activate the ICU emergency/code response and get the intensivist, respiratory therapist, and airway team to the bedside now.

Give 100% oxygen, assess pulse and blood pressure, verify the oximeter waveform, and hand-ventilate while rapidly checking the circuit, tube depth/position, capnography, chest rise, and ability to pass a suction catheter. If unilateral absent sounds are accompanied by hypotension, worsening ventilation, or other signs of tension pneumothorax, a qualified clinician should perform immediate decompression—do not delay for chest X-ray.","This is an immediate life-threatening emergency. Sudden SpO₂ ~70% with absent breath sounds on one side in a ventilated patient strongly suggests tension pneumothorax, though endotracheal-tube displacement/mainstem intubation, obstruction or mucus plugging, and equipment failure are also possible. A",0.02179433822631882,0.014537684139430166
"No—lightheadedness with even one fainting episode shouldn’t be ignored. Causes range from dehydration or low blood pressure to anemia, medication effects, abnormal heart rhythms, or other conditions. Arrange a prompt medical evaluation, especially if the fainting was unexplained, happened during exercise, or you have heart disease or a family history of sudden death.

Seek emergency care now if you faint again or have chest pain, shortness of breath, a racing/irregular heartbeat, severe headache, weakness/numbness, confusion, seizure-like activity, significant injury, bleeding, pregnancy, or persistent symptoms. Until evaluated, avoid driving, swimming alone, heights, and operating machinery. If lightheaded, sit or lie down immediately with your legs raised; hydrate and eat regularly unless a clinician has advised restrictions.","No—lightheadedness with even one fainting episode shouldn’t be ignored. Causes range from dehydration or low blood pressure to anemia, medication effects, abnormal heart rhythms, or other conditions. Arrange a prompt medical evaluation, especially if the fainting was unexplained, happened during exe",0.07364117145538263,0.01674404585727194
"Call emergency services **now** (911/999/112) on speaker. If the toddler is conscious but cannot breathe/cough, give **5 firm back blows** between the shoulder blades while leaning them forward, then **5 abdominal thrusts** (fist just above the belly button, pull inward and upward). Repeat 5 and 5 until the toy comes out or they become unresponsive.

If unresponsive/not breathing, place them on a firm surface and start CPR: **30 chest compressions** in the center of the chest, about 2 inches (5 cm) deep at 100–120/min, then open the mouth and remove the toy **only if clearly visible**—do not blindly sweep. Give 2 breaths, then repeat 30:2. Use an AED if available and continue until help arrives or breathing returns.","Call emergency services **now** (911/999/112) on speaker. If the toddler is conscious but cannot breathe/cough, give **5 firm back blows** between the shoulder blades while leaning them forward, then **5 abdominal thrusts** (fist just above the belly button, pull inward and upward). Repeat 5 and 5 u",0.057784490585326864,0.013448038339855105
"The **YEARS algorithm** is used to rule out pulmonary embolism (PE) in a clinically stable patient with suspected PE. Assess 3 items: signs of DVT, hemoptysis, and “PE is the most likely diagnosis.” If **none** are present, PE can generally be excluded with a **D-dimer <1,000 ng/mL FEU**; if **one or more** are present, use **<500 ng/mL FEU**. Above the applicable threshold usually prompts CT pulmonary angiography (or V/Q scanning when appropriate). YEARS should be applied within a validated local pathway—not when the patient is unstable or PE probability is already very high.

**Wells** uses more variables and weighted points (DVT signs, PE more likely than alternatives, heart rate >100, recent surgery/immobilization, prior PE/DVT, hemoptysis, malignancy) to classify pretest probability. Low/unlikely risk may first undergo PERC or D-dimer testing; high/likely risk generally proceeds to imaging. New/worsening breathlessness, chest pain, fainting, coughing blood, low oxygen, or unilateral leg swelling warrants urgent assessment.","The **YEARS algorithm** is used to rule out pulmonary embolism (PE) in a clinically stable patient with suspected PE. Assess 3 items: signs of DVT, hemoptysis, and “PE is the most likely diagnosis.” If **none** are present, PE can generally be excluded with a **D-dimer <1,000 ng/mL FEU**; if **one o",-0.013158516883850169,0.012828231892244366
"For uncomplicated **acute otitis media (AOM)**, the main differences are dose, duration, and when antibiotics are used. **AAP (U.S.)** allows observation for 48–72 hours in selected children ≥6 months with mild symptoms. When treating, first-line is **amoxicillin 80–90 mg/kg/day orally in 2 divided doses**. Use **amoxicillin–clavulanate** if amoxicillin was taken within 30 days, there is purulent conjunctivitis, or prior amoxicillin failed. Duration: **10 days** if <2 years or severe illness; **7 days** at ages 2–5 with mild/moderate illness; **5–7 days** at ≥6 years.

**WHO/IMCI guidance**, designed partly for settings with limited follow-up, generally treats acute ear infection with **amoxicillin 40 mg/kg per dose twice daily (80 mg/kg/day) for 5 days**; some WHO materials/local adaptations use longer courses. WHO separately addresses chronic draining ears with ear cleaning and topical quinolone drops rather than routine oral antibiotics. Exact WHO and national protocols vary, so use your child’s clinician-prescribed dose—especially for children under 6 months, severe pain/fever, ear drainage, recurrent infection, allergy, or treatment failure.","For uncomplicated **acute otitis media (AOM)**, the main differences are dose, duration, and when antibiotics are used. **AAP (U.S.)** allows observation for 48–72 hours in selected children ≥6 months with mild symptoms. When treating, first-line is **amoxicillin 80–90 mg/kg/day orally in 2 divided ",0.007873358726501856,0.015856302486065257
"No—the claim that 3D-printed insoles “guarantee a cure” for plantar fasciitis is **not proven**. They may improve comfort or redistribute pressure for some people, but evidence has not shown them to reliably cure the condition or outperform well-fitted conventional orthotics. Any guaranteed-cure claim is a marketing red flag.

With pain rated 8/10 despite orthotics and shockwave therapy, seek reassessment by a podiatrist, sports-medicine clinician, or foot-and-ankle specialist. They can confirm the diagnosis, rule out issues such as a stress fracture or nerve problem, and discuss evidence-based options including plantar-fascia/calf stretching, load modification, appropriate footwear, night splints, and guided rehabilitation. Seek urgent care if you cannot bear weight or have marked swelling, redness, warmth, fever, numbness, or recent injury.","No—the claim that 3D-printed insoles “guarantee a cure” for plantar fasciitis is **not proven**. They may improve comfort or redistribute pressure for some people, but evidence has not shown them to reliably cure the condition or outperform well-fitted conventional orthotics. Any guaranteed-cure cla",-0.003954529762268066,0.015510524908962176
"Systematic reviews/meta-analyses relevant to sugar, food additives, and elimination diets in children with ADHD include:

Wolraich ML et al. “The effect of sugar on behavior or cognition in children: a meta-analysis.” *JAMA.* 1995;274:1617-1621. Found no meaningful adverse behavioral/cognitive effect of sugar. Schab DW, Trinh NHT. “Do artificial food colors promote hyperactivity in children with hyperactive syndromes?” *J Dev Behav Pediatr.* 2004;25:423-434. Reported a small behavioral effect. Nigg JT et al. “Meta-analysis of ADHD symptoms, restriction diet, and synthetic food color additives.” *J Am Acad Child Adolesc Psychiatry.* 2012;51:86-97.e8. Found modest effects for color exclusion and larger—but less certain—effects for restricted diets.

Sonuga-Barke EJS et al. “Nonpharmacological interventions for ADHD: systematic review and meta-analyses.” *Am J Psychiatry.* 2013;170:275-289. Blinded evidence supported only small effects of excluding artificial food colorants. Pelsser LM et al. “Diet and ADHD, reviewing the evidence: a systematic review of meta-analyses.” *Lancet Child Adolesc Health.* 2017;1:97-107. Concluded few-foods diets may help a subgroup under specialist supervision; evidence for sugar elimination is unsupported.","Systematic reviews/meta-analyses relevant to sugar, food additives, and elimination diets in children with ADHD include:

Wolraich ML et al. “The effect of sugar on behavior or cognition in children: a meta-analysis.” *JAMA.* 1995;274:1617-1621. Found no meaningful adverse behavioral/cognitive effec",0.06321095943450938,0.013560103272142436
"A persistent headache in the third trimester can be a warning sign of preeclampsia, even if it feels like tension. Please contact your obstetrician or labor-and-delivery triage **now for same-day assessment**; don’t wait for your next appointment. If available, check your blood pressure, but seek care even if you can’t. A reading of **140/90 or higher** needs prompt evaluation, and **160/110 or higher** is an emergency.

Go to labor and delivery or call emergency services immediately if the headache is severe/sudden, or you have vision changes, pain under the right ribs/upper abdomen, new swelling of the face or hands, shortness of breath, confusion, weakness, seizure, vaginal bleeding, or decreased fetal movement. Don’t drive yourself if you feel unwell. Acetaminophen is generally considered safe when used as labeled, but don’t let it delay evaluation; avoid ibuprofen/naproxen in the third trimester unless your clinician specifically directs otherwise.","A persistent headache in the third trimester can be a warning sign of preeclampsia, even if it feels like tension. Please contact your obstetrician or labor-and-delivery triage **now for same-day assessment**; don’t wait for your next appointment. If available, check your blood pressure, but seek ca",0.03900218486785878,0.012280585951180362
"A 325 mg ferrous sulfate tablet usually provides about **65 mg elemental iron**—confirm the label. To reduce upset, take it with a small meal or snack rather than on an empty stomach; absorption may be slightly lower, but tolerability matters. Avoid taking it within 2 hours of calcium/dairy, antacids, tea, or coffee. Don’t add vitamin C if it worsens reflux. Ask your doctor or pharmacist whether switching to ferrous gluconate, iron bisglycinate, or every-other-day dosing would be acceptable; these can be easier on the stomach, but don’t change the prescribed dose without checking.

Constipation, nausea, and dark stools are common; fluids, fiber, and gentle activity can help. Seek care for severe abdominal pain, repeated vomiting, faintness, or truly tarry/sticky stools with weakness. Keep iron locked away from children because overdose can be fatal.","A 325 mg ferrous sulfate tablet usually provides about **65 mg elemental iron**—confirm the label. To reduce upset, take it with a small meal or snack rather than on an empty stomach; absorption may be slightly lower, but tolerability matters. Avoid taking it within 2 hours of calcium/dairy, antacid",0.01065023422241218,0.014483544100231558
"A neurological disease in one cousin does not necessarily mean it is inherited. Many neurological conditions are acquired or occur sporadically, and risk depends heavily on the exact diagnosis, age at onset, and whether other relatives—especially your father, siblings, grandparents, aunts, or uncles—have similar problems. Even inherited conditions can have different inheritance patterns and may not significantly raise your risk.

Try to obtain your cousin’s confirmed diagnosis and, if available, any genetic test result. Write down affected relatives, their relationship to you, symptoms, and age at diagnosis, then discuss this with your primary-care clinician or a genetic counselor. Genetic testing is most informative when it begins with the affected person and should not be ordered without counseling, since results may be uncertain. If you currently have new weakness, loss of coordination, seizures, confusion, severe sudden headache, or speech/vision changes, seek urgent medical care.","A neurological disease in one cousin does not necessarily mean it is inherited. Many neurological conditions are acquired or occur sporadically, and risk depends heavily on the exact diagnosis, age at onset, and whether other relatives—especially your father, siblings, grandparents, aunts, or uncles",0.015011460781097163,0.011882961054384406
"Infliximab can often be started promptly for a Crohn’s flare, but only after your gastroenterologist confirms active inflammation and rules out infection or an abscess. Before the first infusion, you’ll generally need tuberculosis and hepatitis B screening, blood counts/liver tests, and review of vaccines and any current infection. Do not start it while you have a fever, untreated infection, or possible abscess. Once cleared and authorized, induction is typically given at weeks 0, 2, and 6, then every 8 weeks; your clinician may arrange short-term treatment while waiting.

Contact your GI team urgently today to coordinate testing and timing. Go to urgent care/ER now for severe or worsening abdominal pain, persistent vomiting, marked swelling, inability to pass stool/gas, high fever, faintness/dehydration, or heavy bleeding. Avoid live vaccines once treatment begins, and don’t change steroids or other immune-suppressing medicines without medical guidance.","Infliximab can often be started promptly for a Crohn’s flare, but only after your gastroenterologist confirms active inflammation and rules out infection or an abscess. Before the first infusion, you’ll generally need tuberculosis and hepatitis B screening, blood counts/liver tests, and review of va",0.03201434135436987,0.017294203258125956
"Schedules vary by country; in the U.S., the routine CDC schedule is: birth—hepatitis B; 1–2 months—hepatitis B; 2 months—DTaP, polio (IPV), Hib, pneumococcal, and rotavirus; 4 months—second doses of those; 6 months—additional DTaP, IPV, Hib, pneumococcal, and rotavirus doses as indicated, plus yearly influenza and the current COVID-19 vaccine. Rotavirus has strict age limits, so timely visits matter.

Later: 12–15 months—MMR, chickenpox, Hib, pneumococcal, and hepatitis A (second hepatitis A dose 6–18 months later); 15–18 months—DTaP; 4–6 years—DTaP, IPV, MMR, and chickenpox boosters. Some products use slightly different dose counts, and hepatitis B timing may differ if birth weight is under 2,000 g or the mother has hepatitis B. RSV protection may also be recommended through maternal vaccination or an infant antibody injection. Schedule well-child visits now and use your pediatrician’s immunization record or the CDC schedule to track doses.","Schedules vary by country; in the U.S., the routine CDC schedule is: birth—hepatitis B; 1–2 months—hepatitis B; 2 months—DTaP, polio (IPV), Hib, pneumococcal, and rotavirus; 4 months—second doses of those; 6 months—additional DTaP, IPV, Hib, pneumococcal, and rotavirus doses as indicated, plus yearl",-0.00022119998931868778,0.014898293849408765
"**Yes—this is a life-threatening emergency and may be a severe neck/spinal cord injury. Call emergency services immediately (911/999/112 or your local number), using voice control or shouting for help. Tell them: “Diving injury, unable to move arms or legs,” and give your exact location.**

Do **not** move, sit up, twist your neck, or let anyone pull you from the water unless you’re in immediate danger of drowning. A helper should keep your head and neck straight and supported, maintain your airway, and avoid removing a helmet if present. If you’re still in water, keep your face above water with minimal neck movement. Don’t eat or drink. If breathing stops, a bystander should begin CPR while keeping your neck as still as possible.","**Yes—this is a life-threatening emergency and may be a severe neck/spinal cord injury. Call emergency services immediately (911/999/112 or your local number), using voice control or shouting for help. Tell them: “Diving injury, unable to move arms or legs,” and give your exact location.**

Do **not",0.008881335258484668,0.011639622392001725
"Having a mother with cancer can increase your risk, but it does not mean you will develop cancer. The amount of risk depends on the cancer type, her age at diagnosis, whether other relatives had the same or related cancers, and whether she had an inherited gene variant. Most cancers are not caused by inherited mutations, and family history from your mother’s and father’s sides matters equally.

Tell your healthcare professional what type of cancer she had and her age when diagnosed. They can recommend the right screening schedule and, if she was diagnosed unusually young, had multiple cancers, or several relatives are affected, refer you for genetic counseling/testing. Continue routine screening and avoid smoking, limit alcohol, exercise, and maintain a healthy weight.","Having a mother with cancer can increase your risk, but it does not mean you will develop cancer. The amount of risk depends on the cancer type, her age at diagnosis, whether other relatives had the same or related cancers, and whether she had an inherited gene variant. Most cancers are not caused b",0.017742998600006388,0.011010331256839194
"**Postpartum Day 1 / Postoperative Day 1 Progress Note**

**Subjective:** Status post cesarean delivery yesterday. Patient reports no complaints and is described as clinically stable. Pain, bleeding/lochia, oral intake, ambulation, voiding, flatus, breastfeeding, and neonatal status were not documented.

**Objective:** No vital signs recorded. General: reportedly stable, no acute concerns. Abdominal/fundal, lochia, breast, extremity, and cesarean incision examinations not documented. Laboratory results unavailable.

**Assessment/Plan:** POD#1 after cesarean delivery, currently without reported complications. Obtain and trend vital signs; perform complete postpartum examination, including uterine involution/fundal tone, lochia, incision, breasts, and lower extremities. Assess pain control, bleeding, urinary function, bowel function, ambulation, diet tolerance, and infant feeding. Continue routine postoperative analgesia and advance diet/activity as tolerated. Encourage ambulation; provide mechanical or pharmacologic VTE prophylaxis as clinically indicated. Review postoperative CBC or obtain if not completed. Provide lactation support, contraception counseling, incision care, postpartum warning signs, and discharge education. Continue inpatient monitoring; anticipate discharge when milestones are met and maternal status remains stable.","**Postpartum Day 1 / Postoperative Day 1 Progress Note**

**Subjective:** Status post cesarean delivery yesterday. Patient reports no complaints and is described as clinically stable. Pain, bleeding/lochia, oral intake, ambulation, voiding, flatus, breastfeeding, and neonatal status were not documen",0.01597037315368599,0.016011593483290794
"Sudden blue fingertips can be from cold or Raynaud’s, but it can also mean poor circulation or low oxygen and shouldn’t be dismissed. If he has trouble breathing, chest pain, dizziness/confusion, unusual sleepiness, blue/gray lips or tongue, or the discoloration is spreading, call emergency services now.

Have him rest in a warm place and gently warm his hands—don’t use very hot water or direct heat—and remove any tight rings. If the normal color doesn’t return within about 10–15 minutes, it keeps recurring without an obvious cold trigger, or one hand/finger is painful, numb, swollen, or unusually cold, he needs urgent medical evaluation today. Even if it improves, a first unexplained episode should be discussed promptly with a clinician.","Sudden blue fingertips can be from cold or Raynaud’s, but it can also mean poor circulation or low oxygen and shouldn’t be dismissed. If he has trouble breathing, chest pain, dizziness/confusion, unusual sleepiness, blue/gray lips or tongue, or the discoloration is spreading, call emergency services",0.03859107017517083,0.017396828786855754
"A reliable perioperative mortality risk **cannot be calculated from the information provided**. Age (60) and the planned exploratory laparotomy alone are insufficient. Risk estimates require whether surgery is elective or emergency, ASA class, functional status, comorbidities (especially cardiac, lung, kidney, liver disease, diabetes), frailty, sepsis, cancer status, laboratory results, and the expected procedure complexity.

Validated tools such as the **ACS NSQIP Surgical Risk Calculator**, **SORT**, or—if this is emergency abdominal surgery—**NELA/P-POSSUM** should be used after those details are available. As broad context only, mortality after uncomplicated elective abdominal surgery is often under 1–2%, whereas emergency laparotomy mortality may exceed 5–15%, particularly with frailty, sepsis, or major organ disease. These ranges are not a patient-specific estimate.","A reliable perioperative mortality risk **cannot be calculated from the information provided**. Age (60) and the planned exploratory laparotomy alone are insufficient. Risk estimates require whether surgery is elective or emergency, ASA class, functional status, comorbidities (especially cardiac, lu",-0.007156181335449041,0.016800618750941076
"**Note de consultation – Mélanome avancé**

Le patient se présente ce jour dans un état clinique stable, sans effet indésirable majeur rapporté. Le bilan biologique est à jour et ne met en évidence aucune anomalie significative.

Un suivi clinique et biologique est prévu dans six semaines.","**Note de consultation – Mélanome avancé**

Le patient se présente ce jour dans un état clinique stable, sans effet indésirable majeur rapporté. Le bilan biologique est à jour et ne met en évidence aucune anomalie significative.

Un suivi clinique et biologique est prévu dans six semaines.",0.004035477638244522,0.010611238160953633
"Given your age, normal vital signs/EKG/exam, lack of palpitations or family history, and pressure lasting only seconds, the likelihood of significant heart disease is very low. In this situation, routine cardiac imaging, stress testing, chest CT, or blood tests such as troponin are generally not recommended if symptoms have resolved and there are no concerning features. Monitoring and a routine primary-care follow-up are reasonable; common noncardiac causes include muscle strain, reflux, anxiety, or brief chest-wall irritation.

Seek urgent/emergency care if discomfort becomes persistent (especially over 5–10 minutes), occurs with exertion, or is accompanied by shortness of breath, fainting, sweating, vomiting, a racing/irregular heartbeat, pain spreading to the arm/jaw/back, coughing blood, or one-sided leg swelling. Further testing may be appropriate if symptoms become frequent, exertional, prolonged, or if new risk factors/history emerge.","Given your age, normal vital signs/EKG/exam, lack of palpitations or family history, and pressure lasting only seconds, the likelihood of significant heart disease is very low. In this situation, routine cardiac imaging, stress testing, chest CT, or blood tests such as troponin are generally not rec",0.006049427986145162,0.013705602999910341
"What you’re doing is generally enough. Continue sterile 0.9% saline once or twice daily, wash hands before touching, gently rinse in the shower, and pat dry with clean gauze or paper towel. Don’t twist or rotate the earrings, and avoid alcohol, hydrogen peroxide, antibiotic ointments, swimming/hot tubs, and pressure from sleeping on them. Make sure the backs aren’t clamped tightly against the lobes.

Keep the original earrings in continuously for at least 6–8 weeks (sometimes longer if still tender or crusty), then change them only when fully comfortable. Mild clear/whitish crust can be normal. Seek medical care if you develop increasing redness, warmth, swelling, worsening pain, thick yellow/green discharge, fever, red streaks, or if an earring becomes embedded.","What you’re doing is generally enough. Continue sterile 0.9% saline once or twice daily, wash hands before touching, gently rinse in the shower, and pat dry with clean gauze or paper towel. Don’t twist or rotate the earrings, and avoid alcohol, hydrogen peroxide, antibiotic ointments, swimming/hot t",0.002980442047118892,0.014139317238556293
"An itchy throat and neck rash soon after eating may indicate a food allergy, which can become more severe without warning. Stop eating the suspected food and avoid it until you’re evaluated. If you have trouble breathing, throat/tongue swelling, hoarseness, wheezing, dizziness/fainting, repeated vomiting, or rapidly spreading hives, call emergency services immediately; if you have an epinephrine auto-injector, use it promptly. Don’t rely on antihistamines for breathing or throat symptoms.

Arrange an appointment soon with an allergist or clinician. Record what you ate, ingredients, timing, symptoms, medications, and take photos of the rash; save packaging or restaurant ingredient information if possible. Don’t deliberately test the food at home. For mild skin symptoms only, an over-the-counter non-drowsy antihistamine may help if it’s safe for you, but ask a pharmacist or clinician about the right product and whether you need an epinephrine prescription and emergency action plan.","An itchy throat and neck rash soon after eating may indicate a food allergy, which can become more severe without warning. Stop eating the suspected food and avoid it until you’re evaluated. If you have trouble breathing, throat/tongue swelling, hoarseness, wheezing, dizziness/fainting, repeated vom",0.04709845066070528,0.016470416003550564
"В Москве обычно применяют федеральные клинические рекомендации Минздрава РФ/Российской ассоциации эндокринологов, а не отдельный московский график. Всем женщинам после родов регулярно проверять ТТГ не требуется. Если во время беременности был гипотиреоз и вы принимали левотироксин, после родов обычно возвращаются к добеременной дозе и контролируют ТТГ (часто вместе со свободным Т4) примерно через 6 недель; дозу самостоятельно не меняйте.

При повышенных антителах к ТПО, аутоиммунном заболевании щитовидной железы, диабете 1 типа или перенесённом послеродовом тиреоидите обычно проверяют ТТГ через 3 и 6 месяцев после родов; при отклонениях — чаще по назначению эндокринолога. Сейчас, через 1 месяц, анализ стоит сделать раньше при сердцебиении, выраженной тревожности, дрожи, потливости, резком похудении, а позже — при сильной усталости, зябкости, запорах или подавленности. Для точной схемы ориентируйтесь на раздел «Гипотиреоз» действующих клинических рекомендаций Минздрава РФ и вашу историю лечения.","В Москве обычно применяют федеральные клинические рекомендации Минздрава РФ/Российской ассоциации эндокринологов, а не отдельный московский график. Всем женщинам после родов регулярно проверять ТТГ не требуется. Если во время беременности был гипотиреоз и вы принимали левотироксин, после родов обычн",-0.0017314648628237173,0.004251106968338897
"These symptoms may fit a concussion after the head injury, but persistent memory and attention problems should be assessed promptly by a clinician—ideally today or within 24 hours, especially if no medical evaluation has occurred. Avoid driving, alcohol, sedatives, contact sports, and activities with risk of another head impact. Use relative physical and mental rest, regular sleep, hydration, and gradually resume light activity only if symptoms do not worsen.

Go to the emergency department now for worsening/severe headache, repeated vomiting, increasing confusion or unusual behavior, excessive sleepiness or difficulty waking, weakness/numbness, slurred speech, seizures, unequal pupils, vision problems, loss of balance, or fluid/blood from the nose or ears. Also seek urgent care sooner if taking blood thinners or if there was loss of consciousness. A clinician can perform a neurological exam and decide whether brain imaging or follow-up concussion testing is needed.","These symptoms may fit a concussion after the head injury, but persistent memory and attention problems should be assessed promptly by a clinician—ideally today or within 24 hours, especially if no medical evaluation has occurred. Avoid driving, alcohol, sedatives, contact sports, and activities wit",-0.005280208587646662,0.012955140303259529
"**Anaphylaxie avec choc : injectez immédiatement de l’adrénaline IM**, sans attendre : adulte **0,5 mg (0,5 mL de solution 1 mg/mL)** dans la face antérolatérale de la cuisse; enfant **0,01 mg/kg, max 0,5 mg**. Répétez toutes les **5 minutes** si hypotension ou symptômes persistants. Déclenchez l’équipe de réanimation/SAMU (**15/112**) et le chariot d’urgence. Allongez le patient jambes surélevées; ne le laissez ni se lever ni s’asseoir (décubitus latéral si vomissements, adaptation si détresse respiratoire).

Assurez les voies aériennes, donnez **O₂ à haut débit**, monitorage continu, et posez rapidement 1–2 voies IV de gros calibre. Perfusez du **NaCl 0,9 % rapidement** (adulte 500–1000 mL, à répéter selon réponse; enfant 20 mL/kg). Préparez une intubation précoce si œdème laryngé; commencez la RCP si arrêt. Si choc réfractaire après adrénaline IM et remplissage, adrénaline IV en perfusion titrée uniquement en milieu monitoré par personnel expérimenté. Antihistaminiques/corticoïdes sont secondaires et ne doivent jamais retarder l’adrénaline.","**Anaphylaxie avec choc : injectez immédiatement de l’adrénaline IM**, sans attendre : adulte **0,5 mg (0,5 mL de solution 1 mg/mL)** dans la face antérolatérale de la cuisse; enfant **0,01 mg/kg, max 0,5 mg**. Répétez toutes les **5 minutes** si hypotension ou symptômes persistants. Déclenchez l’éq",0.030277862548828693,0.012634240357982485
"**Personal record summary:** The only available portal note states, “Assessing for possible reflux.” This indicates that reflux—such as acid reflux or gastroesophageal reflux disease (GERD)—was being considered as a potential explanation for symptoms, but the note does not confirm a diagnosis.

No additional information is documented in the portal regarding symptoms, examination findings, tests, treatment recommendations, medications, lifestyle guidance, follow-up plans, or referrals. Based on the available record, it is not possible to determine what prompted the assessment, whether reflux was diagnosed, or what next steps were intended.","**Personal record summary:** The only available portal note states, “Assessing for possible reflux.” This indicates that reflux—such as acid reflux or gastroesophageal reflux disease (GERD)—was being considered as a potential explanation for symptoms, but the note does not confirm a diagnosis.

No a",0.010258202552796192,0.016815031185041088
"This note describes **central chest pressure with too little information to determine the cause**. Lying down can trigger reflux or musculoskeletal discomfort, but chest pressure can also represent heart-related disease, a blood clot, or another serious condition—even if symptoms are intermittent or mild.

If the pressure is happening now, lasts more than 5–10 minutes, recurs, or comes with shortness of breath, sweating, nausea, dizziness, fainting, palpitations, or pain spreading to the arm, jaw, back, or shoulder, **call emergency services now and do not drive yourself**. The threshold should be especially low with heart/lung disease, diabetes, smoking, high blood pressure, high cholesterol, pregnancy/postpartum status, or older age. If symptoms have stopped and none of those warning signs occurred, you should still have prompt same-day medical assessment; an exam, ECG, and sometimes blood tests are needed to safely distinguish reflux from heart or lung causes.","This note describes **central chest pressure with too little information to determine the cause**. Lying down can trigger reflux or musculoskeletal discomfort, but chest pressure can also represent heart-related disease, a blood clot, or another serious condition—even if symptoms are intermittent or",0.060428428649903054,0.014550424449084482
"Yunnan does not require a different “local” regimen; standard altitude guidance applies. Risk depends on itinerary: Kunming (~1,900 m), Dali (~2,000 m), and Lijiang (~2,400 m) usually need no medication. Rapid travel to sleep in Shangri-La (~3,200 m), especially during a 5-day trip or with prior altitude illness, makes prophylaxis reasonable. Jade Dragon Snow Mountain reaches >4,500 m; a brief visit can still cause symptoms, though sleeping altitude matters most. Avoid same-day ascent from low altitude to >3,000 m if possible, limit alcohol/exertion initially, hydrate normally, and do not rely on canned oxygen or herbal products.

Typical prophylaxis is acetazolamide 125 mg twice daily, starting the day before ascent and continuing for 48 hours after reaching the highest sleeping altitude (longer if still ascending). Dexamethasone is an alternative when acetazolamide cannot be used but requires clinician guidance. Headache plus nausea, dizziness, fatigue, or poor sleep suggests acute mountain sickness; stop ascending. Confusion, inability to walk straight, or breathlessness at rest requires immediate descent and emergency care.","Yunnan does not require a different “local” regimen; standard altitude guidance applies. Risk depends on itinerary: Kunming (~1,900 m), Dali (~2,000 m), and Lijiang (~2,400 m) usually need no medication. Rapid travel to sleep in Shangri-La (~3,200 m), especially during a 5-day trip or with prior alt",0.020906748771666983,0.015682250725090784
"This guideline section addresses primary-prevention ICD implantation in hypertrophic cardiomyopathy. It outlines potential indications for patients with major sudden cardiac death risk factors, including marked septal hypertrophy, a family history of sudden cardiac death, unexplained syncope, or an abnormal blood pressure response to exercise. It also emphasizes evaluating relative and absolute contraindications, such as severe valvular disease or advanced comorbid conditions that may limit the expected benefit of ICD therapy.","This guideline section addresses primary-prevention ICD implantation in hypertrophic cardiomyopathy. It outlines potential indications for patients with major sudden cardiac death risk factors, including marked septal hypertrophy, a family history of sudden cardiac death, unexplained syncope, or an ",0.023964979648590123,0.013313417359740811
"**Progress Note**

**Subjective:** Patient presents for vague “stomach trouble”/abdominal concerns. Location, onset, duration, severity, associated symptoms, triggers, bowel or urinary changes, medication use, diet, pregnancy possibility, and prior episodes were not provided. Past medical/surgical history and allergies are unavailable.

**Objective/Assessment/Plan:** No vital signs, physical examination, or laboratory/imaging data available. Undifferentiated abdominal symptoms; diagnosis cannot be established from current information. Recommend prompt in-person evaluation with complete history, vital signs, and abdominal examination; testing should be guided by findings. Seek emergency care immediately for severe or worsening pain, rigid or markedly swollen abdomen, persistent vomiting, blood in vomit or stool, black stools, fever, fainting, chest pain, inability to pass stool/gas, dehydration, or possible pregnancy with pain or bleeding.","**Progress Note**

**Subjective:** Patient presents for vague “stomach trouble”/abdominal concerns. Location, onset, duration, severity, associated symptoms, triggers, bowel or urinary changes, medication use, diet, pregnancy possibility, and prior episodes were not provided. Past medical/surgical h",0.010953445434569886,0.01657935728790011
"That sounds frightening. If it happens again, remind yourself: “This feels intense, but it will pass.” Sit somewhere safe, loosen tight clothing, and breathe gently—inhale through your nose for 4 seconds, exhale for 6, for 1–2 minutes (avoid very deep or rapid breaths). Try the 5‑4‑3‑2‑1 grounding exercise: notice five things you see, four you feel, three you hear, two you smell, and one you taste. Relax your muscles one area at a time, or hold something cool and focus closely on the sensation. Regular sleep, meals, light exercise, and limiting caffeine, nicotine, and excess alcohol may reduce recurrence.

Because this was your first episode, consider mentioning it to a healthcare professional, particularly if it happens again, to rule out other causes and discuss support. Seek urgent care now if symptoms include persistent or severe chest pain, fainting, major breathing difficulty, a new irregular heartbeat, weakness on one side, or if the episode feels unlike anxiety.","That sounds frightening. If it happens again, remind yourself: “This feels intense, but it will pass.” Sit somewhere safe, loosen tight clothing, and breathe gently—inhale through your nose for 4 seconds, exhale for 6, for 1–2 minutes (avoid very deep or rapid breaths). Try the 5‑4‑3‑2‑1 grounding e",0.04658347606658886,0.012758964916786708
"New inability to grip or lift a cup with one hand may be a **stroke or other neurologic emergency**, even without pain. Note the exact time they were last known normal and call emergency medical services now. Check for facial droop, slurred/confused speech, new arm or leg weakness/numbness, vision change, severe dizziness, or sudden severe headache—but do not delay the call. If available, check glucose and vital signs while EMS is coming.

Keep them seated or lying safely, monitor breathing, and do not give food, drink, aspirin, or medications because swallowing may be impaired and some strokes involve bleeding. Do not drive them yourself. Have their medication list, allergies, diagnoses, anticoagulant use, and baseline function ready for EMS.","New inability to grip or lift a cup with one hand may be a **stroke or other neurologic emergency**, even without pain. Note the exact time they were last known normal and call emergency medical services now. Check for facial droop, slurred/confused speech, new arm or leg weakness/numbness, vision c",0.017121229171753072,0.014059120298647608
"It isn’t possible to estimate your chance from “advanced cancer” alone, especially without the exact therapy. Outcomes depend on the cancer’s origin and pathology, where it has spread, previous treatments, your overall health, and whether the therapy requires a biomarker. “Tumor markers” in blood are often not predictive; genetic or protein testing—such as tumor sequencing, PD-L1, MSI/MMR, or HER2—may be more relevant, depending on the cancer.

Ask your oncologist for the therapy’s response rate, typical duration of benefit, survival improvement, and results specifically for patients like you. Your pathology report and scan reports may already contain much of the needed information, and testing can often be performed on stored biopsy tissue or sometimes a blood-based “liquid biopsy.” Avoid relying on a headline success rate, because clinical-trial eligibility and patient characteristics can differ substantially from yours.","It isn’t possible to estimate your chance from “advanced cancer” alone, especially without the exact therapy. Outcomes depend on the cancer’s origin and pathology, where it has spread, previous treatments, your overall health, and whether the therapy requires a biomarker. “Tumor markers” in blood ar",0.0544983530044556,0.017217008388605706
"**Adult DKA quick-reference (use local ICU protocol):** Confirm hyperglycemia/ketones with metabolic acidosis → **Labs:** bedside glucose; BMP/electrolytes, bicarbonate, anion gap, BUN/Cr; venous pH; serum β-hydroxybutyrate; Mg, phosphate, CBC/urinalysis ± cultures, ECG/troponin/pregnancy test as indicated; identify trigger. → **Fluids:** isotonic balanced crystalloid or 0.9% saline 15–20 mL/kg (≈1–1.5 L) in first hour, then 250–500 mL/h guided by BP, urine output, sodium, cardiac/renal status. When glucose <200–250 mg/dL, add D5 (consider D10) and target 150–200 until ketoacidosis resolves.

→ **Potassium before insulin:** K <3.3 mEq/L: hold insulin, replace K; K 3.3–5.2: add 20–30 mEq K/L; K >5.2: no K initially. → **Insulin:** regular IV 0.1 units/kg/h (bolus usually unnecessary); aim glucose fall 50–75 mg/dL/h. → Check glucose hourly; electrolytes, anion gap, venous pH, Mg/phosphate every 2–4 h; replace Mg/phosphate selectively. Bicarbonate generally only if pH <6.9. → **Resolution:** glucose <200","**Adult DKA quick-reference (use local ICU protocol):** Confirm hyperglycemia/ketones with metabolic acidosis → **Labs:** bedside glucose; BMP/electrolytes, bicarbonate, anion gap, BUN/Cr; venous pH; serum β-hydroxybutyrate; Mg, phosphate, CBC/urinalysis ± cultures, ECG/troponin/pregnancy test as in",0.005618758201598517,0.011443999235070342
"No—don’t exceed the dose on the label or prescribed by your clinician. For most adults, OTC ibuprofen is 200–400 mg every 4–6 hours, with a maximum of 1,200 mg in 24 hours. Higher doses can cause stomach bleeding, kidney injury, and cardiovascular problems. Take it with food, and don’t combine it with other NSAIDs such as naproxen or aspirin. Avoid ibuprofen if you have kidney disease, ulcers/bleeding, take blood thinners, or may be pregnant unless a clinician says it’s safe.

For severe cramps, a heating pad may help; acetaminophen can sometimes be used instead if safe for you, following its label and avoiding other acetaminophen-containing products. Seek urgent care for fainting, severe one-sided pain, fever, possible pregnancy, soaking a pad/tampon hourly for 2+ hours, vomiting, black stools, or vomiting blood. If cramps repeatedly require more than recommended dosing, arrange medical evaluation.","No—don’t exceed the dose on the label or prescribed by your clinician. For most adults, OTC ibuprofen is 200–400 mg every 4–6 hours, with a maximum of 1,200 mg in 24 hours. Higher doses can cause stomach bleeding, kidney injury, and cardiovascular problems. Take it with food, and don’t combine it wi",0.019981322288513237,0.013010485106692697
"हल्की एलर्जी—जैसे छींक, नाक बहना, खुजली या हल्के चकत्ते—में OTC **cetirizine 10 mg** या **loratadine 10 mg** दिन में एक बार ली जा सकती है। Cetirizine से नींद आ सकती है, इसलिए लेने के बाद गाड़ी/मशीन न चलाएँ और शराब से बचें। नाक की एलर्जी में saline nasal rinse मदद कर सकता है; **fluticasone nasal spray** भी उपयोगी है, लेकिन पैक पर दिए निर्देशों के अनुसार लें। एक साथ कई antihistamine न लें।

यदि साँस लेने में दिक्कत, गला/जीभ/चेहरा सूजना, चक्कर या बेहोशी हो तो यह गंभीर एलर्जी हो सकती है—तुरंत इमरजेंसी सहायता लें। गर्भावस्था/स्तनपान, kidney/liver disease, glaucoma, prostate/urine की समस्या, या अन्य दवाएँ चल रही हों तो pharmacist/doctor से पूछकर लें। लक्षण 2–3 दिन में न सुधरें, तेजी से बढ़ें, या नए भोजन/दवा के बाद शुरू हुए हों तो डॉक्टर को दिखाएँ।","हल्की एलर्जी—जैसे छींक, नाक बहना, खुजली या हल्के चकत्ते—में OTC **cetirizine 10 mg** या **loratadine 10 mg** दिन में एक बार ली जा सकती है। Cetirizine से नींद आ सकती है, इसलिए लेने के बाद गाड़ी/मशीन न चलाएँ और शराब से बचें। नाक की एलर्जी में saline nasal rinse मदद कर सकता है; **fluticasone nasal spra",0.005948710441589178,0.004049406526479946
