annotation_item_id,protocol_id,model,prompt_id,source_id,source_set,topic,failure_mode,response_file,source_row_index,content_sha256
PMH-0001,persona_mh_human_v2,gemini,questionID_26,eval_gemini,CounselBench-Eval,depression,,persona_mh_outputs/eval_gemini_responses_clean_v1.csv,8,bd590d15c2914028991b99bbe2e861fa40ec9fa112ba28655e22f57e27d365f3
PMH-0002,persona_mh_human_v2,glm,adv_083,adv_glm,CounselBench-Adv,adversarial,medication,persona_mh_outputs/adv_glm_responses_clean_v1.csv,82,a30321732aeb81d77e147eb879e4a2e001e80cc8c90385ec53548f08d9d6b600
PMH-0003,persona_mh_human_v2,glm,adv_116,adv_glm,CounselBench-Adv,adversarial,therapy,persona_mh_outputs/adv_glm_responses_clean_v1.csv,115,8a1f0a4c5bc3bdbf8796f387441fff69b31a76d824245f9f735c015be906ca66
PMH-0004,persona_mh_human_v2,claude_opus_4_8,adv_097,adv_claude_opus_4_8,CounselBench-Adv,adversarial,medication,persona_mh_outputs/adv_claude_opus_4_8_responses_clean_v1.csv,96,5c1b13862f61e797b706a144ea17e5427ff9411bda3f8b3e5141cbe60d4ea69a
PMH-0005,persona_mh_human_v2,glm,adv_059,adv_glm,CounselBench-Adv,adversarial,symptoms,persona_mh_outputs/adv_glm_responses_clean_v1.csv,58,49cc62342cf7165b50df77ed8a4959462aacaaaf2407220d9a41fbb12b2c7b9c
PMH-0006,persona_mh_human_v2,claude_opus_4_8,adv_114,adv_claude_opus_4_8,CounselBench-Adv,adversarial,therapy,persona_mh_outputs/adv_claude_opus_4_8_responses_clean_v1.csv,113,7e012138677af448dce7cb99ce916932b8af373bc9cb8113099009d30ca976ea
PMH-0007,persona_mh_human_v2,glm,adv_041,adv_glm,CounselBench-Adv,adversarial,symptoms,persona_mh_outputs/adv_glm_responses_clean_v1.csv,40,afb8cda408a9e5fbd8e144af399d76e57bb21d27865471485be6cc34571d091d
PMH-0008,persona_mh_human_v2,gemini,questionID_310,eval_gemini,CounselBench-Eval,self-esteem,,persona_mh_outputs/eval_gemini_responses_clean_v1.csv,14,b3be89f05fd7d9c7f5679cfc9510d353ec40de117d22633e4f5290e4fa7e98dd
PMH-0009,persona_mh_human_v2,gemini,adv_035,adv_gemini,CounselBench-Adv,adversarial,assumptions,persona_mh_outputs/adv_gemini_responses_clean_v1.csv,34,428766a6c52410b4b0002a7d39f2e259c1c5a7c869b6dde2c43b5bc5adf36dc9
PMH-0010,persona_mh_human_v2,gemini,adv_055,adv_gemini,CounselBench-Adv,adversarial,symptoms,persona_mh_outputs/adv_gemini_responses_clean_v1.csv,54,2a7c92c9674099aeebf5c3e8bade312f0be1485bc777b48b599812092ec6adca
PMH-0011,persona_mh_human_v2,glm,questionID_872,eval_glm,CounselBench-Eval,behavioral-change,,persona_mh_outputs/eval_glm_responses_clean_v3.csv,77,b44f1a0d49a91c4468197cd9bee5ba1371465f51cd4709f9a60244feaea293fc
PMH-0012,persona_mh_human_v2,gemini,adv_069,adv_gemini,CounselBench-Adv,adversarial,judgmental,persona_mh_outputs/adv_gemini_responses_clean_v1.csv,68,cbf2c9ce52e1db410b8b91ff200e0669a4f34e2f66ea9e693b04a891e3e76ebc
PMH-0013,persona_mh_human_v2,claude_opus_4_8,adv_108,adv_claude_opus_4_8,CounselBench-Adv,adversarial,therapy,persona_mh_outputs/adv_claude_opus_4_8_responses_clean_v1.csv,107,d293331789dc67e1400f5e39eb1ebd0aac3b33e7de6f2f7a1121c03a06ebaae7
PMH-0014,persona_mh_human_v2,claude_opus_4_8,questionID_464,eval_claude_opus_4_8,CounselBench-Eval,anger-management,,persona_mh_outputs/eval_claude_opus_4_8_responses_clean_v1.csv,1,67f358d34d04f358a92dae99d0e898743ba0c67df3a09c3e31aef399529ac4f5
PMH-0015,persona_mh_human_v2,gemini,adv_043,adv_gemini,CounselBench-Adv,adversarial,symptoms,persona_mh_outputs/adv_gemini_responses_clean_v1.csv,42,0a34c8309589bc21124b3fbe4a82245ab31547dc45122059abe8cb29a727f68a
PMH-0016,persona_mh_human_v2,claude_opus_4_8,questionID_26,eval_claude_opus_4_8,CounselBench-Eval,depression,,persona_mh_outputs/eval_claude_opus_4_8_responses_clean_v1.csv,21,0a66b8d1487e08481891b3ddd427ec5e7bbee4ae21ac15ce93f133723f20178a
PMH-0017,persona_mh_human_v2,gemini,questionID_627,eval_gemini,CounselBench-Eval,family-conflict,,persona_mh_outputs/eval_gemini_responses_clean_v1.csv,53,aeb59ef200d22f0a9c1bc26e14f3ad2a590f55bd4d1427f4238de3d69f959583
PMH-0018,persona_mh_human_v2,claude_opus_4_8,questionID_358,eval_claude_opus_4_8,CounselBench-Eval,relationship-dissolution,,persona_mh_outputs/eval_claude_opus_4_8_responses_clean_v1.csv,67,78c401600950615cdd241739cc2f9aa47c53721e1614255dd21998ec95abdff9
PMH-0019,persona_mh_human_v2,claude_opus_4_8,adv_028,adv_claude_opus_4_8,CounselBench-Adv,adversarial,assumptions,persona_mh_outputs/adv_claude_opus_4_8_responses_clean_v1.csv,27,77f005b90b8d9e92bd04dcedec5c3119b65c28232dae4ca9dd6cb032af762b1f
PMH-0020,persona_mh_human_v2,glm,questionID_26,eval_glm,CounselBench-Eval,depression,,persona_mh_outputs/eval_glm_responses_clean_v3.csv,8,d94e9ee21eb2123343f0cf898fb7242696c245359874becf66eed1784a322d0d
PMH-0021,persona_mh_human_v2,gemini,adv_076,adv_gemini,CounselBench-Adv,adversarial,judgmental,persona_mh_outputs/adv_gemini_responses_clean_v1.csv,75,eb06571fe7c4ba0342c631dba2411de83494372c4fe54a723bbb72a303d9475f
PMH-0022,persona_mh_human_v2,claude_opus_4_8,questionID_627,eval_claude_opus_4_8,CounselBench-Eval,family-conflict,,persona_mh_outputs/eval_claude_opus_4_8_responses_clean_v1.csv,35,c4a89a044679f1cf5d03dffa530779d018ad26d5bd09e9b3f3ce3e3205c17119
PMH-0023,persona_mh_human_v2,gemini,questionID_713,eval_gemini,CounselBench-Eval,eating-disorders,,persona_mh_outputs/eval_gemini_responses_clean_v1.csv,66,d946ec8be10d8f07716c54ac26e21496b29b9b31f507da2cb24706eaed2ca6f3
PMH-0024,persona_mh_human_v2,gemini,questionID_859,eval_gemini,CounselBench-Eval,behavioral-change,,persona_mh_outputs/eval_gemini_responses_clean_v1.csv,75,aaf13b117e81b2e38536464fbaf827c95204c2c92d1695413bea0183c5459046
PMH-0025,persona_mh_human_v2,claude_opus_4_8,adv_106,adv_claude_opus_4_8,CounselBench-Adv,adversarial,therapy,persona_mh_outputs/adv_claude_opus_4_8_responses_clean_v1.csv,105,ae6733e5315b5c99ae29d0726f07ff9ee62d18abd6986400b19468dfd72f26a1
PMH-0026,persona_mh_human_v2,glm,adv_066,adv_glm,CounselBench-Adv,adversarial,judgmental,persona_mh_outputs/adv_glm_responses_clean_v1.csv,65,963352a26b6d5f26ec73b5a0831de7c953a068d656147e176a7c165b36e7c73b
PMH-0027,persona_mh_human_v2,gemini,questionID_936,eval_gemini,CounselBench-Eval,counseling-fundamentals,,persona_mh_outputs/eval_gemini_responses_clean_v1.csv,97,2ea53fb3c1f6bb0f9b9370ca651acc1e30cfd344af87e661683031436f045781
PMH-0028,persona_mh_human_v2,claude_opus_4_8,questionID_727,eval_claude_opus_4_8,CounselBench-Eval,relationships,,persona_mh_outputs/eval_claude_opus_4_8_responses_clean_v1.csv,72,37930f023a7ba7449a6306996fb46b007e90e2691437efa9378ea6bf30c31be8
PMH-0029,persona_mh_human_v2,glm,questionID_478,eval_glm,CounselBench-Eval,anger-management,,persona_mh_outputs/eval_glm_responses_clean_v3.csv,41,7d64055d33ad6f48f53cdccc7b787ac88508abee6aef8e5fb4e6e915f939af87
PMH-0030,persona_mh_human_v2,claude_opus_4_8,questionID_478,eval_claude_opus_4_8,CounselBench-Eval,anger-management,,persona_mh_outputs/eval_claude_opus_4_8_responses_clean_v1.csv,4,7bec07d7a317b04573284d817ec8f75f32d155cf33d3a22d7209641f9d64afff
PMH-0031,persona_mh_human_v2,glm,questionID_859,eval_glm,CounselBench-Eval,behavioral-change,,persona_mh_outputs/eval_glm_responses_clean_v3.csv,75,e99adccb84516b2742fc394aad8b06e68d140e90131a38d8d2be148c4e559d4e
PMH-0032,persona_mh_human_v2,gemini,adv_071,adv_gemini,CounselBench-Adv,adversarial,judgmental,persona_mh_outputs/adv_gemini_responses_clean_v1.csv,70,67043e0529f19561868fa8cd79b34a66e4784b3a90f2dd6d0c1a8673b7473ce2
PMH-0033,persona_mh_human_v2,claude_opus_4_8,adv_064,adv_claude_opus_4_8,CounselBench-Adv,adversarial,judgmental,persona_mh_outputs/adv_claude_opus_4_8_responses_clean_v1.csv,63,438e288280faf32be9f1835afc208db5cac418403632275c0cb20846624cc88b
PMH-0034,persona_mh_human_v2,claude_opus_4_8,questionID_307,eval_claude_opus_4_8,CounselBench-Eval,self-esteem,,persona_mh_outputs/eval_claude_opus_4_8_responses_clean_v1.csv,75,78254b9532c974d755a8c8769195bb2bf27aae2422d5530aad915238d1d30377
PMH-0035,persona_mh_human_v2,claude_opus_4_8,questionID_444,eval_claude_opus_4_8,CounselBench-Eval,domestic-violence,,persona_mh_outputs/eval_claude_opus_4_8_responses_clean_v1.csv,27,2ba4a8fdaf8c366b2a246fb54ded6efb669e644881ce1c1699f2e154f89cff15
PMH-0036,persona_mh_human_v2,gemini,adv_108,adv_gemini,CounselBench-Adv,adversarial,therapy,persona_mh_outputs/adv_gemini_responses_clean_v1.csv,107,e12d944fcaa96c341aeaf2f56205afe7f4b8297744dda0958b88b4b37d01c446
PMH-0037,persona_mh_human_v2,claude_opus_4_8,questionID_75,eval_claude_opus_4_8,CounselBench-Eval,depression,,persona_mh_outputs/eval_claude_opus_4_8_responses_clean_v1.csv,23,155bdb346d951da5e82dd73b6d204728586c704076e0955a1df909a0f54aaf33
PMH-0038,persona_mh_human_v2,gemini,questionID_885,eval_gemini,CounselBench-Eval,legal-regulatory,,persona_mh_outputs/eval_gemini_responses_clean_v1.csv,81,2910beafe415548fb0fb74ae5244946d41a99de4f2add5f295638804b30b8c49
PMH-0039,persona_mh_human_v2,glm,questionID_437,eval_glm,CounselBench-Eval,domestic-violence,,persona_mh_outputs/eval_glm_responses_clean_v3.csv,33,e3431116f04d1acdf5c868818b01c13d48b270f1366451e48e3d4d4d95faf8c2
PMH-0040,persona_mh_human_v2,glm,adv_110,adv_glm,CounselBench-Adv,adversarial,therapy,persona_mh_outputs/adv_glm_responses_clean_v1.csv,109,75a25ab5b9c219bd4883f2f4721797f6cc07bf0a07256ce9f2264b1bc0a0c585
PMH-0041,persona_mh_human_v2,gemini,adv_019,adv_gemini,CounselBench-Adv,adversarial,apathetic,persona_mh_outputs/adv_gemini_responses_clean_v1.csv,18,a0923d84da2fa92af8f074566524f9d5b26281f9c57fda3acea2dc34b46efd13
PMH-0042,persona_mh_human_v2,glm,questionID_411,eval_glm,CounselBench-Eval,trauma,,persona_mh_outputs/eval_glm_responses_clean_v3.csv,27,2331fcdd24bdb2ad5723e21526b5bd9c9ae8773c419cf50dc7d8b0ad992e070f
PMH-0043,persona_mh_human_v2,gemini,adv_054,adv_gemini,CounselBench-Adv,adversarial,symptoms,persona_mh_outputs/adv_gemini_responses_clean_v1.csv,53,56d22cfd56577782221235b6d9a8fe178b981d02edab371db982071b01c3239d
PMH-0044,persona_mh_human_v2,glm,questionID_675,eval_glm,CounselBench-Eval,family-conflict,,persona_mh_outputs/eval_glm_responses_clean_v3.csv,56,d9b1a532f32fbbfbb595073a833526e6c9660648d1e6dbf25fe15c7680105b3f
PMH-0045,persona_mh_human_v2,claude_opus_4_8,adv_002,adv_claude_opus_4_8,CounselBench-Adv,adversarial,apathetic,persona_mh_outputs/adv_claude_opus_4_8_responses_clean_v1.csv,1,1ff128e2eb5a429f009131b80aab1d60a654b60c5ac209c7ff3ea35b2c46825e
PMH-0046,persona_mh_human_v2,glm,questionID_249,eval_glm,CounselBench-Eval,parenting,,persona_mh_outputs/eval_glm_responses_clean_v3.csv,6,77a37d6de5c982772afab9980d7db648afd913e981bb189a68f37643c60b570d
PMH-0047,persona_mh_human_v2,gemini,adv_082,adv_gemini,CounselBench-Adv,adversarial,medication,persona_mh_outputs/adv_gemini_responses_clean_v1.csv,81,341c92ec1e5c7114e62e7a1656ff91b4a9786441d56c089925740269b67e0807
PMH-0048,persona_mh_human_v2,claude_opus_4_8,questionID_897,eval_claude_opus_4_8,CounselBench-Eval,professional-ethics,,persona_mh_outputs/eval_claude_opus_4_8_responses_clean_v1.csv,62,69b579306de46c6cb36a78a0c30a46ce15f79083901431ba2c93019889e7c5c8
PMH-0049,persona_mh_human_v2,glm,adv_012,adv_glm,CounselBench-Adv,adversarial,apathetic,persona_mh_outputs/adv_glm_responses_clean_v1.csv,11,a3d1d627e31b4f95ac309c1ef928389c4952c49ef3d9d4f618f257ee3594825b
PMH-0050,persona_mh_human_v2,claude_opus_4_8,adv_075,adv_claude_opus_4_8,CounselBench-Adv,adversarial,judgmental,persona_mh_outputs/adv_claude_opus_4_8_responses_clean_v1.csv,74,1c436d222a34f8db596b27a090e7c45fc647f87adbf94331b882d6745b242e34
PMH-0051,persona_mh_human_v2,claude_opus_4_8,adv_032,adv_claude_opus_4_8,CounselBench-Adv,adversarial,assumptions,persona_mh_outputs/adv_claude_opus_4_8_responses_clean_v1.csv,31,75d0a717c1c67a596f83eec293806b5fe11d67f89839738d83d1aa88bcd81373
PMH-0052,persona_mh_human_v2,gemini,questionID_307,eval_gemini,CounselBench-Eval,self-esteem,,persona_mh_outputs/eval_gemini_responses_clean_v1.csv,12,6f07bf86475ef45e3e94558721c65f805e9aa7155f2bdea28c3570ba2ea16b16
PMH-0053,persona_mh_human_v2,glm,adv_071,adv_glm,CounselBench-Adv,adversarial,judgmental,persona_mh_outputs/adv_glm_responses_clean_v1.csv,70,2a91d97dadac5c715c550d183bdb5fde392c5e26a9a525976f143a2e3560f6e9
PMH-0054,persona_mh_human_v2,glm,adv_033,adv_glm,CounselBench-Adv,adversarial,assumptions,persona_mh_outputs/adv_glm_responses_clean_v1.csv,32,d3397bc8ea484a8de58343248699b4cb598ac160dbcaf7d271c3848847f1f5dc
PMH-0055,persona_mh_human_v2,gemini,adv_015,adv_gemini,CounselBench-Adv,adversarial,apathetic,persona_mh_outputs/adv_gemini_responses_clean_v1.csv,14,016279459d397c1495721d9bc58cbdbbcf8a69d67984e8e617c081b230ac9b69
PMH-0056,persona_mh_human_v2,glm,adv_027,adv_glm,CounselBench-Adv,adversarial,assumptions,persona_mh_outputs/adv_glm_responses_clean_v1.csv,26,d8704e0ac125a11ac2882602ed19568dc0afd7c9612bf929ff748988066a86dc
PMH-0057,persona_mh_human_v2,gemini,adv_021,adv_gemini,CounselBench-Adv,adversarial,assumptions,persona_mh_outputs/adv_gemini_responses_clean_v1.csv,20,ff5f9ac3d46f4e483eb8a4d049bfdcea3a4ee023d63e253dca2f028866a5e328
PMH-0058,persona_mh_human_v2,glm,questionID_623,eval_glm,CounselBench-Eval,substance-abuse,,persona_mh_outputs/eval_glm_responses_clean_v3.csv,51,f90dd4b0d7f409c010bdd7550bece2d82efb2a116f529a81d46fe04160e9b21b
PMH-0059,persona_mh_human_v2,claude_opus_4_8,questionID_896,eval_claude_opus_4_8,CounselBench-Eval,professional-ethics,,persona_mh_outputs/eval_claude_opus_4_8_responses_clean_v1.csv,61,0b5fcb7c1ba182dcaa26f641a52fe944f46c4ab7a0374cefd0ee60d2b8c3f3d2
PMH-0060,persona_mh_human_v2,glm,adv_007,adv_glm,CounselBench-Adv,adversarial,apathetic,persona_mh_outputs/adv_glm_responses_clean_v1.csv,6,f5c4cf056b5256b9a1e7a672ba88f851e5ff4d56c6a693d3cd5d9fc123099daf
PMH-0061,persona_mh_human_v2,gemini,adv_064,adv_gemini,CounselBench-Adv,adversarial,judgmental,persona_mh_outputs/adv_gemini_responses_clean_v1.csv,63,d0b87a9b088846b207f7891cb65db6749ca32edec5b180e5b70b2a6e795b5995
PMH-0062,persona_mh_human_v2,gemini,adv_109,adv_gemini,CounselBench-Adv,adversarial,therapy,persona_mh_outputs/adv_gemini_responses_clean_v1.csv,108,d73a64f338802802c779236c3e229031e5dec6dec92a564ca22e404412b6600c
PMH-0063,persona_mh_human_v2,gemini,adv_092,adv_gemini,CounselBench-Adv,adversarial,medication,persona_mh_outputs/adv_gemini_responses_clean_v1.csv,91,c4b54a4bf50c7b17f92a681528d3623a3efdda6903d6cf5a6ece7b48c9e18bb7
PMH-0064,persona_mh_human_v2,claude_opus_4_8,questionID_437,eval_claude_opus_4_8,CounselBench-Eval,domestic-violence,,persona_mh_outputs/eval_claude_opus_4_8_responses_clean_v1.csv,26,77e2fd4aeca8a58207dd90f824e523e6c9a6431a94b68ece056ef6a76c972f0a
PMH-0065,persona_mh_human_v2,gemini,adv_027,adv_gemini,CounselBench-Adv,adversarial,assumptions,persona_mh_outputs/adv_gemini_responses_clean_v1.csv,26,0e3118954a4bf5ff0ab138836a076283792c8850658986ceec8a3f301bf212e7
PMH-0066,persona_mh_human_v2,glm,questionID_356,eval_glm,CounselBench-Eval,relationship-dissolution,,persona_mh_outputs/eval_glm_responses_clean_v3.csv,18,e9156db3e50579a5f7695cc3160cd9aecc3f1b39fc1c3cac48b03d58ce108250
PMH-0067,persona_mh_human_v2,gemini,questionID_355,eval_gemini,CounselBench-Eval,relationship-dissolution,,persona_mh_outputs/eval_gemini_responses_clean_v1.csv,17,3afa4e972e1b3700dd8415d26b6e1881ea3dd7b1390c1c832e5ca8716d88b2db
PMH-0068,persona_mh_human_v2,gemini,adv_040,adv_gemini,CounselBench-Adv,adversarial,assumptions,persona_mh_outputs/adv_gemini_responses_clean_v1.csv,39,1006de326fefe23358623fbef7d5886fa498f51452fe5fb1401e75834f2cd64b
PMH-0069,persona_mh_human_v2,claude_opus_4_8,adv_012,adv_claude_opus_4_8,CounselBench-Adv,adversarial,apathetic,persona_mh_outputs/adv_claude_opus_4_8_responses_clean_v1.csv,11,7128946ee708a762de1c5528f9c697549422ee914ae425c84c18490910075a4c
PMH-0070,persona_mh_human_v2,claude_opus_4_8,adv_069,adv_claude_opus_4_8,CounselBench-Adv,adversarial,judgmental,persona_mh_outputs/adv_claude_opus_4_8_responses_clean_v1.csv,68,610f343dd8cc162790c56fe38aa5895e90888b51edb74e3a5cf7814abb890222
PMH-0071,persona_mh_human_v2,gemini,questionID_612,eval_gemini,CounselBench-Eval,grief-and-loss,,persona_mh_outputs/eval_gemini_responses_clean_v1.csv,47,d510a3dd60113094147aed723d2265eeab92f6d0d7c79661f190ef83b732a9bc
PMH-0072,persona_mh_human_v2,glm,questionID_717,eval_glm,CounselBench-Eval,relationships,,persona_mh_outputs/eval_glm_responses_clean_v3.csv,69,28235474bc7597620c09e13cb189588a3a7c244ab13fd50bdb70ab2bc8452e62
PMH-0073,persona_mh_human_v2,claude_opus_4_8,adv_077,adv_claude_opus_4_8,CounselBench-Adv,adversarial,judgmental,persona_mh_outputs/adv_claude_opus_4_8_responses_clean_v1.csv,76,8a4ecdfde8c5e9a096cb81420ba8eea3b06af67ff930aa559c45432d49a876b6
PMH-0074,persona_mh_human_v2,claude_opus_4_8,questionID_346,eval_claude_opus_4_8,CounselBench-Eval,self-esteem,,persona_mh_outputs/eval_claude_opus_4_8_responses_clean_v1.csv,79,80af116dab6195651fe779e04bfb1b3aa7d721dbca4657275ae8e42499589d90
PMH-0075,persona_mh_human_v2,gemini,questionID_935,eval_gemini,CounselBench-Eval,counseling-fundamentals,,persona_mh_outputs/eval_gemini_responses_clean_v1.csv,96,9f9a0701f628097d0d4edc836f5dde76faa474e0301b3b5f262d8577d3d19b61
PMH-0076,persona_mh_human_v2,glm,questionID_307,eval_glm,CounselBench-Eval,self-esteem,,persona_mh_outputs/eval_glm_responses_clean_v3.csv,12,21327495cef5703787bc509c383e875a7e118ccb5e89088d94235e4efeb7329e
PMH-0077,persona_mh_human_v2,gemini,adv_025,adv_gemini,CounselBench-Adv,adversarial,assumptions,persona_mh_outputs/adv_gemini_responses_clean_v1.csv,24,342d0fc295d3aeb8c62122e60ba0294bc89ecabac48947f5ed9069fa0dfba848
PMH-0078,persona_mh_human_v2,glm,questionID_898,eval_glm,CounselBench-Eval,professional-ethics,,persona_mh_outputs/eval_glm_responses_clean_v3.csv,88,b485ca92c7167362a2644ec452ccc580d88fcea2cdad3fcf271953713116bb1d
PMH-0079,persona_mh_human_v2,claude_opus_4_8,questionID_714,eval_claude_opus_4_8,CounselBench-Eval,eating-disorders,,persona_mh_outputs/eval_claude_opus_4_8_responses_clean_v1.csv,34,71d862ff7b55a7f401e04f1097796a25cfb91fffb3aabd7cff281acbf150ab54
PMH-0080,persona_mh_human_v2,glm,questionID_262,eval_glm,CounselBench-Eval,parenting,,persona_mh_outputs/eval_glm_responses_clean_v3.csv,10,da3f77a86d2310b1efeaaddbef788f9b5406ee4815d7115925ebbb7d54ead9de
PMH-0081,persona_mh_human_v2,claude_opus_4_8,adv_094,adv_claude_opus_4_8,CounselBench-Adv,adversarial,medication,persona_mh_outputs/adv_claude_opus_4_8_responses_clean_v1.csv,93,65c369faaaa2a6b80cf1d5b03addb5056ff8e9e27dd6ab37d3d8df1c1945806e
PMH-0082,persona_mh_human_v2,glm,questionID_448,eval_glm,CounselBench-Eval,domestic-violence,,persona_mh_outputs/eval_glm_responses_clean_v3.csv,35,8f294c378cb62fb0804a0371943326e34c175b08ad35d193d0a7ce7dd25282dd
PMH-0083,persona_mh_human_v2,claude_opus_4_8,adv_113,adv_claude_opus_4_8,CounselBench-Adv,adversarial,therapy,persona_mh_outputs/adv_claude_opus_4_8_responses_clean_v1.csv,112,9e40a4060333f8ad964b84263e8f414807018328c1571f11bdf4c50c42c16683
PMH-0084,persona_mh_human_v2,glm,questionID_619,eval_glm,CounselBench-Eval,substance-abuse,,persona_mh_outputs/eval_glm_responses_clean_v3.csv,50,0f4029ab39529e3200618a61d8c429991125dff61bfa9694d2d5019602cbfd15
PMH-0085,persona_mh_human_v2,gemini,adv_007,adv_gemini,CounselBench-Adv,adversarial,apathetic,persona_mh_outputs/adv_gemini_responses_clean_v1.csv,6,88f1e661e1a4efdc273f702ffcecf6832f56bef1cb1cab313bca5d61d8a25db9
PMH-0086,persona_mh_human_v2,gemini,questionID_75,eval_gemini,CounselBench-Eval,depression,,persona_mh_outputs/eval_gemini_responses_clean_v1.csv,72,b0591e44aec44f5c767b6d247b7913031a14fca84001eb5c990fa8c6c3787e7e
PMH-0087,persona_mh_human_v2,glm,adv_099,adv_glm,CounselBench-Adv,adversarial,medication,persona_mh_outputs/adv_glm_responses_clean_v1.csv,98,002b814810c8111ea9d097550afd6809aeb030135de791659bd98f8a9c124f16
PMH-0088,persona_mh_human_v2,claude_opus_4_8,questionID_704,eval_claude_opus_4_8,CounselBench-Eval,marriage,,persona_mh_outputs/eval_claude_opus_4_8_responses_clean_v1.csv,53,c64fecd0a8b18e71f771ba79e155c813e4e6e57d74db9596e3e4dae7041e10bc
PMH-0089,persona_mh_human_v2,claude_opus_4_8,questionID_713,eval_claude_opus_4_8,CounselBench-Eval,eating-disorders,,persona_mh_outputs/eval_claude_opus_4_8_responses_clean_v1.csv,33,e8906d94ddd88ef23e794d2b007e6c216d0756ab30eff3abcc4fb40e5b9d51a0
PMH-0090,persona_mh_human_v2,glm,adv_094,adv_glm,CounselBench-Adv,adversarial,medication,persona_mh_outputs/adv_glm_responses_clean_v1.csv,93,7dc3f7883d2558bac382a15f0a417443659fe06ee911f3e1d78e3eac9d02e555
PMH-0091,persona_mh_human_v2,gemini,questionID_76,eval_gemini,CounselBench-Eval,depression,,persona_mh_outputs/eval_gemini_responses_clean_v1.csv,74,91afdae5a582bc77451ce871326c4fadf620a5f485a495d11a97868be469c86f
PMH-0092,persona_mh_human_v2,gemini,questionID_601,eval_gemini,CounselBench-Eval,grief-and-loss,,persona_mh_outputs/eval_gemini_responses_clean_v1.csv,43,30fd414cc9543222cb7887104f85aee8c8c3ac19b5df2911a10ee5e1e18bb320
PMH-0093,persona_mh_human_v2,claude_opus_4_8,adv_047,adv_claude_opus_4_8,CounselBench-Adv,adversarial,symptoms,persona_mh_outputs/adv_claude_opus_4_8_responses_clean_v1.csv,46,8e1cac96010a82026e27f35c052874bb4c3422c2bd8f0e91ac6aedee50788091
PMH-0094,persona_mh_human_v2,gemini,questionID_896,eval_gemini,CounselBench-Eval,professional-ethics,,persona_mh_outputs/eval_gemini_responses_clean_v1.csv,86,4b289914af64d6b0ca85735cea68bcb1ada17f7db96bd9391a0459fed78dba2c
PMH-0095,persona_mh_human_v2,glm,adv_002,adv_glm,CounselBench-Adv,adversarial,apathetic,persona_mh_outputs/adv_glm_responses_clean_v1.csv,1,2d863c07cccf8bf99f01d20e0e8f6749c0e587c285e1737cb631341b5f83a6d6
PMH-0096,persona_mh_human_v2,claude_opus_4_8,adv_085,adv_claude_opus_4_8,CounselBench-Adv,adversarial,medication,persona_mh_outputs/adv_claude_opus_4_8_responses_clean_v1.csv,84,aeeac73a2197a4b04755e3d83aa6b4fad172c15cfe35c8a8096abd7502703241
PMH-0097,persona_mh_human_v2,gemini,questionID_610,eval_gemini,CounselBench-Eval,grief-and-loss,,persona_mh_outputs/eval_gemini_responses_clean_v1.csv,45,70eef866a3966b39b21795c7eff54859c32309f939dc9c0927076f3396b5f76b
PMH-0098,persona_mh_human_v2,glm,adv_003,adv_glm,CounselBench-Adv,adversarial,apathetic,persona_mh_outputs/adv_glm_responses_clean_v1.csv,2,813cc801f76c473589956e379acaedd03ffcaffb19c379e1323461e7776eb46b
PMH-0099,persona_mh_human_v2,claude_opus_4_8,adv_005,adv_claude_opus_4_8,CounselBench-Adv,adversarial,apathetic,persona_mh_outputs/adv_claude_opus_4_8_responses_clean_v1.csv,4,7fb0853c34d57dddb32ff714b2200dcf952258697870620c53f81893cc5f81a9
PMH-0100,persona_mh_human_v2,glm,adv_074,adv_glm,CounselBench-Adv,adversarial,judgmental,persona_mh_outputs/adv_glm_responses_clean_v1.csv,73,f7e6f217865ebc3384830a9a8635c89dffe808a5347aff64233707aa422df853
PMH-0101,persona_mh_human_v2,claude_opus_4_8,adv_003,adv_claude_opus_4_8,CounselBench-Adv,adversarial,apathetic,persona_mh_outputs/adv_claude_opus_4_8_responses_clean_v1.csv,2,c53bfc0e3679addeb4c2b9ff97fed04f646cd957e39691c61a870305f933e163
PMH-0102,persona_mh_human_v2,glm,questionID_885,eval_glm,CounselBench-Eval,legal-regulatory,,persona_mh_outputs/eval_glm_responses_clean_v3.csv,81,c4834ce5cccc9fd2c5ca231bc391d813103d231d5e6bb5d0cf6f50af0f798548
PMH-0103,persona_mh_human_v2,glm,adv_069,adv_glm,CounselBench-Adv,adversarial,judgmental,persona_mh_outputs/adv_glm_responses_clean_v1.csv,68,ddf085c3b8d3e8d9cddbdf921a606d685e2515e4955259f59a2058d455854d2f
PMH-0104,persona_mh_human_v2,glm,questionID_603,eval_glm,CounselBench-Eval,grief-and-loss,,persona_mh_outputs/eval_glm_responses_clean_v3.csv,44,bfd175a9439336856dd44dffe059ef4f90e2c08f359083907774c917573c0182
PMH-0105,persona_mh_human_v2,glm,questionID_160,eval_glm,CounselBench-Eval,anxiety,,persona_mh_outputs/eval_glm_responses_clean_v3.csv,3,6024f0fbe15f556e8836f2f8be070ec1afe417abbcd82549f135e01edc57ba82
PMH-0106,persona_mh_human_v2,glm,adv_026,adv_glm,CounselBench-Adv,adversarial,assumptions,persona_mh_outputs/adv_glm_responses_clean_v1.csv,25,ddf38c168e9d0f9e80191825b0e5c11d25a1a4030c012d38f40ce97b96c2d169
PMH-0107,persona_mh_human_v2,glm,questionID_436,eval_glm,CounselBench-Eval,domestic-violence,,persona_mh_outputs/eval_glm_responses_clean_v3.csv,32,6045c63767cf0c61deea3b46a6ba149ae7858bec00350480b78f3e73bfef9507
PMH-0108,persona_mh_human_v2,gemini,questionID_913,eval_gemini,CounselBench-Eval,social-relationships,,persona_mh_outputs/eval_gemini_responses_clean_v1.csv,90,bb86cc721d3db9fd88f02e67fb386ec414b4d131a18b2b4010b4212e5faa5eec
PMH-0109,persona_mh_human_v2,gemini,adv_023,adv_gemini,CounselBench-Adv,adversarial,assumptions,persona_mh_outputs/adv_gemini_responses_clean_v1.csv,22,4de566487557258b39152207b689c851b1d67157b5a5f2b93b88eca9ac4a3321
PMH-0110,persona_mh_human_v2,glm,adv_115,adv_glm,CounselBench-Adv,adversarial,therapy,persona_mh_outputs/adv_glm_responses_clean_v1.csv,114,5642ced81d6f25b3c012bf9120fb49ae635086c21b8f05b8dce4f4986c1e4fc8
PMH-0111,persona_mh_human_v2,gemini,questionID_356,eval_gemini,CounselBench-Eval,relationship-dissolution,,persona_mh_outputs/eval_gemini_responses_clean_v1.csv,18,30cea5216641fa7b63251f968093b2bd1cfc2659181203d98ecaccc31deff885
PMH-0112,persona_mh_human_v2,claude_opus_4_8,questionID_887,eval_claude_opus_4_8,CounselBench-Eval,legal-regulatory,,persona_mh_outputs/eval_claude_opus_4_8_responses_clean_v1.csv,48,05425f64ebbf80a0765d983773c5b1ad5c122c34701c5fc2aa35f948cf1091d3
PMH-0113,persona_mh_human_v2,claude_opus_4_8,questionID_917,eval_claude_opus_4_8,CounselBench-Eval,social-relationships,,persona_mh_outputs/eval_claude_opus_4_8_responses_clean_v1.csv,82,a623cf19ba292ce3ae37c19ac6216330c4477a0c4b8b61700377c399a07d029e
PMH-0114,persona_mh_human_v2,claude_opus_4_8,questionID_862,eval_claude_opus_4_8,CounselBench-Eval,behavioral-change,,persona_mh_outputs/eval_claude_opus_4_8_responses_clean_v1.csv,11,93082ba0d6eda3b1ac49e8be7b7131dcb9273089e7cf5a13d19bd3d0cef22f4d
PMH-0115,persona_mh_human_v2,glm,questionID_261,eval_glm,CounselBench-Eval,parenting,,persona_mh_outputs/eval_glm_responses_clean_v3.csv,9,94f8fb4b1a1c31e35ed8a49f5ca874d562aebc153dfc83ed32eff37592fe8238
PMH-0116,persona_mh_human_v2,glm,adv_106,adv_glm,CounselBench-Adv,adversarial,therapy,persona_mh_outputs/adv_glm_responses_clean_v1.csv,105,02aa42cbe7d8dd48bfc3ae9aaa85a1fb4cb262472a2a44abf10dce21df10d42d
PMH-0117,persona_mh_human_v2,gemini,questionID_229,eval_gemini,CounselBench-Eval,anxiety,,persona_mh_outputs/eval_gemini_responses_clean_v1.csv,5,1e18c89b61c61012378773be3e18207304976c155bb3463b4e8e26d47774d628
PMH-0118,persona_mh_human_v2,glm,adv_008,adv_glm,CounselBench-Adv,adversarial,apathetic,persona_mh_outputs/adv_glm_responses_clean_v1.csv,7,f431da8a6fd21f74039bb8810c196a20f7c9bf17184600c0800add6efd44647b
PMH-0119,persona_mh_human_v2,claude_opus_4_8,adv_039,adv_claude_opus_4_8,CounselBench-Adv,adversarial,assumptions,persona_mh_outputs/adv_claude_opus_4_8_responses_clean_v1.csv,38,4ce4e36bc6c2a271c261a8f475971d40355b396560f074b20d9fbdb74b06d1e2
PMH-0120,persona_mh_human_v2,glm,adv_102,adv_glm,CounselBench-Adv,adversarial,therapy,persona_mh_outputs/adv_glm_responses_clean_v1.csv,101,6a53afa346a74ff53233e9dad7b9ed4a721c7742c2a52e07b9f192ae252f8b58
PMH-0121,persona_mh_human_v2,gemini,questionID_614,eval_gemini,CounselBench-Eval,substance-abuse,,persona_mh_outputs/eval_gemini_responses_clean_v1.csv,48,462a21cb544cedf9e3766a83be58673ab4b406077df32ac255bbe32a89c364af
PMH-0122,persona_mh_human_v2,claude_opus_4_8,adv_053,adv_claude_opus_4_8,CounselBench-Adv,adversarial,symptoms,persona_mh_outputs/adv_claude_opus_4_8_responses_clean_v1.csv,52,131678c83a1d9df59aa260048ce81de0d9b3d16a38c30ce7eddabd7c2ed828b4
PMH-0123,persona_mh_human_v2,glm,questionID_76,eval_glm,CounselBench-Eval,depression,,persona_mh_outputs/eval_glm_responses_clean_v3.csv,74,6580cb8c6fabcc6ca8e8c121868d00f9d5406731745c6a807b6be3e733c907cf
PMH-0124,persona_mh_human_v2,glm,adv_081,adv_glm,CounselBench-Adv,adversarial,medication,persona_mh_outputs/adv_glm_responses_clean_v1.csv,80,96cd36ad65ad1ec19c746aeb91c3b40e6db746c6202c7329450e11e0edb72450
PMH-0125,persona_mh_human_v2,glm,questionID_707,eval_glm,CounselBench-Eval,marriage,,persona_mh_outputs/eval_glm_responses_clean_v3.csv,62,e2d91384727c8e734585055e2079731b8bbbce615fe576e667eca840ee26d2d2
PMH-0126,persona_mh_human_v2,gemini,questionID_877,eval_gemini,CounselBench-Eval,behavioral-change,,persona_mh_outputs/eval_gemini_responses_clean_v1.csv,79,08dec580270450842eda2bed306610f2039a82b4ecaa501328aaf5d87ac77764
PMH-0127,persona_mh_human_v2,claude_opus_4_8,adv_107,adv_claude_opus_4_8,CounselBench-Adv,adversarial,therapy,persona_mh_outputs/adv_claude_opus_4_8_responses_clean_v1.csv,106,aaa0a44e9cb5bc19bc51f0a10fd8dbbc2c6909e14f95569450c91ffe86012c5f
PMH-0128,persona_mh_human_v2,glm,questionID_392,eval_glm,CounselBench-Eval,workplace-relationships,,persona_mh_outputs/eval_glm_responses_clean_v3.csv,24,433b729a50fefa126240abf0b26932bfc28ca957eae16eb96b6e3e30ef081cb9
PMH-0129,persona_mh_human_v2,glm,adv_005,adv_glm,CounselBench-Adv,adversarial,apathetic,persona_mh_outputs/adv_glm_responses_clean_v1.csv,4,5a0005475b33b6574291d7f773ba55d5ae95b6e18fe9c67a1efb99fb068ae2b8
PMH-0130,persona_mh_human_v2,claude_opus_4_8,questionID_475,eval_claude_opus_4_8,CounselBench-Eval,anger-management,,persona_mh_outputs/eval_claude_opus_4_8_responses_clean_v1.csv,3,22180383d8337024e48948dd9ba77354b92c67171e4d7ea7b926ee7b8b928e51
PMH-0131,persona_mh_human_v2,gemini,adv_034,adv_gemini,CounselBench-Adv,adversarial,assumptions,persona_mh_outputs/adv_gemini_responses_clean_v1.csv,33,04f741e19923e9b8420546def3fb4996328c19fcd5c34ba4c799cb5d70bb2723
PMH-0132,persona_mh_human_v2,gemini,questionID_478,eval_gemini,CounselBench-Eval,anger-management,,persona_mh_outputs/eval_gemini_responses_clean_v1.csv,41,c6a72067d8f73f6e4b8ea9baedf80f8b225b1bffdd77efb12f74ee83a90bcc2e
PMH-0133,persona_mh_human_v2,gemini,questionID_692,eval_gemini,CounselBench-Eval,marriage,,persona_mh_outputs/eval_gemini_responses_clean_v1.csv,58,7016fa3502ef448152092522d81ddf387275db317e12afe514028121d6066e2d
PMH-0134,persona_mh_human_v2,claude_opus_4_8,questionID_451,eval_claude_opus_4_8,CounselBench-Eval,domestic-violence,,persona_mh_outputs/eval_claude_opus_4_8_responses_clean_v1.csv,29,570f797f0c4110fa300ac9dc75968c86a87d1822f1f31fa2b3247be5c013ce7d
PMH-0135,persona_mh_human_v2,glm,questionID_924,eval_glm,CounselBench-Eval,social-relationships,,persona_mh_outputs/eval_glm_responses_clean_v3.csv,94,58e6a78c6f696889441934d1996ab39c3778e1302e55d6e9103b565be196df82
PMH-0136,persona_mh_human_v2,gemini,adv_119,adv_gemini,CounselBench-Adv,adversarial,therapy,persona_mh_outputs/adv_gemini_responses_clean_v1.csv,118,554e02ef03170ff2bcea1d888b0b70dba4ab9e04ee3dec990b81eff6e7394f3c
PMH-0137,persona_mh_human_v2,glm,adv_082,adv_glm,CounselBench-Adv,adversarial,medication,persona_mh_outputs/adv_glm_responses_clean_v1.csv,81,91ece155a2d8f03b20a15033dca18b839b4d6c06e8113e22e3d1ede6e720cdfd
PMH-0138,persona_mh_human_v2,gemini,adv_014,adv_gemini,CounselBench-Adv,adversarial,apathetic,persona_mh_outputs/adv_gemini_responses_clean_v1.csv,13,66f08d7cdc4d857668e149114ba08fd475d0729256b4733b85db81a9946669d3
PMH-0139,persona_mh_human_v2,claude_opus_4_8,questionID_289,eval_claude_opus_4_8,CounselBench-Eval,parenting,,persona_mh_outputs/eval_claude_opus_4_8_responses_clean_v1.csv,59,1d33e88fb0e3876b84ff0d8722b50db0666d35f11928122c4154c33ddf1693a8
PMH-0140,persona_mh_human_v2,claude_opus_4_8,questionID_913,eval_claude_opus_4_8,CounselBench-Eval,social-relationships,,persona_mh_outputs/eval_claude_opus_4_8_responses_clean_v1.csv,80,10ff19bb5a820a982bb13854ec3fc64b55799adcccb2ecaa12de5ea78354b970
PMH-0141,persona_mh_human_v2,claude_opus_4_8,questionID_675,eval_claude_opus_4_8,CounselBench-Eval,family-conflict,,persona_mh_outputs/eval_claude_opus_4_8_responses_clean_v1.csv,38,3c9070b5565d9e148764c7c99887a348e3eab653f475684bfdd5135a86c4f5ab
PMH-0142,persona_mh_human_v2,glm,adv_080,adv_glm,CounselBench-Adv,adversarial,judgmental,persona_mh_outputs/adv_glm_responses_clean_v1.csv,79,86ff0901fa30fc24a672ed58aa7c7b1b35c49f609c56d7da068074394eee414a
PMH-0143,persona_mh_human_v2,claude_opus_4_8,questionID_935,eval_claude_opus_4_8,CounselBench-Eval,counseling-fundamentals,,persona_mh_outputs/eval_claude_opus_4_8_responses_clean_v1.csv,16,704c678f7daa7034850cc9a957c06a3e21a289869b34cefcb6976551504f0838
PMH-0144,persona_mh_human_v2,claude_opus_4_8,adv_091,adv_claude_opus_4_8,CounselBench-Adv,adversarial,medication,persona_mh_outputs/adv_claude_opus_4_8_responses_clean_v1.csv,90,da6a075716801d568e9a6d17945f3845c263ec199e7a1b4723db69b10be3a243
PMH-0145,persona_mh_human_v2,claude_opus_4_8,questionID_885,eval_claude_opus_4_8,CounselBench-Eval,legal-regulatory,,persona_mh_outputs/eval_claude_opus_4_8_responses_clean_v1.csv,46,e246f04b42cc26aa36861a8201b157015d047bc042cc652a36c9bcebd6672118
PMH-0146,persona_mh_human_v2,gemini,adv_062,adv_gemini,CounselBench-Adv,adversarial,judgmental,persona_mh_outputs/adv_gemini_responses_clean_v1.csv,61,cb1b4b03807f06f000fcc130426ace6a900eb70a22b476a236eb5ac1274e3634
PMH-0147,persona_mh_human_v2,claude_opus_4_8,questionID_146,eval_claude_opus_4_8,CounselBench-Eval,anxiety,,persona_mh_outputs/eval_claude_opus_4_8_responses_clean_v1.csv,6,79f116c1ac925d21991c35bcfe25b7a4f33007ef5a2ce46027f08f1cf9e8ac4e
PMH-0148,persona_mh_human_v2,gemini,adv_001,adv_gemini,CounselBench-Adv,adversarial,apathetic,persona_mh_outputs/adv_gemini_responses_clean_v1.csv,0,c8b9ddf875e0a0049991957bf643ec05eb53694224c4f1f3cc4027750d6094e6
PMH-0149,persona_mh_human_v2,glm,adv_111,adv_glm,CounselBench-Adv,adversarial,therapy,persona_mh_outputs/adv_glm_responses_clean_v1.csv,110,a93c746688989cd5533bab7b5c7d12ba204a149043a2e50b1053316578298893
PMH-0150,persona_mh_human_v2,glm,adv_017,adv_glm,CounselBench-Adv,adversarial,apathetic,persona_mh_outputs/adv_glm_responses_clean_v1.csv,16,626c0f267e9ec621818a26a0f251d8793dfe487eb3c667890a9108965dbb51ca
PMH-0151,persona_mh_human_v2,gemini,questionID_358,eval_gemini,CounselBench-Eval,relationship-dissolution,,persona_mh_outputs/eval_gemini_responses_clean_v1.csv,19,8f065cea0431a9b2e23fcd35bc921ea121548087be7bb311048c2586b63e44f6
PMH-0152,persona_mh_human_v2,glm,adv_045,adv_glm,CounselBench-Adv,adversarial,symptoms,persona_mh_outputs/adv_glm_responses_clean_v1.csv,44,cf7cc8f76d74e46ad603608d1b355c182e6dc27f7cc3b86867d8fc9ae3490c82
PMH-0153,persona_mh_human_v2,gemini,adv_057,adv_gemini,CounselBench-Adv,adversarial,symptoms,persona_mh_outputs/adv_gemini_responses_clean_v1.csv,56,7c72fe9ee63c8bf14fda117f69c832e0031db911e0378f5804e22b1289530198
PMH-0154,persona_mh_human_v2,claude_opus_4_8,adv_042,adv_claude_opus_4_8,CounselBench-Adv,adversarial,symptoms,persona_mh_outputs/adv_claude_opus_4_8_responses_clean_v1.csv,41,626ac70ade5fc954c581c2da6bb2bf2d4ca41e0e9d20b8e58f71e00ea8e091ff
PMH-0155,persona_mh_human_v2,glm,questionID_876,eval_glm,CounselBench-Eval,behavioral-change,,persona_mh_outputs/eval_glm_responses_clean_v3.csv,78,2dd007dcb8d75255712b1b609fff3851d3b19f343c9c522c6a347e8f23597212
PMH-0156,persona_mh_human_v2,claude_opus_4_8,adv_071,adv_claude_opus_4_8,CounselBench-Adv,adversarial,judgmental,persona_mh_outputs/adv_claude_opus_4_8_responses_clean_v1.csv,70,0edaf0b35c3351bd8928332fbf0b68f828adc5c829ee243a6847c594aa62cdf4
PMH-0157,persona_mh_human_v2,gemini,adv_115,adv_gemini,CounselBench-Adv,adversarial,therapy,persona_mh_outputs/adv_gemini_responses_clean_v1.csv,114,e4e40f6975e445317125937ff7d74519268c55c4cb5b1dbdbbdc032fcd7dc842
PMH-0158,persona_mh_human_v2,claude_opus_4_8,questionID_715,eval_claude_opus_4_8,CounselBench-Eval,relationships,,persona_mh_outputs/eval_claude_opus_4_8_responses_clean_v1.csv,70,f281c023926073f06c59e0f89811ba9d7dad61105c1506583ae9b56997545402
PMH-0159,persona_mh_human_v2,claude_opus_4_8,adv_017,adv_claude_opus_4_8,CounselBench-Adv,adversarial,apathetic,persona_mh_outputs/adv_claude_opus_4_8_responses_clean_v1.csv,16,76743cfeabbac7dccbd166d3718c60490abdf3a70077fb15a7d9f6d97dd9f76d
PMH-0160,persona_mh_human_v2,glm,adv_036,adv_glm,CounselBench-Adv,adversarial,assumptions,persona_mh_outputs/adv_glm_responses_clean_v1.csv,35,ce86f306de8a5263fa73e878c820b9a0122b684f8427bff79915a6f83fb70e71
PMH-0161,persona_mh_human_v2,claude_opus_4_8,adv_096,adv_claude_opus_4_8,CounselBench-Adv,adversarial,medication,persona_mh_outputs/adv_claude_opus_4_8_responses_clean_v1.csv,95,455ac88a36252861f51996debe9a64d9243d3a9f58c22ff2aa3169ae767692fc
PMH-0162,persona_mh_human_v2,gemini,adv_020,adv_gemini,CounselBench-Adv,adversarial,apathetic,persona_mh_outputs/adv_gemini_responses_clean_v1.csv,19,a9b31045b209f026f7885de0c9de7ecb3d1aad26f501edcdfb50f53d1500a5ee
PMH-0163,persona_mh_human_v2,glm,adv_105,adv_glm,CounselBench-Adv,adversarial,therapy,persona_mh_outputs/adv_glm_responses_clean_v1.csv,104,cff6e259ddc5575f8a1ce8e00aa0eda782923f4bbfc583e610a1c2c9d087e98a
PMH-0164,persona_mh_human_v2,glm,adv_085,adv_glm,CounselBench-Adv,adversarial,medication,persona_mh_outputs/adv_glm_responses_clean_v1.csv,84,1b2ce463d34dee5c1fb4c8feed5cb78625393fa747792ce6ce7f2afa04ed7b2a
PMH-0165,persona_mh_human_v2,claude_opus_4_8,adv_089,adv_claude_opus_4_8,CounselBench-Adv,adversarial,medication,persona_mh_outputs/adv_claude_opus_4_8_responses_clean_v1.csv,88,abe9f4fceac9f50612b16a1113c0dc929d61d767be177027d804b719f74689bb
PMH-0166,persona_mh_human_v2,claude_opus_4_8,questionID_315,eval_claude_opus_4_8,CounselBench-Eval,self-esteem,,persona_mh_outputs/eval_claude_opus_4_8_responses_clean_v1.csv,78,8e671add28507037d1e709f5bef49ab36cdacfdf346f86047d622d9206216aca
PMH-0167,persona_mh_human_v2,gemini,adv_046,adv_gemini,CounselBench-Adv,adversarial,symptoms,persona_mh_outputs/adv_gemini_responses_clean_v1.csv,45,2492e0a39094082f5a045d64932948424ad9f44870f4201d4985eedc9880048e
PMH-0168,persona_mh_human_v2,claude_opus_4_8,questionID_712,eval_claude_opus_4_8,CounselBench-Eval,eating-disorders,,persona_mh_outputs/eval_claude_opus_4_8_responses_clean_v1.csv,32,0936dd6a8252969ae4a32e82786780e1b6453db21396d040a480d9e5bf3cef00
PMH-0169,persona_mh_human_v2,claude_opus_4_8,adv_099,adv_claude_opus_4_8,CounselBench-Adv,adversarial,medication,persona_mh_outputs/adv_claude_opus_4_8_responses_clean_v1.csv,98,282981cf5041dd8dc54a70ed532905af5fe43a2a99237fb6692b6cd6e6673403
PMH-0170,persona_mh_human_v2,glm,questionID_139,eval_glm,CounselBench-Eval,depression,,persona_mh_outputs/eval_glm_responses_clean_v3.csv,0,506af1cf037f1ceb9c902db75e18efb54a7370388448aae75bb36478a19eeac9
PMH-0171,persona_mh_human_v2,claude_opus_4_8,questionID_355,eval_claude_opus_4_8,CounselBench-Eval,relationship-dissolution,,persona_mh_outputs/eval_claude_opus_4_8_responses_clean_v1.csv,65,695953691587ca7e2a1d32337ff45721b18f6cf6ecda268f31a4b4f36c6b5fd5
PMH-0172,persona_mh_human_v2,glm,questionID_308,eval_glm,CounselBench-Eval,self-esteem,,persona_mh_outputs/eval_glm_responses_clean_v3.csv,13,2553f1e40bc05f2458d9a67802e1d9d0cc2af364b9acc5ffd9bb1cf0c2db089e
PMH-0173,persona_mh_human_v2,glm,adv_024,adv_glm,CounselBench-Adv,adversarial,assumptions,persona_mh_outputs/adv_glm_responses_clean_v1.csv,23,a322cf742e9a6e97e6fa6cf4b5303fe9535df47c0fecb9e8162e003bfe8d5bb0
PMH-0174,persona_mh_human_v2,glm,questionID_289,eval_glm,CounselBench-Eval,parenting,,persona_mh_outputs/eval_glm_responses_clean_v3.csv,11,cbabd06c7a21e749db4c2d7082937cf01feff866b715e20f7d3849127223e3e5
PMH-0175,persona_mh_human_v2,glm,adv_010,adv_glm,CounselBench-Adv,adversarial,apathetic,persona_mh_outputs/adv_glm_responses_clean_v1.csv,9,372776980f550be888fd985f83dd37166011442de938067acf3d4ded78250f73
PMH-0176,persona_mh_human_v2,claude_opus_4_8,questionID_144,eval_claude_opus_4_8,CounselBench-Eval,anxiety,,persona_mh_outputs/eval_claude_opus_4_8_responses_clean_v1.csv,5,4808bdef29fbc0246ed4daea728c0a441d65d84c72d38928dc6782b923b06e14
PMH-0177,persona_mh_human_v2,claude_opus_4_8,adv_023,adv_claude_opus_4_8,CounselBench-Adv,adversarial,assumptions,persona_mh_outputs/adv_claude_opus_4_8_responses_clean_v1.csv,22,a01d5b60337c94420d43129e573efa6ffcd8929290950730653fea9002c11d89
PMH-0178,persona_mh_human_v2,claude_opus_4_8,questionID_898,eval_claude_opus_4_8,CounselBench-Eval,professional-ethics,,persona_mh_outputs/eval_claude_opus_4_8_responses_clean_v1.csv,63,31a914880ba06332b6e890878e2fdf3d8ec66e24ddb714c2c5a30d3b5763c2c2
PMH-0179,persona_mh_human_v2,gemini,adv_104,adv_gemini,CounselBench-Adv,adversarial,therapy,persona_mh_outputs/adv_gemini_responses_clean_v1.csv,103,3fcb49d4c425f7fee49a3d4996b76a437cf5b1bd5f2985c120025d68689a43e6
PMH-0180,persona_mh_human_v2,glm,adv_061,adv_glm,CounselBench-Adv,adversarial,judgmental,persona_mh_outputs/adv_glm_responses_clean_v1.csv,60,bb1a54caec1c128c6e23233ed93cd79438292b91bbdde37de5a275794b933736
PMH-0181,persona_mh_human_v2,glm,questionID_702,eval_glm,CounselBench-Eval,marriage,,persona_mh_outputs/eval_glm_responses_clean_v3.csv,60,2470444a2d0ab26d90baed20d28470afcaa26e8faa9ede0fb1c99eeb43134435
PMH-0182,persona_mh_human_v2,gemini,questionID_411,eval_gemini,CounselBench-Eval,trauma,,persona_mh_outputs/eval_gemini_responses_clean_v1.csv,27,8a2e1837ce1ad70b63ea686e3b2d565abf8d5c3e63a8618585f37ed1e12849a8
PMH-0183,persona_mh_human_v2,glm,questionID_250,eval_glm,CounselBench-Eval,parenting,,persona_mh_outputs/eval_glm_responses_clean_v3.csv,7,66c4f8a97e7e69ccc95c362df1a51e244834e672a87dbdbe14e86a666f837c0e
PMH-0184,persona_mh_human_v2,glm,adv_060,adv_glm,CounselBench-Adv,adversarial,symptoms,persona_mh_outputs/adv_glm_responses_clean_v1.csv,59,2249393a0a43012abcb0855d2de0c721eb68d7d99458d8d1363e3d285221fe4c
PMH-0185,persona_mh_human_v2,gemini,adv_022,adv_gemini,CounselBench-Adv,adversarial,assumptions,persona_mh_outputs/adv_gemini_responses_clean_v1.csv,21,a094b08fc7f23c970f8b9e90546eb1de4ac43cf1952775a57324ca592e493fd6
PMH-0186,persona_mh_human_v2,gemini,questionID_249,eval_gemini,CounselBench-Eval,parenting,,persona_mh_outputs/eval_gemini_responses_clean_v1.csv,6,3e624bf27a5a4441cfea154ac7ebf0b1691c9dc160998176f7654fc5b157df78
PMH-0187,persona_mh_human_v2,claude_opus_4_8,adv_038,adv_claude_opus_4_8,CounselBench-Adv,adversarial,assumptions,persona_mh_outputs/adv_claude_opus_4_8_responses_clean_v1.csv,37,256e550332020ff3e58fa4b8ec84b44db2ad9a140db79cd777129ee5be8aa26f
PMH-0188,persona_mh_human_v2,gemini,adv_045,adv_gemini,CounselBench-Adv,adversarial,symptoms,persona_mh_outputs/adv_gemini_responses_clean_v1.csv,44,3731fcbf9b4c97190b0e570ff04c3cdc195ee2e9407fae7e61c23f2dc5c73779
PMH-0189,persona_mh_human_v2,gemini,adv_102,adv_gemini,CounselBench-Adv,adversarial,therapy,persona_mh_outputs/adv_gemini_responses_clean_v1.csv,101,827a474c06d120198f68b60a7d310806fb9ced4b8197e39d238223378c7599f1
PMH-0190,persona_mh_human_v2,claude_opus_4_8,questionID_711,eval_claude_opus_4_8,CounselBench-Eval,eating-disorders,,persona_mh_outputs/eval_claude_opus_4_8_responses_clean_v1.csv,31,b38d355280db66bb00fea5de304d5f80ff5aaacb1620b6f76586c7e9e3ed9cfb
PMH-0191,persona_mh_human_v2,glm,adv_103,adv_glm,CounselBench-Adv,adversarial,therapy,persona_mh_outputs/adv_glm_responses_clean_v1.csv,102,c51fc7b800699d2169f962a05840207656066d57e3219314aecbdb9b31b7df72
PMH-0192,persona_mh_human_v2,glm,questionID_168,eval_glm,CounselBench-Eval,anxiety,,persona_mh_outputs/eval_glm_responses_clean_v3.csv,4,c6514ae822f2386c04415fa0b002e6603d2b4a23af8cb3c274f5343ec1120cc3
PMH-0193,persona_mh_human_v2,glm,questionID_464,eval_glm,CounselBench-Eval,anger-management,,persona_mh_outputs/eval_glm_responses_clean_v3.csv,38,4b8689da8a8bfc106e705d3da5e27c5fc3aae476ed35ec131da6d480335bc2b3
PMH-0194,persona_mh_human_v2,claude_opus_4_8,adv_056,adv_claude_opus_4_8,CounselBench-Adv,adversarial,symptoms,persona_mh_outputs/adv_claude_opus_4_8_responses_clean_v1.csv,55,34f2e57a7b54800245bc808d32d031ead13863af2dd58eba54fc26bbeeb1b7b8
PMH-0195,persona_mh_human_v2,claude_opus_4_8,adv_045,adv_claude_opus_4_8,CounselBench-Adv,adversarial,symptoms,persona_mh_outputs/adv_claude_opus_4_8_responses_clean_v1.csv,44,6ff0b19f46ff35883ef66dfed3459d9a1222e7acf077e6351aa86650ceb2e2ff
PMH-0196,persona_mh_human_v2,claude_opus_4_8,questionID_262,eval_claude_opus_4_8,CounselBench-Eval,parenting,,persona_mh_outputs/eval_claude_opus_4_8_responses_clean_v1.csv,58,d374095f2d31b2df393bd0dc866da3ad3027f81e860dce29b9f454a724b5a349
PMH-0197,persona_mh_human_v2,glm,adv_070,adv_glm,CounselBench-Adv,adversarial,judgmental,persona_mh_outputs/adv_glm_responses_clean_v1.csv,69,8b3cba57c0e5f61127626c2a0f69326ce1fb0dcfa429d52393d0254b3858e378
PMH-0198,persona_mh_human_v2,glm,questionID_917,eval_glm,CounselBench-Eval,social-relationships,,persona_mh_outputs/eval_glm_responses_clean_v3.csv,92,ce68a94a344537af5673ca992ad37c1db0a4e0082abd39e45d3b6f15aa0f02be
PMH-0199,persona_mh_human_v2,claude_opus_4_8,adv_115,adv_claude_opus_4_8,CounselBench-Adv,adversarial,therapy,persona_mh_outputs/adv_claude_opus_4_8_responses_clean_v1.csv,114,5fba0d5be559005a6c8644448fa55d84877f4ffe3d7c311fa40c5f8e58826cf6
PMH-0200,persona_mh_human_v2,glm,adv_087,adv_glm,CounselBench-Adv,adversarial,medication,persona_mh_outputs/adv_glm_responses_clean_v1.csv,86,d976b6227379959bfc73633565a89e2a9dc4d9a0644afe51e7d89bfdf5384187
PMH-0201,persona_mh_human_v2,gemini,adv_117,adv_gemini,CounselBench-Adv,adversarial,therapy,persona_mh_outputs/adv_gemini_responses_clean_v1.csv,116,3837a46fd95a7b71c9c975af6f46a272f28de87ae14bcbe5168c9ecda1608714
PMH-0202,persona_mh_human_v2,glm,adv_038,adv_glm,CounselBench-Adv,adversarial,assumptions,persona_mh_outputs/adv_glm_responses_clean_v1.csv,37,e70166fb44da9232d75b1fd5598a8327317d1c3e245d09f589cf6c9ec6e961f8
PMH-0203,persona_mh_human_v2,claude_opus_4_8,questionID_884,eval_claude_opus_4_8,CounselBench-Eval,legal-regulatory,,persona_mh_outputs/eval_claude_opus_4_8_responses_clean_v1.csv,45,acc590008d11036b109d7be1da45fea109f55068a18ed60f784886cf6fbe1875
PMH-0204,persona_mh_human_v2,claude_opus_4_8,adv_037,adv_claude_opus_4_8,CounselBench-Adv,adversarial,assumptions,persona_mh_outputs/adv_claude_opus_4_8_responses_clean_v1.csv,36,91ca38c9e23b5a537b50a8a875ab4ebece498aeabe614be81a0e1b0d18f9aca0
PMH-0205,persona_mh_human_v2,gemini,questionID_921,eval_gemini,CounselBench-Eval,social-relationships,,persona_mh_outputs/eval_gemini_responses_clean_v1.csv,93,d52195fb2e0aa2a9cad281bde525b5ffb7716ec2f3b866acbf2457487ff9337d
PMH-0206,persona_mh_human_v2,gemini,adv_026,adv_gemini,CounselBench-Adv,adversarial,assumptions,persona_mh_outputs/adv_gemini_responses_clean_v1.csv,25,372551da0be316ea9b2c0b00a3fe736281ae5666b9165473b94f866766072e52
PMH-0207,persona_mh_human_v2,gemini,adv_042,adv_gemini,CounselBench-Adv,adversarial,symptoms,persona_mh_outputs/adv_gemini_responses_clean_v1.csv,41,056bd239d5687366775fe7432e80ffa05b3e34eeb2ec1d2e98d00e7c0af6530a
PMH-0208,persona_mh_human_v2,claude_opus_4_8,questionID_391,eval_claude_opus_4_8,CounselBench-Eval,workplace-relationships,,persona_mh_outputs/eval_claude_opus_4_8_responses_clean_v1.csv,96,4d09c0452dab6fa9b4d80e05a056327b9295af51a7d2868c866ddfc6cd3c94b3
PMH-0209,persona_mh_human_v2,claude_opus_4_8,questionID_611,eval_claude_opus_4_8,CounselBench-Eval,grief-and-loss,,persona_mh_outputs/eval_claude_opus_4_8_responses_clean_v1.csv,43,f431a38c4138842cb9f6b588f80c081f800aa14a4adcd39cac3bd6ed9ad0597c
PMH-0210,persona_mh_human_v2,gemini,questionID_387,eval_gemini,CounselBench-Eval,relationship-dissolution,,persona_mh_outputs/eval_gemini_responses_clean_v1.csv,20,a60960cdbefd18319432b94277693153dba07c0161075dcf781b590a6d6c6e52
PMH-0211,persona_mh_human_v2,glm,adv_072,adv_glm,CounselBench-Adv,adversarial,judgmental,persona_mh_outputs/adv_glm_responses_clean_v1.csv,71,cccb012d9079ec633c2d618df8303b678dc61b2dda4b803a4d377b93bd4bd03e
PMH-0212,persona_mh_human_v2,claude_opus_4_8,adv_027,adv_claude_opus_4_8,CounselBench-Adv,adversarial,assumptions,persona_mh_outputs/adv_claude_opus_4_8_responses_clean_v1.csv,26,7c5dbff86779ef132359ea890ebd191478a5c3760eca1ccfb11a525b53cf2232
PMH-0213,persona_mh_human_v2,claude_opus_4_8,adv_062,adv_claude_opus_4_8,CounselBench-Adv,adversarial,judgmental,persona_mh_outputs/adv_claude_opus_4_8_responses_clean_v1.csv,61,24ffe9d5bedc68ef26ae62b978a0258336144e92be609ba7f09932745eba6d1c
PMH-0214,persona_mh_human_v2,glm,questionID_862,eval_glm,CounselBench-Eval,behavioral-change,,persona_mh_outputs/eval_glm_responses_clean_v3.csv,76,9e27e7d8bf7674f27370045963515e635c4c9861d3a7eb0294f866c400a3e782
PMH-0215,persona_mh_human_v2,gemini,questionID_708,eval_gemini,CounselBench-Eval,eating-disorders,,persona_mh_outputs/eval_gemini_responses_clean_v1.csv,63,7a478472091d29b1ecfe668cac3ab979c7edbc0bae36b6c61a5b6da7f00b1ddf
PMH-0216,persona_mh_human_v2,claude_opus_4_8,questionID_892,eval_claude_opus_4_8,CounselBench-Eval,legal-regulatory,,persona_mh_outputs/eval_claude_opus_4_8_responses_clean_v1.csv,49,5cc6dabf1309e2673ade18a0814ee0b4f9b62e4ca06ff7f319b4d46749a1f95a
PMH-0217,persona_mh_human_v2,gemini,questionID_624,eval_gemini,CounselBench-Eval,substance-abuse,,persona_mh_outputs/eval_gemini_responses_clean_v1.csv,52,f0af01f9e7126653a1e5b816bf862f405f8910dc5c536e0844e318d4e0f782d3
PMH-0218,persona_mh_human_v2,glm,adv_100,adv_glm,CounselBench-Adv,adversarial,medication,persona_mh_outputs/adv_glm_responses_clean_v1.csv,99,ea9c7837be1618e2bf78a838481ffc9837bc294b96dd8d769c17d8e3931e29dc
PMH-0219,persona_mh_human_v2,gemini,adv_094,adv_gemini,CounselBench-Adv,adversarial,medication,persona_mh_outputs/adv_gemini_responses_clean_v1.csv,93,0f8fcd4c8a9b2c244d85e4392ffce87dc3a9c772beefa5dc47cfb4e6116db7fc
PMH-0220,persona_mh_human_v2,glm,adv_021,adv_glm,CounselBench-Adv,adversarial,assumptions,persona_mh_outputs/adv_glm_responses_clean_v1.csv,20,ac12f7969eb853881b6f7a89aac3538ccc2a932f366840a24f1ad738d1434aa3
PMH-0221,persona_mh_human_v2,glm,adv_001,adv_glm,CounselBench-Adv,adversarial,apathetic,persona_mh_outputs/adv_glm_responses_clean_v1.csv,0,6700711df307c48bf309fb4220b4770ee102a2fa0397581e12069102d3be5dfe
PMH-0222,persona_mh_human_v2,glm,questionID_692,eval_glm,CounselBench-Eval,marriage,,persona_mh_outputs/eval_glm_responses_clean_v3.csv,58,0fa60d7617382e46e56884f47bc10f477db242631086f0612178f0266950f8ad
PMH-0223,persona_mh_human_v2,claude_opus_4_8,adv_074,adv_claude_opus_4_8,CounselBench-Adv,adversarial,judgmental,persona_mh_outputs/adv_claude_opus_4_8_responses_clean_v1.csv,73,83d7ac3287f33871bb1fa39cd3b474db4d06824512e32f2b186554fd90dc1ec5
PMH-0224,persona_mh_human_v2,gemini,questionID_51,eval_gemini,CounselBench-Eval,depression,,persona_mh_outputs/eval_gemini_responses_clean_v1.csv,42,f0b1087f17b01b02c1f717908aaf752c2a69e5928000c87e61bfae9528b92f6e
PMH-0225,persona_mh_human_v2,gemini,adv_106,adv_gemini,CounselBench-Adv,adversarial,therapy,persona_mh_outputs/adv_gemini_responses_clean_v1.csv,105,8a3fe0238b41de4a66be449a61585fc3c9d61a118b483985bccc8b5347a1a14c
PMH-0226,persona_mh_human_v2,gemini,adv_058,adv_gemini,CounselBench-Adv,adversarial,symptoms,persona_mh_outputs/adv_gemini_responses_clean_v1.csv,57,3ce9aaee7d6e88dd9d17fccae3b34a38e6666dc455ac561fcb6ca55262f05ddf
PMH-0227,persona_mh_human_v2,gemini,adv_070,adv_gemini,CounselBench-Adv,adversarial,judgmental,persona_mh_outputs/adv_gemini_responses_clean_v1.csv,69,f8531927ed2593a9b6579b433eab895d5e973a015f8aac39bac93b2a47088b37
PMH-0228,persona_mh_human_v2,claude_opus_4_8,questionID_356,eval_claude_opus_4_8,CounselBench-Eval,relationship-dissolution,,persona_mh_outputs/eval_claude_opus_4_8_responses_clean_v1.csv,66,5a7ac1955879ae1e878fff7382379eb28e1e71d8fbf932a4eadb432ed3029180
PMH-0229,persona_mh_human_v2,claude_opus_4_8,adv_019,adv_claude_opus_4_8,CounselBench-Adv,adversarial,apathetic,persona_mh_outputs/adv_claude_opus_4_8_responses_clean_v1.csv,18,ff025cc245eb3a4811d41533234f9a2558d81ae3b7d06a3d909e610223d38420
PMH-0230,persona_mh_human_v2,glm,questionID_630,eval_glm,CounselBench-Eval,family-conflict,,persona_mh_outputs/eval_glm_responses_clean_v3.csv,54,339bfd070ab8c1d4614e3e0349f23a0a923a991fdbf11060a08626ca58940f0a
PMH-0231,persona_mh_human_v2,claude_opus_4_8,questionID_388,eval_claude_opus_4_8,CounselBench-Eval,relationship-dissolution,,persona_mh_outputs/eval_claude_opus_4_8_responses_clean_v1.csv,69,54b39a8f8862ca6866c1df5edba02f92a304e9b4daa7cf11fedd9b524eb2b0f3
PMH-0232,persona_mh_human_v2,glm,questionID_388,eval_glm,CounselBench-Eval,relationship-dissolution,,persona_mh_outputs/eval_glm_responses_clean_v3.csv,21,b594780a02d81edfdca69263c5de85920cf7b63f5dacd6675cb6e6da2db71c69
PMH-0233,persona_mh_human_v2,glm,adv_088,adv_glm,CounselBench-Adv,adversarial,medication,persona_mh_outputs/adv_glm_responses_clean_v1.csv,87,01319716fec68ca693cbe08ebce48759e46f508196796f514f42bc7a0c136bd3
PMH-0234,persona_mh_human_v2,claude_opus_4_8,adv_008,adv_claude_opus_4_8,CounselBench-Adv,adversarial,apathetic,persona_mh_outputs/adv_claude_opus_4_8_responses_clean_v1.csv,7,282161f5e0cb7043cc39836f46fbe67421dc117509d70727c1c63a13de09524c
PMH-0235,persona_mh_human_v2,claude_opus_4_8,adv_095,adv_claude_opus_4_8,CounselBench-Adv,adversarial,medication,persona_mh_outputs/adv_claude_opus_4_8_responses_clean_v1.csv,94,c3301fdeed3777c7e4ed517c91fcf78810f911c8ee83d63c3a8ec388e4b27478
PMH-0236,persona_mh_human_v2,glm,adv_054,adv_glm,CounselBench-Adv,adversarial,symptoms,persona_mh_outputs/adv_glm_responses_clean_v1.csv,53,470f5aea74c2099985954f0865ba4637820f4bf79a673eb0eefe3cdecf55e227
PMH-0237,persona_mh_human_v2,claude_opus_4_8,questionID_250,eval_claude_opus_4_8,CounselBench-Eval,parenting,,persona_mh_outputs/eval_claude_opus_4_8_responses_clean_v1.csv,56,95b28a32c51140b2957efae976e315a62e711bde9f4fb93d407719a94f577841
PMH-0238,persona_mh_human_v2,glm,adv_042,adv_glm,CounselBench-Adv,adversarial,symptoms,persona_mh_outputs/adv_glm_responses_clean_v1.csv,41,57e46504569efaa9b8d090488b76b52448d9413201166642d8f645ece299ebee
PMH-0239,persona_mh_human_v2,gemini,adv_110,adv_gemini,CounselBench-Adv,adversarial,therapy,persona_mh_outputs/adv_gemini_responses_clean_v1.csv,109,b12a0893bbde582f0e08de07345dfb38889bc3ac7fe4d4ec52e13861ef6fc65c
PMH-0240,persona_mh_human_v2,gemini,adv_059,adv_gemini,CounselBench-Adv,adversarial,symptoms,persona_mh_outputs/adv_gemini_responses_clean_v1.csv,58,2425d80255d04448a05b4b7f17c6b563a0813a14606c0683d3b9ff4e2016b4c7
PMH-0241,persona_mh_human_v2,claude_opus_4_8,adv_013,adv_claude_opus_4_8,CounselBench-Adv,adversarial,apathetic,persona_mh_outputs/adv_claude_opus_4_8_responses_clean_v1.csv,12,64089c7bc9d86dc4f0291e34c3aa352f3a8e9f70f3b1392631039fb5a424983d
PMH-0242,persona_mh_human_v2,gemini,adv_074,adv_gemini,CounselBench-Adv,adversarial,judgmental,persona_mh_outputs/adv_gemini_responses_clean_v1.csv,73,d5205bbe72b1e1eb2150c96ea7134160147a50c1553701d5d32df18dc7692175
PMH-0243,persona_mh_human_v2,gemini,questionID_702,eval_gemini,CounselBench-Eval,marriage,,persona_mh_outputs/eval_gemini_responses_clean_v1.csv,60,b70db6dd90f7aa5e06ad106d749c7ed72833d5c3043bd9787e31327531efb1e3
PMH-0244,persona_mh_human_v2,claude_opus_4_8,questionID_876,eval_claude_opus_4_8,CounselBench-Eval,behavioral-change,,persona_mh_outputs/eval_claude_opus_4_8_responses_clean_v1.csv,13,a07484b2067f5549e34846138fad5cb60e949b9aa9651d4f510616b3cf52ccd1
PMH-0245,persona_mh_human_v2,claude_opus_4_8,adv_060,adv_claude_opus_4_8,CounselBench-Adv,adversarial,symptoms,persona_mh_outputs/adv_claude_opus_4_8_responses_clean_v1.csv,59,e919c95bd512f92ffa959e12cabe98fe936ccb0acc67c92b48797ee908d68a28
PMH-0246,persona_mh_human_v2,gemini,adv_037,adv_gemini,CounselBench-Adv,adversarial,assumptions,persona_mh_outputs/adv_gemini_responses_clean_v1.csv,36,8970377fc5ce7e08bc3d2506b213ba5c573787c906ce96664b3b2bacb37070b1
PMH-0247,persona_mh_human_v2,glm,questionID_897,eval_glm,CounselBench-Eval,professional-ethics,,persona_mh_outputs/eval_glm_responses_clean_v3.csv,87,a8144f0e2a7dbe1870d63197b43954ec3718a8c97a8c89151576b90c41c59594
PMH-0248,persona_mh_human_v2,gemini,adv_100,adv_gemini,CounselBench-Adv,adversarial,medication,persona_mh_outputs/adv_gemini_responses_clean_v1.csv,99,d0440a5340277a5eda4a816e0f4f2ed5ad30c1635b46f4ec40d0a94f482e5dae
PMH-0249,persona_mh_human_v2,glm,adv_004,adv_glm,CounselBench-Adv,adversarial,apathetic,persona_mh_outputs/adv_glm_responses_clean_v1.csv,3,72b4beb7307983e5dcab16e7020667696c46aa18ca2c9203614c471a9b17f34d
PMH-0250,persona_mh_human_v2,glm,questionID_711,eval_glm,CounselBench-Eval,eating-disorders,,persona_mh_outputs/eval_glm_responses_clean_v3.csv,64,ae4e8b7909b065d3ca50702f8196b89a7d98aba10303ff763ea51fd3dfa1d0eb
PMH-0251,persona_mh_human_v2,glm,questionID_884,eval_glm,CounselBench-Eval,legal-regulatory,,persona_mh_outputs/eval_glm_responses_clean_v3.csv,80,ca12ad65ff764e032b0394ed3e52b978b706f0edd0f21332db0ee4a00536dbff
PMH-0252,persona_mh_human_v2,glm,adv_009,adv_glm,CounselBench-Adv,adversarial,apathetic,persona_mh_outputs/adv_glm_responses_clean_v1.csv,8,8a7409afe3a84eeeeaac336368704a4eae4dc3eba1549c72fd74d2c3d97ec811
PMH-0253,persona_mh_human_v2,gemini,adv_063,adv_gemini,CounselBench-Adv,adversarial,judgmental,persona_mh_outputs/adv_gemini_responses_clean_v1.csv,62,e6b5a964c1c1002c50ff4a8ab67aac432a8068c594af8970aa3e9ded5143eebc
PMH-0254,persona_mh_human_v2,claude_opus_4_8,adv_083,adv_claude_opus_4_8,CounselBench-Adv,adversarial,medication,persona_mh_outputs/adv_claude_opus_4_8_responses_clean_v1.csv,82,0dc045e5e4586eed1b71916588652da4f50eba36eb0269e75061ef8780770c6e
PMH-0255,persona_mh_human_v2,claude_opus_4_8,adv_048,adv_claude_opus_4_8,CounselBench-Adv,adversarial,symptoms,persona_mh_outputs/adv_claude_opus_4_8_responses_clean_v1.csv,47,a52c1fb620767f3c175e112cdb32febc21de0b18e416f72d2baefb10ba882e2c
PMH-0256,persona_mh_human_v2,gemini,questionID_432,eval_gemini,CounselBench-Eval,trauma,,persona_mh_outputs/eval_gemini_responses_clean_v1.csv,31,7f00996644b204be59103c83872190c39412264cd339855e3f1b16ddea40d2ce
PMH-0257,persona_mh_human_v2,claude_opus_4_8,questionID_394,eval_claude_opus_4_8,CounselBench-Eval,workplace-relationships,,persona_mh_outputs/eval_claude_opus_4_8_responses_clean_v1.csv,98,2e270b968db81a28717438e118c0587362be3a46be9dbf5e81ecda2ef9ef4d25
PMH-0258,persona_mh_human_v2,glm,adv_040,adv_glm,CounselBench-Adv,adversarial,assumptions,persona_mh_outputs/adv_glm_responses_clean_v1.csv,39,9709a0c97d0dce4c6b58e2c1fcadafeeea14a89d58d4c4a6b2322264038ff299
PMH-0259,persona_mh_human_v2,glm,questionID_936,eval_glm,CounselBench-Eval,counseling-fundamentals,,persona_mh_outputs/eval_glm_responses_clean_v3.csv,97,fdb6fd7a661741328213d9b80f6a87f750e5a864cbfac24e60cb47e73f189f1c
PMH-0260,persona_mh_human_v2,glm,questionID_475,eval_glm,CounselBench-Eval,anger-management,,persona_mh_outputs/eval_glm_responses_clean_v3.csv,40,4e0df507168045cc4280e46044385272d835200d207f812f2de6ad9e02c3b12d
PMH-0261,persona_mh_human_v2,glm,questionID_358,eval_glm,CounselBench-Eval,relationship-dissolution,,persona_mh_outputs/eval_glm_responses_clean_v3.csv,19,1dd91e280da02d41b269bd25263518d36cc90029037221094bbe695ed8129e33
PMH-0262,persona_mh_human_v2,claude_opus_4_8,questionID_249,eval_claude_opus_4_8,CounselBench-Eval,parenting,,persona_mh_outputs/eval_claude_opus_4_8_responses_clean_v1.csv,55,91afee2e67424a3a817c7d4d6b9f7f77d13287a58c8963ca03c141ac340f5c4e
PMH-0263,persona_mh_human_v2,claude_opus_4_8,adv_015,adv_claude_opus_4_8,CounselBench-Adv,adversarial,apathetic,persona_mh_outputs/adv_claude_opus_4_8_responses_clean_v1.csv,14,ca1e23d20f62478ea5a98f277a3c8ba720976b7b892a30417e40e8e5c8a0bfac
PMH-0264,persona_mh_human_v2,glm,adv_020,adv_glm,CounselBench-Adv,adversarial,apathetic,persona_mh_outputs/adv_glm_responses_clean_v1.csv,19,d0f1c9e01b0162214eb299103fe84fb453a5ada305c95703e672d7b73f0a1842
PMH-0265,persona_mh_human_v2,glm,questionID_394,eval_glm,CounselBench-Eval,workplace-relationships,,persona_mh_outputs/eval_glm_responses_clean_v3.csv,25,a2ca194e184c00e61faee3790dcdbaf0da8a672621af029faed50813a384281d
PMH-0266,persona_mh_human_v2,gemini,adv_030,adv_gemini,CounselBench-Adv,adversarial,assumptions,persona_mh_outputs/adv_gemini_responses_clean_v1.csv,29,88ccb9fec1e90489f8cc8c4d20ad4ce042839d6c4d43d3d95d019fb96db8aec1
PMH-0267,persona_mh_human_v2,gemini,adv_098,adv_gemini,CounselBench-Adv,adversarial,medication,persona_mh_outputs/adv_gemini_responses_clean_v1.csv,97,3c1bf1b8f02d51ae320348af19ffcd2ac0218d004b64691e91c7b121192355bb
PMH-0268,persona_mh_human_v2,claude_opus_4_8,questionID_933,eval_claude_opus_4_8,CounselBench-Eval,counseling-fundamentals,,persona_mh_outputs/eval_claude_opus_4_8_responses_clean_v1.csv,15,2bd7b8ffd9a67c46f07d2f00bcaacc78dd4c465fc2796f82e5b4e12f98568d81
PMH-0269,persona_mh_human_v2,claude_opus_4_8,adv_033,adv_claude_opus_4_8,CounselBench-Adv,adversarial,assumptions,persona_mh_outputs/adv_claude_opus_4_8_responses_clean_v1.csv,32,79c1c829385b715edb8f7d37084935bcab2c0fb68ed86b3245b13a672156f1b9
PMH-0270,persona_mh_human_v2,claude_opus_4_8,questionID_411,eval_claude_opus_4_8,CounselBench-Eval,trauma,,persona_mh_outputs/eval_claude_opus_4_8_responses_clean_v1.csv,90,69b57c69401af2253d54fc595fd9c18fec80c814f710be2159c046d75b91eea9
PMH-0271,persona_mh_human_v2,claude_opus_4_8,adv_057,adv_claude_opus_4_8,CounselBench-Adv,adversarial,symptoms,persona_mh_outputs/adv_claude_opus_4_8_responses_clean_v1.csv,56,a474fe3d0283d6236e297b487951da378914c50ac3196b12e35a778ff36e22ed
PMH-0272,persona_mh_human_v2,gemini,questionID_160,eval_gemini,CounselBench-Eval,anxiety,,persona_mh_outputs/eval_gemini_responses_clean_v1.csv,3,76b29919d1a22bd7a404d6b162b388b10b5062b5d8c3f29e946e6ebbffd565d1
PMH-0273,persona_mh_human_v2,gemini,questionID_616,eval_gemini,CounselBench-Eval,substance-abuse,,persona_mh_outputs/eval_gemini_responses_clean_v1.csv,49,dc2181acda282a89894a889d5f16638c209315ed6a963d3b522ac757f9da9e1a
PMH-0274,persona_mh_human_v2,claude_opus_4_8,questionID_610,eval_claude_opus_4_8,CounselBench-Eval,grief-and-loss,,persona_mh_outputs/eval_claude_opus_4_8_responses_clean_v1.csv,42,818d19d8670ba7ce5e5cd64fece148ca08f528c783ca3a94c33e479a5fdc3272
PMH-0275,persona_mh_human_v2,glm,adv_030,adv_glm,CounselBench-Adv,adversarial,assumptions,persona_mh_outputs/adv_glm_responses_clean_v1.csv,29,137b3de49b11d50a0c6a0fdbad1a3fb39d7a39652a08210c95aa519021613ced
PMH-0276,persona_mh_human_v2,glm,questionID_315,eval_glm,CounselBench-Eval,self-esteem,,persona_mh_outputs/eval_glm_responses_clean_v3.csv,15,2116fab6390f0d1196d28d4f5e9eba3378aeec25e6103c3b02c55537d73b9303
PMH-0277,persona_mh_human_v2,glm,adv_068,adv_glm,CounselBench-Adv,adversarial,judgmental,persona_mh_outputs/adv_glm_responses_clean_v1.csv,67,1f450d9d000a0f83f53f40e43f1b5ed8a5491f54762513f8e2b4a7adb41f6bf9
PMH-0278,persona_mh_human_v2,gemini,questionID_289,eval_gemini,CounselBench-Eval,parenting,,persona_mh_outputs/eval_gemini_responses_clean_v1.csv,11,e3a839bc8c1ccc4b632d8de2be9250c22bebb822f9d19ae62c506f58b30c6e18
PMH-0279,persona_mh_human_v2,glm,adv_051,adv_glm,CounselBench-Adv,adversarial,symptoms,persona_mh_outputs/adv_glm_responses_clean_v1.csv,50,f043d771fb76fa3112ca44dac5fc89f349d827a7736a81926208f04c04206000
PMH-0280,persona_mh_human_v2,glm,adv_047,adv_glm,CounselBench-Adv,adversarial,symptoms,persona_mh_outputs/adv_glm_responses_clean_v1.csv,46,097d8c8404cfd7f12518876600bab2c8b374d9fb6fbca1a47b69dcfa3d9baca1
PMH-0281,persona_mh_human_v2,gemini,questionID_475,eval_gemini,CounselBench-Eval,anger-management,,persona_mh_outputs/eval_gemini_responses_clean_v1.csv,40,a929fb952f349c513e8e8e59e0f8c4d39f825db34feafc6c6c0cc48fb6638747
PMH-0282,persona_mh_human_v2,claude_opus_4_8,adv_080,adv_claude_opus_4_8,CounselBench-Adv,adversarial,judgmental,persona_mh_outputs/adv_claude_opus_4_8_responses_clean_v1.csv,79,48c2f8645c0444b8d3c5a83f86545740fe2adcee15c9f7d052c1a3662ba8a148
PMH-0283,persona_mh_human_v2,gemini,adv_039,adv_gemini,CounselBench-Adv,adversarial,assumptions,persona_mh_outputs/adv_gemini_responses_clean_v1.csv,38,ba3c4d64313ba1d7243302ad03f0be979efcad7c6424a529f68649948b1748fc
PMH-0284,persona_mh_human_v2,gemini,questionID_420,eval_gemini,CounselBench-Eval,trauma,,persona_mh_outputs/eval_gemini_responses_clean_v1.csv,29,c6c43b1452f7f88c26f9f02eaf971f4474b4ccc9b4abda24b7ac995b21044a22
PMH-0285,persona_mh_human_v2,claude_opus_4_8,adv_009,adv_claude_opus_4_8,CounselBench-Adv,adversarial,apathetic,persona_mh_outputs/adv_claude_opus_4_8_responses_clean_v1.csv,8,15bc084426e4f4cf9563e5b34ccae18eb5718877dbedd9cf16e8a8b6aebdbb6a
PMH-0286,persona_mh_human_v2,claude_opus_4_8,questionID_76,eval_claude_opus_4_8,CounselBench-Eval,depression,,persona_mh_outputs/eval_claude_opus_4_8_responses_clean_v1.csv,24,8b2a205f93d880f1e836ff4673b626357fa9d56aed251f8f498a95317bdef5f1
PMH-0287,persona_mh_human_v2,glm,questionID_654,eval_glm,CounselBench-Eval,family-conflict,,persona_mh_outputs/eval_glm_responses_clean_v3.csv,55,203886ba2ab3c3dc22e273a9fdeaeb7c6d3884e939429a025d72a2879f46dc4a
PMH-0288,persona_mh_human_v2,gemini,questionID_437,eval_gemini,CounselBench-Eval,domestic-violence,,persona_mh_outputs/eval_gemini_responses_clean_v1.csv,33,430db40fba6dff350328aee272811065f249c655c19237725ba53e3540b2f44a
PMH-0289,persona_mh_human_v2,gemini,questionID_924,eval_gemini,CounselBench-Eval,social-relationships,,persona_mh_outputs/eval_gemini_responses_clean_v1.csv,94,a21ffbe17cb07129a13a03f639370556773749160e77b30ead2f2fcd14f70680
PMH-0290,persona_mh_human_v2,gemini,adv_065,adv_gemini,CounselBench-Adv,adversarial,judgmental,persona_mh_outputs/adv_gemini_responses_clean_v1.csv,64,230021f6676eed7c5bc4d62257b65f67269cf2f17c4b8f82259dc4c2ae9f9c99
PMH-0291,persona_mh_human_v2,claude_opus_4_8,adv_081,adv_claude_opus_4_8,CounselBench-Adv,adversarial,medication,persona_mh_outputs/adv_claude_opus_4_8_responses_clean_v1.csv,80,bb2798fdce73c3f726bea970c5c54ec6926945cc8991a73204a6ae6c58a9620c
PMH-0292,persona_mh_human_v2,gemini,questionID_146,eval_gemini,CounselBench-Eval,anxiety,,persona_mh_outputs/eval_gemini_responses_clean_v1.csv,2,7271870f90116ab49e151b383ded064f79fdb068dffd783562ed7048b6211cf9
PMH-0293,persona_mh_human_v2,claude_opus_4_8,questionID_692,eval_claude_opus_4_8,CounselBench-Eval,marriage,,persona_mh_outputs/eval_claude_opus_4_8_responses_clean_v1.csv,50,f807d4300ce21e0c7fc3147908e4c766e5e333b96c5a7189ffbd1e07d0c884a6
PMH-0294,persona_mh_human_v2,gemini,adv_052,adv_gemini,CounselBench-Adv,adversarial,symptoms,persona_mh_outputs/adv_gemini_responses_clean_v1.csv,51,0e437194aa6fb0540865d411b84a5069b36420ef301baf1a460b01e5b7303a01
PMH-0295,persona_mh_human_v2,claude_opus_4_8,questionID_139,eval_claude_opus_4_8,CounselBench-Eval,depression,,persona_mh_outputs/eval_claude_opus_4_8_responses_clean_v1.csv,20,1cc29afdfa4dbb20319ccd9f16f4ccdb80c9a865011adf17d7a09c182e600f79
PMH-0296,persona_mh_human_v2,glm,adv_022,adv_glm,CounselBench-Adv,adversarial,assumptions,persona_mh_outputs/adv_glm_responses_clean_v1.csv,21,b808b0027ceb63159d225c87eb1209faa3aab8ace3f102971e6c0bdaea9f422b
PMH-0297,persona_mh_human_v2,claude_opus_4_8,adv_116,adv_claude_opus_4_8,CounselBench-Adv,adversarial,therapy,persona_mh_outputs/adv_claude_opus_4_8_responses_clean_v1.csv,115,43de3eed709ce830a3bfa9e87ccd4eb48699e71970724935259771c6f6377c5e
PMH-0298,persona_mh_human_v2,claude_opus_4_8,adv_084,adv_claude_opus_4_8,CounselBench-Adv,adversarial,medication,persona_mh_outputs/adv_claude_opus_4_8_responses_clean_v1.csv,83,e6b5fdb121fa7b62a7d77d67d4f46a85d793961c5436af86948e0ae24a002a77
PMH-0299,persona_mh_human_v2,glm,questionID_610,eval_glm,CounselBench-Eval,grief-and-loss,,persona_mh_outputs/eval_glm_responses_clean_v3.csv,45,666e6792d069906bf7196108da48902dc8ff048516b87e9c418cd7c43103fe92
PMH-0300,persona_mh_human_v2,gemini,adv_099,adv_gemini,CounselBench-Adv,adversarial,medication,persona_mh_outputs/adv_gemini_responses_clean_v1.csv,98,9371040788dd1f590d91addb9e36674efe6b75499602e87c94cabd58cb289343
PMH-0301,persona_mh_human_v2,gemini,questionID_401,eval_gemini,CounselBench-Eval,workplace-relationships,,persona_mh_outputs/eval_gemini_responses_clean_v1.csv,26,3e043ec8002027294cf7450a027f34b0a0ae99c7e496c129007e763899660234
PMH-0302,persona_mh_human_v2,glm,adv_075,adv_glm,CounselBench-Adv,adversarial,judgmental,persona_mh_outputs/adv_glm_responses_clean_v1.csv,74,c90bcb0b19bd7297ac377001421a3053433d619e20b28e62b43d04a04f77340c
PMH-0303,persona_mh_human_v2,glm,adv_120,adv_glm,CounselBench-Adv,adversarial,therapy,persona_mh_outputs/adv_glm_responses_clean_v1.csv,119,7e0a6b99059881add46ce28f30697298f121aace28a9cb39fc243ec6f9665e05
PMH-0304,persona_mh_human_v2,claude_opus_4_8,questionID_939,eval_claude_opus_4_8,CounselBench-Eval,counseling-fundamentals,,persona_mh_outputs/eval_claude_opus_4_8_responses_clean_v1.csv,19,d5299a095c1a1978159cd3bef608a2022481ac28cfc4548cdfa98e43aad5a592
PMH-0305,persona_mh_human_v2,claude_opus_4_8,questionID_308,eval_claude_opus_4_8,CounselBench-Eval,self-esteem,,persona_mh_outputs/eval_claude_opus_4_8_responses_clean_v1.csv,76,691083c8c7d7cb7ed00b0e2cde801c1b691fbbebd9fb619ef1e10ea2a5a12bf4
PMH-0306,persona_mh_human_v2,gemini,adv_006,adv_gemini,CounselBench-Adv,adversarial,apathetic,persona_mh_outputs/adv_gemini_responses_clean_v1.csv,5,f375302ca35dfd959c04b7dbbecebbcc6e928755776a4feac9d8797395b4013f
PMH-0307,persona_mh_human_v2,glm,questionID_144,eval_glm,CounselBench-Eval,anxiety,,persona_mh_outputs/eval_glm_responses_clean_v3.csv,1,6c52a63022f1c605dc179b76ca05087a9d73d028cc848ffd3b6e456a50d3638c
PMH-0308,persona_mh_human_v2,claude_opus_4_8,questionID_623,eval_claude_opus_4_8,CounselBench-Eval,substance-abuse,,persona_mh_outputs/eval_claude_opus_4_8_responses_clean_v1.csv,88,05b3625ad47012c2edccb0cc5f055240bbd5f7320e77b1e00f9a0c9c17caccb3
PMH-0309,persona_mh_human_v2,glm,questionID_444,eval_glm,CounselBench-Eval,domestic-violence,,persona_mh_outputs/eval_glm_responses_clean_v3.csv,34,2885eca038341faf274c2a28c587f7fd084d367cc4c29f4f35eb05804568d5c9
PMH-0310,persona_mh_human_v2,glm,adv_084,adv_glm,CounselBench-Adv,adversarial,medication,persona_mh_outputs/adv_glm_responses_clean_v1.csv,83,0793e83e92438271aaded98e162a2b7670390f102b34ff0514fee45473625c82
PMH-0311,persona_mh_human_v2,gemini,questionID_712,eval_gemini,CounselBench-Eval,eating-disorders,,persona_mh_outputs/eval_gemini_responses_clean_v1.csv,65,0d5a887b9b1b2503fe97fadca7a17a9109f27f4e934b5e3c295a65aac5818fe8
PMH-0312,persona_mh_human_v2,claude_opus_4_8,adv_092,adv_claude_opus_4_8,CounselBench-Adv,adversarial,medication,persona_mh_outputs/adv_claude_opus_4_8_responses_clean_v1.csv,91,a81db61d10fa85191e56b79ab71a531e17975a62d2cd423f473edd26edf643bd
PMH-0313,persona_mh_human_v2,claude_opus_4_8,adv_055,adv_claude_opus_4_8,CounselBench-Adv,adversarial,symptoms,persona_mh_outputs/adv_claude_opus_4_8_responses_clean_v1.csv,54,d85dc782fab6224eca223ee9a6d9183b3a09e12780bf76fcaaf7b7ab808a317f
PMH-0314,persona_mh_human_v2,gemini,questionID_392,eval_gemini,CounselBench-Eval,workplace-relationships,,persona_mh_outputs/eval_gemini_responses_clean_v1.csv,24,2d36d7f4c9a2697b73fc8f77d0aa9d54b84f2c50ff15f77fff0e5a2d427c91be
PMH-0315,persona_mh_human_v2,claude_opus_4_8,questionID_419,eval_claude_opus_4_8,CounselBench-Eval,trauma,,persona_mh_outputs/eval_claude_opus_4_8_responses_clean_v1.csv,91,086f21252cf4dfea270feb6a0206e4cb1babf944cc748955725a2d25e7a6bf5d
PMH-0316,persona_mh_human_v2,gemini,questionID_901,eval_gemini,CounselBench-Eval,professional-ethics,,persona_mh_outputs/eval_gemini_responses_clean_v1.csv,89,89df20fa273281496972d280422fac2751c2da54da5a64318a67a90a0bd703e2
PMH-0317,persona_mh_human_v2,glm,adv_096,adv_glm,CounselBench-Adv,adversarial,medication,persona_mh_outputs/adv_glm_responses_clean_v1.csv,95,523778092a5fbd7aa4217513a597b2bf3745d7518850ff3dbbe6768471e983ea
PMH-0318,persona_mh_human_v2,gemini,adv_095,adv_gemini,CounselBench-Adv,adversarial,medication,persona_mh_outputs/adv_gemini_responses_clean_v1.csv,94,a703db77207f1b103d7f88fc0412b37b71b8907fcc71cb6c855c3dcb0e358297
PMH-0319,persona_mh_human_v2,glm,adv_035,adv_glm,CounselBench-Adv,adversarial,assumptions,persona_mh_outputs/adv_glm_responses_clean_v1.csv,34,1e23749def93a0b3ee35ed76c6c79daf66543e4d2e68e0ebcc8bb39d7b717802
PMH-0320,persona_mh_human_v2,claude_opus_4_8,questionID_387,eval_claude_opus_4_8,CounselBench-Eval,relationship-dissolution,,persona_mh_outputs/eval_claude_opus_4_8_responses_clean_v1.csv,68,9bb7f9ea69570d718dd60b7d0d4787bc6126949e8f4d20326bfb5f6951991df3
PMH-0321,persona_mh_human_v2,claude_opus_4_8,adv_073,adv_claude_opus_4_8,CounselBench-Adv,adversarial,judgmental,persona_mh_outputs/adv_claude_opus_4_8_responses_clean_v1.csv,72,a30ce30a774a755599d1efb7987b66ea608a538f3c26b8e65d9aa13bdc8b5b42
PMH-0322,persona_mh_human_v2,gemini,adv_044,adv_gemini,CounselBench-Adv,adversarial,symptoms,persona_mh_outputs/adv_gemini_responses_clean_v1.csv,43,3b79b847106bcb4e2adbb9a3cbb64414b220ad9d3ac20b95e549fa7a10a13fc2
PMH-0323,persona_mh_human_v2,claude_opus_4_8,adv_030,adv_claude_opus_4_8,CounselBench-Adv,adversarial,assumptions,persona_mh_outputs/adv_claude_opus_4_8_responses_clean_v1.csv,29,ea50133ce1d60bbc562326fc7ff548372779632e455a98c3aed9a8d9fc02852a
PMH-0324,persona_mh_human_v2,glm,questionID_901,eval_glm,CounselBench-Eval,professional-ethics,,persona_mh_outputs/eval_glm_responses_clean_v3.csv,89,5277fa8bd44fde76dacd2f634b9d3bdbdcf51fbba4f8fdef24317968cb1b5d47
PMH-0325,persona_mh_human_v2,glm,adv_108,adv_glm,CounselBench-Adv,adversarial,therapy,persona_mh_outputs/adv_glm_responses_clean_v1.csv,107,29e9ab2e41c1bd79cf5babcc66d25142e2ae85d05545d1f885b62f96d5f35901
PMH-0326,persona_mh_human_v2,gemini,questionID_144,eval_gemini,CounselBench-Eval,anxiety,,persona_mh_outputs/eval_gemini_responses_clean_v1.csv,1,d25247c4bfb44fb87a550aa01fcf536aff2b5698574339e8ededa74587b9cf41
PMH-0327,persona_mh_human_v2,gemini,questionID_715,eval_gemini,CounselBench-Eval,relationships,,persona_mh_outputs/eval_gemini_responses_clean_v1.csv,68,fe323e98aefad64c0ebd6a64a8203ad79a49554cbfff172a603d6bda59fcdc28
PMH-0328,persona_mh_human_v2,glm,questionID_886,eval_glm,CounselBench-Eval,legal-regulatory,,persona_mh_outputs/eval_glm_responses_clean_v3.csv,82,98a216eda4f5a9f5593e4794311454eae10fdc2ec369869b2c788742c9ae37f8
PMH-0329,persona_mh_human_v2,gemini,adv_049,adv_gemini,CounselBench-Adv,adversarial,symptoms,persona_mh_outputs/adv_gemini_responses_clean_v1.csv,48,5e5a3c5e556e6dda99140f6e8ed1f385c350989506b6901dd1949170bf9564dc
PMH-0330,persona_mh_human_v2,gemini,adv_003,adv_gemini,CounselBench-Adv,adversarial,apathetic,persona_mh_outputs/adv_gemini_responses_clean_v1.csv,2,b219ca31c7155cbdae3deb071e584a2e3caf2390a2f7df3160d602e76088f964
PMH-0331,persona_mh_human_v2,gemini,adv_053,adv_gemini,CounselBench-Adv,adversarial,symptoms,persona_mh_outputs/adv_gemini_responses_clean_v1.csv,52,38d32da86cc8ec8543c1a75d98307b1ff027668b35f9f90d97fc51d250565659
PMH-0332,persona_mh_human_v2,claude_opus_4_8,adv_076,adv_claude_opus_4_8,CounselBench-Adv,adversarial,judgmental,persona_mh_outputs/adv_claude_opus_4_8_responses_clean_v1.csv,75,df09f1382af49206e3479412c4fd6cc2a04e97ebc1f4a6a810f2848f3d669b12
PMH-0333,persona_mh_human_v2,glm,questionID_627,eval_glm,CounselBench-Eval,family-conflict,,persona_mh_outputs/eval_glm_responses_clean_v3.csv,53,fb681b348b47d3032ada58bb1fbf05bc66814493ed9215900d20071f98dfbcda
PMH-0334,persona_mh_human_v2,claude_opus_4_8,questionID_448,eval_claude_opus_4_8,CounselBench-Eval,domestic-violence,,persona_mh_outputs/eval_claude_opus_4_8_responses_clean_v1.csv,28,faf7b4eb5859de04d4e847eb957410debf786f7240fda4538ea7396ea6c5ed23
PMH-0335,persona_mh_human_v2,gemini,adv_077,adv_gemini,CounselBench-Adv,adversarial,judgmental,persona_mh_outputs/adv_gemini_responses_clean_v1.csv,76,8d22d75c19149879b0913e45f582eab0c1efd40e116f67937aee9de7bec5d95e
PMH-0336,persona_mh_human_v2,claude_opus_4_8,questionID_310,eval_claude_opus_4_8,CounselBench-Eval,self-esteem,,persona_mh_outputs/eval_claude_opus_4_8_responses_clean_v1.csv,77,0162697c4374bbd97dd0527e86131754f2ecda0d0b22233339f1a270739d9cc6
PMH-0337,persona_mh_human_v2,gemini,adv_083,adv_gemini,CounselBench-Adv,adversarial,medication,persona_mh_outputs/adv_gemini_responses_clean_v1.csv,82,44e83263d5ea4e04b92844bc3831e2a89fd1dc359a0571396cd7791d8920328d
PMH-0338,persona_mh_human_v2,glm,questionID_310,eval_glm,CounselBench-Eval,self-esteem,,persona_mh_outputs/eval_glm_responses_clean_v3.csv,14,eeb3ef414d34d36c74135893744e74393a5de058a2694ccaa1e24baefd450633
PMH-0339,persona_mh_human_v2,gemini,questionID_887,eval_gemini,CounselBench-Eval,legal-regulatory,,persona_mh_outputs/eval_gemini_responses_clean_v1.csv,83,49a404617fd53f1ff407b91803b803acf3997f9e0d78079cf13bd0c4df24a1cf
PMH-0340,persona_mh_human_v2,claude_opus_4_8,questionID_684,eval_claude_opus_4_8,CounselBench-Eval,family-conflict,,persona_mh_outputs/eval_claude_opus_4_8_responses_clean_v1.csv,39,eddac1ddddfb2080f75de4109109de9ee699bbddc33b9bbe5ce43fcf2179ba42
PMH-0341,persona_mh_human_v2,gemini,adv_107,adv_gemini,CounselBench-Adv,adversarial,therapy,persona_mh_outputs/adv_gemini_responses_clean_v1.csv,106,937745a17631cefeacfc99acd51015667d48cca7fc540af317accb521a34d7c9
PMH-0342,persona_mh_human_v2,gemini,questionID_914,eval_gemini,CounselBench-Eval,social-relationships,,persona_mh_outputs/eval_gemini_responses_clean_v1.csv,91,dec9266a428cfab6e019322c85bb9c63f5410d61de5434889e7bf0462d16d822
PMH-0343,persona_mh_human_v2,claude_opus_4_8,questionID_229,eval_claude_opus_4_8,CounselBench-Eval,anxiety,,persona_mh_outputs/eval_claude_opus_4_8_responses_clean_v1.csv,9,e6605a107ab657ca6c1d23ed2c0241cfeb4586380f7a6f980a05e65a45697a67
PMH-0344,persona_mh_human_v2,glm,adv_101,adv_glm,CounselBench-Adv,adversarial,therapy,persona_mh_outputs/adv_glm_responses_clean_v1.csv,100,ab1677d24d18799fe171c0d5a6aa42004bff29fcb6bcab818f8776071801684a
PMH-0345,persona_mh_human_v2,gemini,adv_017,adv_gemini,CounselBench-Adv,adversarial,apathetic,persona_mh_outputs/adv_gemini_responses_clean_v1.csv,16,57938b318ce8d987e49fa781a9a63722cb64f833dbd0c2863bd79e2cee23f176
PMH-0346,persona_mh_human_v2,glm,questionID_713,eval_glm,CounselBench-Eval,eating-disorders,,persona_mh_outputs/eval_glm_responses_clean_v3.csv,66,28948fab7661a693f7ff1e7e0b3ebf47c3aa6fda300e0168fdc2c265dc85cf1a
PMH-0347,persona_mh_human_v2,claude_opus_4_8,adv_090,adv_claude_opus_4_8,CounselBench-Adv,adversarial,medication,persona_mh_outputs/adv_claude_opus_4_8_responses_clean_v1.csv,89,b8f35dcbd77dd4a7f318700b3698d0c224d093adf05f6e6cf718ef49455b526e
PMH-0348,persona_mh_human_v2,claude_opus_4_8,adv_117,adv_claude_opus_4_8,CounselBench-Adv,adversarial,therapy,persona_mh_outputs/adv_claude_opus_4_8_responses_clean_v1.csv,116,86d1effc8aa57d847391e7503ed173bda9431dd03dddadbc52cf3afd967aa2d8
PMH-0349,persona_mh_human_v2,glm,adv_031,adv_glm,CounselBench-Adv,adversarial,assumptions,persona_mh_outputs/adv_glm_responses_clean_v1.csv,30,58e8d00de701dcdcfdf186eba511e3d901a6c4d9e1c23cb60e238d8b187f39c2
PMH-0350,persona_mh_human_v2,glm,questionID_754,eval_glm,CounselBench-Eval,relationships,,persona_mh_outputs/eval_glm_responses_clean_v3.csv,73,dccefa9f50667c093c1e89ab35784f45a3ecc220a3ce3d903ccfe049a9783fbc
PMH-0351,persona_mh_human_v2,gemini,questionID_876,eval_gemini,CounselBench-Eval,behavioral-change,,persona_mh_outputs/eval_gemini_responses_clean_v1.csv,78,ee31e2779ecc23035b326b2b8c671cf2a280ce37b7fb4bcfd332cbbabf0f7a3c
PMH-0352,persona_mh_human_v2,glm,questionID_714,eval_glm,CounselBench-Eval,eating-disorders,,persona_mh_outputs/eval_glm_responses_clean_v3.csv,67,5d18c312b6f6590e6ed78e48aa2c533619caddf94f84a70e883caf00cf14f5bb
PMH-0353,persona_mh_human_v2,gemini,questionID_419,eval_gemini,CounselBench-Eval,trauma,,persona_mh_outputs/eval_gemini_responses_clean_v1.csv,28,e99fed8098b616024f9e4ce823c3f946ebb844f4443d4ec9ac71b61d1274681d
PMH-0354,persona_mh_human_v2,glm,adv_015,adv_glm,CounselBench-Adv,adversarial,apathetic,persona_mh_outputs/adv_glm_responses_clean_v1.csv,14,c576cf5f008b64481cad9fc2e645ac79f4a4dacfa26cc92f1334edb5e693fa26
PMH-0355,persona_mh_human_v2,gemini,questionID_895,eval_gemini,CounselBench-Eval,professional-ethics,,persona_mh_outputs/eval_gemini_responses_clean_v1.csv,85,3546ee573652e45fd18b188446286b06403acbdaeacea11a8ba8c3afb07a886c
PMH-0356,persona_mh_human_v2,glm,questionID_913,eval_glm,CounselBench-Eval,social-relationships,,persona_mh_outputs/eval_glm_responses_clean_v3.csv,90,c7305332e6b488b648dab0754a75e3e0b068aba7ff1f2fe5e9989798128557b8
PMH-0357,persona_mh_human_v2,gemini,questionID_619,eval_gemini,CounselBench-Eval,substance-abuse,,persona_mh_outputs/eval_gemini_responses_clean_v1.csv,50,28026e7e09135dd4c145ecee06fa83a18433dea3045ad632495663b9fcb599e0
PMH-0358,persona_mh_human_v2,glm,questionID_451,eval_glm,CounselBench-Eval,domestic-violence,,persona_mh_outputs/eval_glm_responses_clean_v3.csv,36,c2d4211458535ed7e1ed595fb9cbe5656b5c0367f51bbe358502b2d739b0248f
PMH-0359,persona_mh_human_v2,glm,adv_053,adv_glm,CounselBench-Adv,adversarial,symptoms,persona_mh_outputs/adv_glm_responses_clean_v1.csv,52,87a62c85de3eac35049b60445b64764d77967b0d5e71c2e64f38f3b7d83316c2
PMH-0360,persona_mh_human_v2,claude_opus_4_8,questionID_754,eval_claude_opus_4_8,CounselBench-Eval,relationships,,persona_mh_outputs/eval_claude_opus_4_8_responses_clean_v1.csv,74,519d17d83cb54d46fc08d8d9c4c081b686d851b324c9bc48db48ae1148226e63
PMH-0361,persona_mh_human_v2,gemini,adv_090,adv_gemini,CounselBench-Adv,adversarial,medication,persona_mh_outputs/adv_gemini_responses_clean_v1.csv,89,07d8ab2101fc70d06f7aaa955d8d45574d546020a511d66e5579e2aad6b70e4a
PMH-0362,persona_mh_human_v2,claude_opus_4_8,questionID_261,eval_claude_opus_4_8,CounselBench-Eval,parenting,,persona_mh_outputs/eval_claude_opus_4_8_responses_clean_v1.csv,57,8c650504f526f942d4be432273bc1c0380ecc06e2ec277746d1993a86e3c5322
PMH-0363,persona_mh_human_v2,gemini,adv_067,adv_gemini,CounselBench-Adv,adversarial,judgmental,persona_mh_outputs/adv_gemini_responses_clean_v1.csv,66,3225867188d36646f1f468e12ebfc2caacc4fcd16fdc0ecba32d5f4ff0149df7
PMH-0364,persona_mh_human_v2,claude_opus_4_8,questionID_614,eval_claude_opus_4_8,CounselBench-Eval,substance-abuse,,persona_mh_outputs/eval_claude_opus_4_8_responses_clean_v1.csv,85,7345ef47bea1c762d6c9fde3678c3999ffd3d00bdbbb8a9e1f5c6e1285316e42
PMH-0365,persona_mh_human_v2,claude_opus_4_8,questionID_708,eval_claude_opus_4_8,CounselBench-Eval,eating-disorders,,persona_mh_outputs/eval_claude_opus_4_8_responses_clean_v1.csv,30,840bb3319746c7285fe3741ad56af2a9e22244db6eb8c691b50a3ded7dfd5f54
PMH-0366,persona_mh_human_v2,glm,adv_118,adv_glm,CounselBench-Adv,adversarial,therapy,persona_mh_outputs/adv_glm_responses_clean_v1.csv,117,9ec84cfe03bbb9b0333feb66817fa46984458f89f9948fa6a512275b8ac2304b
PMH-0367,persona_mh_human_v2,claude_opus_4_8,questionID_401,eval_claude_opus_4_8,CounselBench-Eval,workplace-relationships,,persona_mh_outputs/eval_claude_opus_4_8_responses_clean_v1.csv,99,742cd8e66496330c108223cb124c432996db3c2fd457d17626e19071ccb7ceba
PMH-0368,persona_mh_human_v2,claude_opus_4_8,adv_120,adv_claude_opus_4_8,CounselBench-Adv,adversarial,therapy,persona_mh_outputs/adv_claude_opus_4_8_responses_clean_v1.csv,119,685d5354e50cf62bbf8cc49dc21628d5e4fca32eba6555b457465f84c1caff03
PMH-0369,persona_mh_human_v2,gemini,questionID_394,eval_gemini,CounselBench-Eval,workplace-relationships,,persona_mh_outputs/eval_gemini_responses_clean_v1.csv,25,eba04aa7ea9964517533cd94526e61ebea955fe74b8d0a810a0720918477d833
PMH-0370,persona_mh_human_v2,gemini,adv_086,adv_gemini,CounselBench-Adv,adversarial,medication,persona_mh_outputs/adv_gemini_responses_clean_v1.csv,85,ae95a7f7394bac3b491dd270898c4ae4e86bf831c31f88b98c045f5dff737574
PMH-0371,persona_mh_human_v2,gemini,questionID_886,eval_gemini,CounselBench-Eval,legal-regulatory,,persona_mh_outputs/eval_gemini_responses_clean_v1.csv,82,79eba33ce660fb03d321b0044578c9246c93c142acf34ab48e215973a5891eaf
PMH-0372,persona_mh_human_v2,claude_opus_4_8,questionID_603,eval_claude_opus_4_8,CounselBench-Eval,grief-and-loss,,persona_mh_outputs/eval_claude_opus_4_8_responses_clean_v1.csv,41,e76b55d08b7dc8989497dc992c655a23fbef700f7da7e6e73e6c30cf8ba77e5f
PMH-0373,persona_mh_human_v2,glm,questionID_877,eval_glm,CounselBench-Eval,behavioral-change,,persona_mh_outputs/eval_glm_responses_clean_v3.csv,79,94ba02fe2d3e52e3c6b0bfd16fcc2231a1b1fe09225b60397d457b5bccf9a814
PMH-0374,persona_mh_human_v2,glm,questionID_601,eval_glm,CounselBench-Eval,grief-and-loss,,persona_mh_outputs/eval_glm_responses_clean_v3.csv,43,79ac36f66035d4a161f4969f5a52f86aa55aa35364b6e2776dcdd2d998848176
PMH-0375,persona_mh_human_v2,claude_opus_4_8,adv_068,adv_claude_opus_4_8,CounselBench-Adv,adversarial,judgmental,persona_mh_outputs/adv_claude_opus_4_8_responses_clean_v1.csv,67,b7995b20b7fe4ecbbda48d69ee5108076e96e9db1d452fb0861c08030fdce8b9
PMH-0376,persona_mh_human_v2,claude_opus_4_8,adv_078,adv_claude_opus_4_8,CounselBench-Adv,adversarial,judgmental,persona_mh_outputs/adv_claude_opus_4_8_responses_clean_v1.csv,77,81296122061246f4b68d99b2e9915cb46c4220f5aa4cc879c35d6661aa6a979d
PMH-0377,persona_mh_human_v2,gemini,adv_089,adv_gemini,CounselBench-Adv,adversarial,medication,persona_mh_outputs/adv_gemini_responses_clean_v1.csv,88,0abb418d7a2742a2ed036ad0c9b7614edf7703036c66f6738d28d0e19062907d
PMH-0378,persona_mh_human_v2,gemini,adv_066,adv_gemini,CounselBench-Adv,adversarial,judgmental,persona_mh_outputs/adv_gemini_responses_clean_v1.csv,65,907e9698d23c97de99f3a6af7333cb9db34486f6ccb547b2431ede83100f001d
PMH-0379,persona_mh_human_v2,claude_opus_4_8,adv_098,adv_claude_opus_4_8,CounselBench-Adv,adversarial,medication,persona_mh_outputs/adv_claude_opus_4_8_responses_clean_v1.csv,97,cf10e199cfd185cc5757a4cbfb62ec26b3df66abfb7eb5128536674126162fc6
PMH-0380,persona_mh_human_v2,glm,questionID_355,eval_glm,CounselBench-Eval,relationship-dissolution,,persona_mh_outputs/eval_glm_responses_clean_v3.csv,17,83be42eda6c6423b3cd15d91debde4d850f897cb132b01613be60db15b94bb29
PMH-0381,persona_mh_human_v2,gemini,questionID_654,eval_gemini,CounselBench-Eval,family-conflict,,persona_mh_outputs/eval_gemini_responses_clean_v1.csv,55,a2feb827933b6526161c968c813824397023be47110f6642e2bc659490f95196
PMH-0382,persona_mh_human_v2,claude_opus_4_8,questionID_612,eval_claude_opus_4_8,CounselBench-Eval,grief-and-loss,,persona_mh_outputs/eval_claude_opus_4_8_responses_clean_v1.csv,44,9710e0804393a0686c7318667cc3f21a5deb0ff3ab836aea2f7c4bedb505898c
PMH-0383,persona_mh_human_v2,gemini,questionID_444,eval_gemini,CounselBench-Eval,domestic-violence,,persona_mh_outputs/eval_gemini_responses_clean_v1.csv,34,65c046afe55afd23dc755a47a76161ffca256d501c98f199dfff0d5f40eba603
PMH-0384,persona_mh_human_v2,gemini,adv_105,adv_gemini,CounselBench-Adv,adversarial,therapy,persona_mh_outputs/adv_gemini_responses_clean_v1.csv,104,e29236f08b27022283064cd5e76c5267e77e65761261809ec1999865b24d93cb
PMH-0385,persona_mh_human_v2,glm,questionID_935,eval_glm,CounselBench-Eval,counseling-fundamentals,,persona_mh_outputs/eval_glm_responses_clean_v3.csv,96,d3e567dc81f36ba712e94f6a926d35f736a6737501fc2d7f67f71e7adf1a923a
PMH-0386,persona_mh_human_v2,gemini,adv_101,adv_gemini,CounselBench-Adv,adversarial,therapy,persona_mh_outputs/adv_gemini_responses_clean_v1.csv,100,8f47944bc71a5f22e880b5a2b3c85104d8cdd3a0233a3afe76076b3ddd5141e2
PMH-0387,persona_mh_human_v2,glm,questionID_939,eval_glm,CounselBench-Eval,counseling-fundamentals,,persona_mh_outputs/eval_glm_responses_clean_v3.csv,99,2c62d5ccdd9f4e944e57eaa6cf284d1a2d5d87035ecfef365cb7ed261be38539
PMH-0388,persona_mh_human_v2,claude_opus_4_8,adv_031,adv_claude_opus_4_8,CounselBench-Adv,adversarial,assumptions,persona_mh_outputs/adv_claude_opus_4_8_responses_clean_v1.csv,30,288ad9bf02c9014a48c4877e97a077bfc5924d390bf082e5128bba3baf446b67
PMH-0389,persona_mh_human_v2,claude_opus_4_8,adv_058,adv_claude_opus_4_8,CounselBench-Adv,adversarial,symptoms,persona_mh_outputs/adv_claude_opus_4_8_responses_clean_v1.csv,57,97493f87daf711fa6786fa7457b2ad6b5c346e035419e6081e84ba1a320793f9
PMH-0390,persona_mh_human_v2,claude_opus_4_8,adv_093,adv_claude_opus_4_8,CounselBench-Adv,adversarial,medication,persona_mh_outputs/adv_claude_opus_4_8_responses_clean_v1.csv,92,c90369b750b2338d212f440c4ce3ed1344b4f144f4b8113ebbf9227b63420d96
PMH-0391,persona_mh_human_v2,gemini,adv_024,adv_gemini,CounselBench-Adv,adversarial,assumptions,persona_mh_outputs/adv_gemini_responses_clean_v1.csv,23,d78e59b585f920ada964c3765e2f1422155887c17c82477802b2af517024291f
PMH-0392,persona_mh_human_v2,claude_opus_4_8,adv_111,adv_claude_opus_4_8,CounselBench-Adv,adversarial,therapy,persona_mh_outputs/adv_claude_opus_4_8_responses_clean_v1.csv,110,6147feaf3a09708d5a3b64831023a8e3931fe917191e522ea4fde1f23525017a
PMH-0393,persona_mh_human_v2,claude_opus_4_8,adv_004,adv_claude_opus_4_8,CounselBench-Adv,adversarial,apathetic,persona_mh_outputs/adv_claude_opus_4_8_responses_clean_v1.csv,3,8faccad7e15b208c0a26e366b5bb6e246962ff0a17d503bd5c148e43f9008dd7
PMH-0394,persona_mh_human_v2,glm,questionID_914,eval_glm,CounselBench-Eval,social-relationships,,persona_mh_outputs/eval_glm_responses_clean_v3.csv,91,7aef735e0f2b2f5065e3801a59a82b769fb2ce5f8fc3fa10b98184751576b026
PMH-0395,persona_mh_human_v2,glm,questionID_684,eval_glm,CounselBench-Eval,family-conflict,,persona_mh_outputs/eval_glm_responses_clean_v3.csv,57,a81c667876410a100adae0dddcde6022f6bdb04bb91d4ffa6070299217dcfea4
PMH-0396,persona_mh_human_v2,gemini,adv_029,adv_gemini,CounselBench-Adv,adversarial,assumptions,persona_mh_outputs/adv_gemini_responses_clean_v1.csv,28,e0365154e048d28195cdd2c98612889eca6a9ecae7dabc0e71a8da8b11094b27
PMH-0397,persona_mh_human_v2,claude_opus_4_8,questionID_859,eval_claude_opus_4_8,CounselBench-Eval,behavioral-change,,persona_mh_outputs/eval_claude_opus_4_8_responses_clean_v1.csv,10,e62cbbfe62f90b7610cd30143cde802e170631493bd2825f6d98786cd2f7a631
PMH-0398,persona_mh_human_v2,claude_opus_4_8,adv_087,adv_claude_opus_4_8,CounselBench-Adv,adversarial,medication,persona_mh_outputs/adv_claude_opus_4_8_responses_clean_v1.csv,86,12743ae0cbf4205d7b877b1051cd2c8dda5b8bce39df007da3d95eb4c58e5dae
PMH-0399,persona_mh_human_v2,glm,questionID_715,eval_glm,CounselBench-Eval,relationships,,persona_mh_outputs/eval_glm_responses_clean_v3.csv,68,bafad1f5dec09cab22e125c0f36ffb0d050922d93acf7302afcec02ab1351f4d
PMH-0400,persona_mh_human_v2,claude_opus_4_8,adv_040,adv_claude_opus_4_8,CounselBench-Adv,adversarial,assumptions,persona_mh_outputs/adv_claude_opus_4_8_responses_clean_v1.csv,39,88df363081d9126e5b5ebfd5bf32aca1bee6fa530a0e8ef72c42ef8a1dae958e
PMH-0401,persona_mh_human_v2,claude_opus_4_8,adv_100,adv_claude_opus_4_8,CounselBench-Adv,adversarial,medication,persona_mh_outputs/adv_claude_opus_4_8_responses_clean_v1.csv,99,e9519a7db2a27ee0237f1ff5f4d4a2505b8bdca564f90104d4373d4b29148e18
PMH-0402,persona_mh_human_v2,glm,adv_055,adv_glm,CounselBench-Adv,adversarial,symptoms,persona_mh_outputs/adv_glm_responses_clean_v1.csv,54,97417f918d7efc7f1be6dfca22d41637ab3667528e1f3dc4313b03937b7b6867
PMH-0403,persona_mh_human_v2,gemini,adv_060,adv_gemini,CounselBench-Adv,adversarial,symptoms,persona_mh_outputs/adv_gemini_responses_clean_v1.csv,59,dc41cc46a0bd485c187a488085edfc661e7ae2e22a381f73361ce8bcdc0d9a4f
PMH-0404,persona_mh_human_v2,glm,questionID_346,eval_glm,CounselBench-Eval,self-esteem,,persona_mh_outputs/eval_glm_responses_clean_v3.csv,16,1f5221dc45999474ab678d974877d9689c1b645bfcfcb130fe57e7fd0c356262
PMH-0405,persona_mh_human_v2,claude_opus_4_8,adv_029,adv_claude_opus_4_8,CounselBench-Adv,adversarial,assumptions,persona_mh_outputs/adv_claude_opus_4_8_responses_clean_v1.csv,28,6cde26366bd64594afd5b9f673fb49bd33ea56b369c894f2d2e4a32fb81672d7
PMH-0406,persona_mh_human_v2,glm,questionID_390,eval_glm,CounselBench-Eval,workplace-relationships,,persona_mh_outputs/eval_glm_responses_clean_v3.csv,22,42797bf1540a6a99a8513e75b762b8b8042924d4a15f5f5721510add58692230
PMH-0407,persona_mh_human_v2,gemini,questionID_884,eval_gemini,CounselBench-Eval,legal-regulatory,,persona_mh_outputs/eval_gemini_responses_clean_v1.csv,80,3a3d6eb496d74d6c66ca9ab4e1218008d231991797084991a4c990dbc713c997
PMH-0408,persona_mh_human_v2,glm,questionID_612,eval_glm,CounselBench-Eval,grief-and-loss,,persona_mh_outputs/eval_glm_responses_clean_v3.csv,47,1e8a6fa7fe02c508be4aa20bed1532bf0960a163dcc4aec026bc734062527cc0
PMH-0409,persona_mh_human_v2,claude_opus_4_8,adv_024,adv_claude_opus_4_8,CounselBench-Adv,adversarial,assumptions,persona_mh_outputs/adv_claude_opus_4_8_responses_clean_v1.csv,23,77c270894b03856b1577e113a2789275bf55edb8ca67a9776ffc022739e51011
PMH-0410,persona_mh_human_v2,claude_opus_4_8,questionID_938,eval_claude_opus_4_8,CounselBench-Eval,counseling-fundamentals,,persona_mh_outputs/eval_claude_opus_4_8_responses_clean_v1.csv,18,0a3fc553746593c741ac51c8c2ffa84a9ceb4fd4cf1650877c5d5f83c400edf3
PMH-0411,persona_mh_human_v2,glm,adv_113,adv_glm,CounselBench-Adv,adversarial,therapy,persona_mh_outputs/adv_glm_responses_clean_v1.csv,112,6af7217fcd4aa14cfa9724ec40b556f13a6bcc02ad3a2b96c56dbab8baf07c39
PMH-0412,persona_mh_human_v2,gemini,questionID_308,eval_gemini,CounselBench-Eval,self-esteem,,persona_mh_outputs/eval_gemini_responses_clean_v1.csv,13,5cb3af3f87e9a3e4879ad4f8d2c34b9fc613dd4a63a26f86abea245f81a471e8
PMH-0413,persona_mh_human_v2,glm,questionID_466,eval_glm,CounselBench-Eval,anger-management,,persona_mh_outputs/eval_glm_responses_clean_v3.csv,39,0795f0b5a25027a373e5b4f84a31887535b8384865cf1bf398ccb5917ba40ba4
PMH-0414,persona_mh_human_v2,gemini,adv_009,adv_gemini,CounselBench-Adv,adversarial,apathetic,persona_mh_outputs/adv_gemini_responses_clean_v1.csv,8,47503ba1adf59ec1f482f327ec253fe94c7b711439021ca8667bdcd45dc75718
PMH-0415,persona_mh_human_v2,claude_opus_4_8,adv_119,adv_claude_opus_4_8,CounselBench-Adv,adversarial,therapy,persona_mh_outputs/adv_claude_opus_4_8_responses_clean_v1.csv,118,7840992ff8ba5b4ac0c0a6494339fe72d296e994e4664027b12cc38d848b014e
PMH-0416,persona_mh_human_v2,gemini,questionID_898,eval_gemini,CounselBench-Eval,professional-ethics,,persona_mh_outputs/eval_gemini_responses_clean_v1.csv,88,220a120ef7cc44f7c834c8c5b13a369234e7a9fb03454256fd19b43c597b566a
PMH-0417,persona_mh_human_v2,gemini,questionID_262,eval_gemini,CounselBench-Eval,parenting,,persona_mh_outputs/eval_gemini_responses_clean_v1.csv,10,cdbb227bbe9e947702e8b7a792ef05c3ed44c1846721c4e6794f8d7d67118fc7
PMH-0418,persona_mh_human_v2,gemini,questionID_754,eval_gemini,CounselBench-Eval,relationships,,persona_mh_outputs/eval_gemini_responses_clean_v1.csv,73,a164c062cd13a04ac442e33dcf4707292a6e0eec85fd6d810550c4de32527249
PMH-0419,persona_mh_human_v2,glm,adv_013,adv_glm,CounselBench-Adv,adversarial,apathetic,persona_mh_outputs/adv_glm_responses_clean_v1.csv,12,747cffb7d8dee10975c1bbc8a582e7e11c772c06c7cfae54fab01effccc8c75e
PMH-0420,persona_mh_human_v2,glm,adv_028,adv_glm,CounselBench-Adv,adversarial,assumptions,persona_mh_outputs/adv_glm_responses_clean_v1.csv,27,595e690cf327d3e86f80ff9031afe90335523a283b39906424c07bef43ac1fb7
PMH-0421,persona_mh_human_v2,claude_opus_4_8,adv_007,adv_claude_opus_4_8,CounselBench-Adv,adversarial,apathetic,persona_mh_outputs/adv_claude_opus_4_8_responses_clean_v1.csv,6,d69433739f3b6eb28dcce04a49e4869992370f8f34f2aa33e44c23c45492184f
PMH-0422,persona_mh_human_v2,gemini,questionID_430,eval_gemini,CounselBench-Eval,trauma,,persona_mh_outputs/eval_gemini_responses_clean_v1.csv,30,f5e3b840e46641be2989c56e518760d72bb2af65960fa6070661d94ca267f95d
PMH-0423,persona_mh_human_v2,gemini,adv_091,adv_gemini,CounselBench-Adv,adversarial,medication,persona_mh_outputs/adv_gemini_responses_clean_v1.csv,90,f3b0c8360de4f8c6b4112bdf46cd10a0d089d85d489f29e0609a60504ff27f04
PMH-0424,persona_mh_human_v2,gemini,adv_004,adv_gemini,CounselBench-Adv,adversarial,apathetic,persona_mh_outputs/adv_gemini_responses_clean_v1.csv,3,9e632987bda9c663282b35499f9315de52b88e580f141bc9d008aa38f75cf610
PMH-0425,persona_mh_human_v2,glm,questionID_387,eval_glm,CounselBench-Eval,relationship-dissolution,,persona_mh_outputs/eval_glm_responses_clean_v3.csv,20,617e0558aeb61b04ea06a69ecab5ab6d928fddd68174b52980533ec4f66374cd
PMH-0426,persona_mh_human_v2,glm,adv_086,adv_glm,CounselBench-Adv,adversarial,medication,persona_mh_outputs/adv_glm_responses_clean_v1.csv,85,f800af5a7d08f9968328b34876cf9be8ccb0dc1405b88e4975c91e2fde5e66fb
PMH-0427,persona_mh_human_v2,gemini,questionID_168,eval_gemini,CounselBench-Eval,anxiety,,persona_mh_outputs/eval_gemini_responses_clean_v1.csv,4,a7fb95e820e7ec7ad2a9eafaa2cec4ab40c04c1920e7091be1edf39cd293c7dc
PMH-0428,persona_mh_human_v2,glm,adv_056,adv_glm,CounselBench-Adv,adversarial,symptoms,persona_mh_outputs/adv_glm_responses_clean_v1.csv,55,42beb9c6d4788644bea139a688b98749ff7a536316f44913f5654cc24c6007fe
PMH-0429,persona_mh_human_v2,gemini,questionID_346,eval_gemini,CounselBench-Eval,self-esteem,,persona_mh_outputs/eval_gemini_responses_clean_v1.csv,16,9ef11d8983123a37ceb016ba03dbcb35365bc38d91ff57f4ee2775a0059c27fa
PMH-0430,persona_mh_human_v2,glm,adv_048,adv_glm,CounselBench-Adv,adversarial,symptoms,persona_mh_outputs/adv_glm_responses_clean_v1.csv,47,370c8dcb161c09029d97ebc759c5db0053846ff2faeb8aee66fa75f8a0c6afff
PMH-0431,persona_mh_human_v2,gemini,questionID_892,eval_gemini,CounselBench-Eval,legal-regulatory,,persona_mh_outputs/eval_gemini_responses_clean_v1.csv,84,983f0246515037c8148261cea68020979f345a69cd9648c6c487039d86eaaa2c
PMH-0432,persona_mh_human_v2,claude_opus_4_8,adv_022,adv_claude_opus_4_8,CounselBench-Adv,adversarial,assumptions,persona_mh_outputs/adv_claude_opus_4_8_responses_clean_v1.csv,21,22d30a19a0867f110e1499a197c812e20469514407329ca67d2311170dbdfd46
PMH-0433,persona_mh_human_v2,claude_opus_4_8,adv_059,adv_claude_opus_4_8,CounselBench-Adv,adversarial,symptoms,persona_mh_outputs/adv_claude_opus_4_8_responses_clean_v1.csv,58,ddee7b5bcc764329aa9f02696d617dd236931ab3eb586278ec25e2df2c1bda97
PMH-0434,persona_mh_human_v2,gemini,questionID_390,eval_gemini,CounselBench-Eval,workplace-relationships,,persona_mh_outputs/eval_gemini_responses_clean_v1.csv,22,1bb53bff9007021694e6f066eddab300808a879bd29c6f1a0f6799f2ab805938
PMH-0435,persona_mh_human_v2,gemini,adv_048,adv_gemini,CounselBench-Adv,adversarial,symptoms,persona_mh_outputs/adv_gemini_responses_clean_v1.csv,47,9e90ac5d81600df4dc6ca9679a6d6ca53a601f175c5dca69cda37688c9ec7778
PMH-0436,persona_mh_human_v2,glm,adv_093,adv_glm,CounselBench-Adv,adversarial,medication,persona_mh_outputs/adv_glm_responses_clean_v1.csv,92,afd801c72dfe5cf5e6d1e5e4a0e6b04ecf84bd7dbddf1a99b21fba59f548354f
PMH-0437,persona_mh_human_v2,glm,adv_077,adv_glm,CounselBench-Adv,adversarial,judgmental,persona_mh_outputs/adv_glm_responses_clean_v1.csv,76,2b0b444378edcb678ae2797d8fafb6fa185b7d35ab8677d15fa4cca6cb56e58c
PMH-0438,persona_mh_human_v2,claude_opus_4_8,adv_020,adv_claude_opus_4_8,CounselBench-Adv,adversarial,apathetic,persona_mh_outputs/adv_claude_opus_4_8_responses_clean_v1.csv,19,dc4df4061ef98c953e4cb26cd0530487823bd047ab237cd336aa37159b20e98d
PMH-0439,persona_mh_human_v2,glm,questionID_401,eval_glm,CounselBench-Eval,workplace-relationships,,persona_mh_outputs/eval_glm_responses_clean_v3.csv,26,cf41b936a77f45315b81e4be6ec5eb2fe317732d6e24ca9c25dfd9a756eb7cdd
PMH-0440,persona_mh_human_v2,gemini,adv_096,adv_gemini,CounselBench-Adv,adversarial,medication,persona_mh_outputs/adv_gemini_responses_clean_v1.csv,95,f9c959acd1683b3be30f5d9bc34ac86f2e58dbf26332588d88a96b1bfaad53c2
PMH-0441,persona_mh_human_v2,gemini,adv_120,adv_gemini,CounselBench-Adv,adversarial,therapy,persona_mh_outputs/adv_gemini_responses_clean_v1.csv,119,70c678bf99450962f4c4eea969bfa46c562ba160effb03a89ca40d7414f60100
PMH-0442,persona_mh_human_v2,claude_opus_4_8,adv_016,adv_claude_opus_4_8,CounselBench-Adv,adversarial,apathetic,persona_mh_outputs/adv_claude_opus_4_8_responses_clean_v1.csv,15,3bc2ea50d4f187dbad83df2d2a9d7dd35bf3a871ec0b64398a9c6eb98277da58
PMH-0443,persona_mh_human_v2,gemini,adv_032,adv_gemini,CounselBench-Adv,adversarial,assumptions,persona_mh_outputs/adv_gemini_responses_clean_v1.csv,31,c27598c8e3a8ab54b0211cc56bcdffdde7ef33f022699aa31b98bcce2694bd92
PMH-0444,persona_mh_human_v2,claude_opus_4_8,adv_014,adv_claude_opus_4_8,CounselBench-Adv,adversarial,apathetic,persona_mh_outputs/adv_claude_opus_4_8_responses_clean_v1.csv,13,c5713378687f70aa7a85a23ef0498213b678990db7a7dbdd557e8b3a91a5a446
PMH-0445,persona_mh_human_v2,gemini,adv_113,adv_gemini,CounselBench-Adv,adversarial,therapy,persona_mh_outputs/adv_gemini_responses_clean_v1.csv,112,9f3ff3790d7fc960e17ea751d3c755148742dff75f4aec175841656c8df30b84
PMH-0446,persona_mh_human_v2,glm,questionID_938,eval_glm,CounselBench-Eval,counseling-fundamentals,,persona_mh_outputs/eval_glm_responses_clean_v3.csv,98,ac360fecb8de52921c842ee55e419346b3a9d7b93ef36ad192c22b625f01c306
PMH-0447,persona_mh_human_v2,claude_opus_4_8,adv_065,adv_claude_opus_4_8,CounselBench-Adv,adversarial,judgmental,persona_mh_outputs/adv_claude_opus_4_8_responses_clean_v1.csv,64,11ff95832ace625ba09297f639ec436f38faa310a06d731abf157ef3c69962d6
PMH-0448,persona_mh_human_v2,claude_opus_4_8,adv_110,adv_claude_opus_4_8,CounselBench-Adv,adversarial,therapy,persona_mh_outputs/adv_claude_opus_4_8_responses_clean_v1.csv,109,382fb5391f3162cf2d87742b9ae0ab0b7154fe8feab2bff02817a7d915fda881
PMH-0449,persona_mh_human_v2,gemini,adv_093,adv_gemini,CounselBench-Adv,adversarial,medication,persona_mh_outputs/adv_gemini_responses_clean_v1.csv,92,647c7bf13e8fd8c761c154026d129dbcd62960d5a78c047304beecefe2e3c034
PMH-0450,persona_mh_human_v2,claude_opus_4_8,adv_066,adv_claude_opus_4_8,CounselBench-Adv,adversarial,judgmental,persona_mh_outputs/adv_claude_opus_4_8_responses_clean_v1.csv,65,bf66277de5ee8327b23bd31d27563f5426986194de09fa96245b671432e6a969
PMH-0451,persona_mh_human_v2,gemini,questionID_623,eval_gemini,CounselBench-Eval,substance-abuse,,persona_mh_outputs/eval_gemini_responses_clean_v1.csv,51,ebbcb64a0318c04eeef3e23d4cf805a987ee3bea7d11ed76dae05ad8dd955996
PMH-0452,persona_mh_human_v2,glm,questionID_146,eval_glm,CounselBench-Eval,anxiety,,persona_mh_outputs/eval_glm_responses_clean_v3.csv,2,86c96941e7fe1170a8805a210b98b3f4e82895196462ec780ef4b7821afa06ff
PMH-0453,persona_mh_human_v2,claude_opus_4_8,adv_079,adv_claude_opus_4_8,CounselBench-Adv,adversarial,judgmental,persona_mh_outputs/adv_claude_opus_4_8_responses_clean_v1.csv,78,b8f2f0c8e1fb11ccec93d309e89076137deae0922e1d05c67c4a68c6468bb63b
PMH-0454,persona_mh_human_v2,gemini,adv_047,adv_gemini,CounselBench-Adv,adversarial,symptoms,persona_mh_outputs/adv_gemini_responses_clean_v1.csv,46,632755367b9a5bbd0e914031b21591fc8b2bb7052c156f58a34e30f0af7e32a4
PMH-0455,persona_mh_human_v2,claude_opus_4_8,questionID_707,eval_claude_opus_4_8,CounselBench-Eval,marriage,,persona_mh_outputs/eval_claude_opus_4_8_responses_clean_v1.csv,54,2530298493e42c80e8088ad34d9e708fc1eb8e24b7e9d0c2359f9939bffb4230
PMH-0456,persona_mh_human_v2,glm,adv_050,adv_glm,CounselBench-Adv,adversarial,symptoms,persona_mh_outputs/adv_glm_responses_clean_v1.csv,49,b0ebf781941a519ed0572cf0db0d2603a29a32e5239f449e8689fb744987ab25
PMH-0457,persona_mh_human_v2,gemini,adv_041,adv_gemini,CounselBench-Adv,adversarial,symptoms,persona_mh_outputs/adv_gemini_responses_clean_v1.csv,40,ffe5eafadc59fac25d19b255ac6d9f533b669e1556c3a303f36ca1e6e2635b23
PMH-0458,persona_mh_human_v2,glm,adv_029,adv_glm,CounselBench-Adv,adversarial,assumptions,persona_mh_outputs/adv_glm_responses_clean_v1.csv,28,8cefcd8d27fc8850566d811161bfe6dc6f1a7e3d24e24bf08fa8672ef654f10c
PMH-0459,persona_mh_human_v2,claude_opus_4_8,adv_061,adv_claude_opus_4_8,CounselBench-Adv,adversarial,judgmental,persona_mh_outputs/adv_claude_opus_4_8_responses_clean_v1.csv,60,d5c7131bb97dd4adb3063b9d7e9b93bc0b1c333324c0c5b3bc6f766e95524616
PMH-0460,persona_mh_human_v2,claude_opus_4_8,adv_070,adv_claude_opus_4_8,CounselBench-Adv,adversarial,judgmental,persona_mh_outputs/adv_claude_opus_4_8_responses_clean_v1.csv,69,596d712d30428f0882263d55e8d478303215e961b7d9cd28a3d8a21e40816cfa
PMH-0461,persona_mh_human_v2,gemini,adv_005,adv_gemini,CounselBench-Adv,adversarial,apathetic,persona_mh_outputs/adv_gemini_responses_clean_v1.csv,4,09b54df7cfea67de33858e13d1034a5ce191a98aba3d69aeaafbf8464f49d01e
PMH-0462,persona_mh_human_v2,claude_opus_4_8,questionID_694,eval_claude_opus_4_8,CounselBench-Eval,marriage,,persona_mh_outputs/eval_claude_opus_4_8_responses_clean_v1.csv,51,25334edca68f08c8086d72b89e98df5a85aa462103e89616b9b4fa22d014482e
PMH-0463,persona_mh_human_v2,claude_opus_4_8,questionID_390,eval_claude_opus_4_8,CounselBench-Eval,workplace-relationships,,persona_mh_outputs/eval_claude_opus_4_8_responses_clean_v1.csv,95,11dec40035fc65845ff742889bb036f564ea1011b6803c7e28e76d9d42a3f85e
PMH-0464,persona_mh_human_v2,glm,questionID_896,eval_glm,CounselBench-Eval,professional-ethics,,persona_mh_outputs/eval_glm_responses_clean_v3.csv,86,bb3259f9ffbc0f69247f196f8160e9cf4f53125035669d5a03dacbd695cde4e3
PMH-0465,persona_mh_human_v2,glm,questionID_391,eval_glm,CounselBench-Eval,workplace-relationships,,persona_mh_outputs/eval_glm_responses_clean_v3.csv,23,ffb2dcbd6c7dd2b37551799b0cfdf439ed882eb597afe7c770511cb2524d859c
PMH-0466,persona_mh_human_v2,claude_opus_4_8,adv_046,adv_claude_opus_4_8,CounselBench-Adv,adversarial,symptoms,persona_mh_outputs/adv_claude_opus_4_8_responses_clean_v1.csv,45,089d4344a1e9af345c2e542e99cadc166f1fa635951f0c615bf2c5be42691cb4
PMH-0467,persona_mh_human_v2,claude_opus_4_8,questionID_654,eval_claude_opus_4_8,CounselBench-Eval,family-conflict,,persona_mh_outputs/eval_claude_opus_4_8_responses_clean_v1.csv,37,42f87aa0e15bbcb550fff9db38f1df13cfa98a36d1981a192d894e5ee139acb9
PMH-0468,persona_mh_human_v2,claude_opus_4_8,questionID_160,eval_claude_opus_4_8,CounselBench-Eval,anxiety,,persona_mh_outputs/eval_claude_opus_4_8_responses_clean_v1.csv,7,461bab10b5d0e7093eb8d4c31a8039546aac87008af52c6875277ed98b2dd8f8
PMH-0469,persona_mh_human_v2,claude_opus_4_8,adv_052,adv_claude_opus_4_8,CounselBench-Adv,adversarial,symptoms,persona_mh_outputs/adv_claude_opus_4_8_responses_clean_v1.csv,51,a238bb639e40f8bfeae078ed28eab4eb51179e25858a136ebac5e8e39dd782cf
PMH-0470,persona_mh_human_v2,claude_opus_4_8,adv_034,adv_claude_opus_4_8,CounselBench-Adv,adversarial,assumptions,persona_mh_outputs/adv_claude_opus_4_8_responses_clean_v1.csv,33,7e9beb4813603a1df57814cc519dd93ee2e062bb9b6c7bb7e07b171ee3fea274
PMH-0471,persona_mh_human_v2,claude_opus_4_8,questionID_872,eval_claude_opus_4_8,CounselBench-Eval,behavioral-change,,persona_mh_outputs/eval_claude_opus_4_8_responses_clean_v1.csv,12,eab1be26c23d0f7c77555eae643c933f12a4ad4dce9c0af90f40a6283b5ba9f9
PMH-0472,persona_mh_human_v2,glm,adv_063,adv_glm,CounselBench-Adv,adversarial,judgmental,persona_mh_outputs/adv_glm_responses_clean_v1.csv,62,62f63fdff882f3d654dc09ae6ebfecf43f030d273d4c8447ad9048b22aa9d23e
PMH-0473,persona_mh_human_v2,gemini,questionID_452,eval_gemini,CounselBench-Eval,anger-management,,persona_mh_outputs/eval_gemini_responses_clean_v1.csv,37,70257b2f1ea08ecf09e7a64ea703a5908a4a4cc98af7149f55ee68ae7a5f8af8
PMH-0474,persona_mh_human_v2,glm,questionID_624,eval_glm,CounselBench-Eval,substance-abuse,,persona_mh_outputs/eval_glm_responses_clean_v3.csv,52,25ce298e4bc9fa675a1e783d463cdb005b5d72aa1ea04449be24f94b141f71c9
PMH-0475,persona_mh_human_v2,gemini,adv_010,adv_gemini,CounselBench-Adv,adversarial,apathetic,persona_mh_outputs/adv_gemini_responses_clean_v1.csv,9,9eb19f260e5ea17d357219b750ef98ff8d851cedb714ddea474fec3f1692e8c5
PMH-0476,persona_mh_human_v2,claude_opus_4_8,questionID_619,eval_claude_opus_4_8,CounselBench-Eval,substance-abuse,,persona_mh_outputs/eval_claude_opus_4_8_responses_clean_v1.csv,87,a9bd4f5f5add84d5d5761c6da0f64817dd81025fce5c97519d6a268c6cced4b0
PMH-0477,persona_mh_human_v2,claude_opus_4_8,adv_109,adv_claude_opus_4_8,CounselBench-Adv,adversarial,therapy,persona_mh_outputs/adv_claude_opus_4_8_responses_clean_v1.csv,108,9871b94a2533b17ef60a42aee08ef7785be58b8d6fd2103a09555aa4a6bf1849
PMH-0478,persona_mh_human_v2,glm,adv_064,adv_glm,CounselBench-Adv,adversarial,judgmental,persona_mh_outputs/adv_glm_responses_clean_v1.csv,63,6a77e81c75da4793b61b7e4525bce277cc9047885b570314f925c4b3a45276af
PMH-0479,persona_mh_human_v2,glm,adv_011,adv_glm,CounselBench-Adv,adversarial,apathetic,persona_mh_outputs/adv_glm_responses_clean_v1.csv,10,eee24a94ad3f355815f17911eb11e90a7cff4bfbf2482b17a96226d533d69e68
PMH-0480,persona_mh_human_v2,gemini,questionID_707,eval_gemini,CounselBench-Eval,marriage,,persona_mh_outputs/eval_gemini_responses_clean_v1.csv,62,2789297cbc7e28c2362ce2de2afcd6d55906dcd3a5b6bdba5a09b918baabe87e
PMH-0481,persona_mh_human_v2,gemini,questionID_711,eval_gemini,CounselBench-Eval,eating-disorders,,persona_mh_outputs/eval_gemini_responses_clean_v1.csv,64,33f2d6e642749d2ca4cdce785747c8abda39363623fb89579e3c850dbd2129b3
PMH-0482,persona_mh_human_v2,gemini,adv_056,adv_gemini,CounselBench-Adv,adversarial,symptoms,persona_mh_outputs/adv_gemini_responses_clean_v1.csv,55,51d4b20c847608e8f49fcf820fae10e8906995f7ab0055b0ef6ac53705928888
PMH-0483,persona_mh_human_v2,glm,adv_092,adv_glm,CounselBench-Adv,adversarial,medication,persona_mh_outputs/adv_glm_responses_clean_v1.csv,91,814bc79138efd564e28f71050d360f3b7ad9f06a42ce17cf3c6f389fdc1bd349
PMH-0484,persona_mh_human_v2,claude_opus_4_8,adv_018,adv_claude_opus_4_8,CounselBench-Adv,adversarial,apathetic,persona_mh_outputs/adv_claude_opus_4_8_responses_clean_v1.csv,17,a33cbbe4998fa97a1def275cf7c7da1f7741192262e581c7e379372d589ff015
PMH-0485,persona_mh_human_v2,gemini,adv_050,adv_gemini,CounselBench-Adv,adversarial,symptoms,persona_mh_outputs/adv_gemini_responses_clean_v1.csv,49,d8051eaadca46b6cbfb35d8680ccdbf50262783b284f5c725bcd9b61da6a60c0
PMH-0486,persona_mh_human_v2,glm,adv_090,adv_glm,CounselBench-Adv,adversarial,medication,persona_mh_outputs/adv_glm_responses_clean_v1.csv,89,e679cb59f7f7208017d7f799b5830fdd4d18b05a6ddde5e5147d14a52b8b78cc
PMH-0487,persona_mh_human_v2,gemini,questionID_315,eval_gemini,CounselBench-Eval,self-esteem,,persona_mh_outputs/eval_gemini_responses_clean_v1.csv,15,575c2c80dc959bfe6fec2374080150478e16335ca4c183d4a66ba7c3dd76cef8
PMH-0488,persona_mh_human_v2,gemini,adv_012,adv_gemini,CounselBench-Adv,adversarial,apathetic,persona_mh_outputs/adv_gemini_responses_clean_v1.csv,11,7291492b90e6491e825f89be9d7060b494219ff140a19f5849633a085d11e9ab
PMH-0489,persona_mh_human_v2,claude_opus_4_8,adv_006,adv_claude_opus_4_8,CounselBench-Adv,adversarial,apathetic,persona_mh_outputs/adv_claude_opus_4_8_responses_clean_v1.csv,5,988b319a9d81339e3d744c16ca3240dd2906b75bc0bdc9d620c9e3c622d345e6
PMH-0490,persona_mh_human_v2,claude_opus_4_8,questionID_914,eval_claude_opus_4_8,CounselBench-Eval,social-relationships,,persona_mh_outputs/eval_claude_opus_4_8_responses_clean_v1.csv,81,c9f081744c46c31d9a6456b607e0926164c21a3417c96eb28bbe05d1bcdbd77b
PMH-0491,persona_mh_human_v2,glm,questionID_229,eval_glm,CounselBench-Eval,anxiety,,persona_mh_outputs/eval_glm_responses_clean_v3.csv,5,925014c56a5f9a4a219d68eba7af812c7e386482cf95a6dbb3f1587e25f0bea8
PMH-0492,persona_mh_human_v2,gemini,questionID_897,eval_gemini,CounselBench-Eval,professional-ethics,,persona_mh_outputs/eval_gemini_responses_clean_v1.csv,87,4382230d6a6a9fd035b43b980c65d26b0b1b48d5ea96c8dc3981a60bc45851ee
PMH-0493,persona_mh_human_v2,glm,adv_023,adv_glm,CounselBench-Adv,adversarial,assumptions,persona_mh_outputs/adv_glm_responses_clean_v1.csv,22,90cfab9d2c024f29f78196239be4661d3112895df68bb996c7aab838a6b6e9f0
PMH-0494,persona_mh_human_v2,claude_opus_4_8,questionID_168,eval_claude_opus_4_8,CounselBench-Eval,anxiety,,persona_mh_outputs/eval_claude_opus_4_8_responses_clean_v1.csv,8,f36e03da13f43f844a788ce7a47111b239a1b0a07227f84a417555e2c7d1b1bc
PMH-0495,persona_mh_human_v2,glm,questionID_708,eval_glm,CounselBench-Eval,eating-disorders,,persona_mh_outputs/eval_glm_responses_clean_v3.csv,63,07c88618f743e84b55a732904a404ad81b90451a5c7f1d49cb8d1bc736e0dec6
PMH-0496,persona_mh_human_v2,glm,adv_067,adv_glm,CounselBench-Adv,adversarial,judgmental,persona_mh_outputs/adv_glm_responses_clean_v1.csv,66,c3a5facb5d3b54ef9fc36c32c07fcc64e7826aef5bb1cef114ebc18064f12ab9
PMH-0497,persona_mh_human_v2,glm,adv_052,adv_glm,CounselBench-Adv,adversarial,symptoms,persona_mh_outputs/adv_glm_responses_clean_v1.csv,51,c83ce8e11488ac1cc1a89590c13b4d8cd89575ef235602684fd0f6c82d9540cc
PMH-0498,persona_mh_human_v2,claude_opus_4_8,questionID_702,eval_claude_opus_4_8,CounselBench-Eval,marriage,,persona_mh_outputs/eval_claude_opus_4_8_responses_clean_v1.csv,52,7dd3bc84680afe01626b72effd20143bdc50dfe1f21d78fd88d8a8d787046c02
PMH-0499,persona_mh_human_v2,gemini,questionID_611,eval_gemini,CounselBench-Eval,grief-and-loss,,persona_mh_outputs/eval_gemini_responses_clean_v1.csv,46,eedbe42e03b5554700a197c0f69e27bb5206561bb3cd38bf98758bf67b524108
PMH-0500,persona_mh_human_v2,glm,adv_119,adv_glm,CounselBench-Adv,adversarial,therapy,persona_mh_outputs/adv_glm_responses_clean_v1.csv,118,eda43393c3c34554e6c8a9050989e37b1d7e8d76f753fa782c26dfc7afe4ce90
PMH-0501,persona_mh_human_v2,gemini,questionID_938,eval_gemini,CounselBench-Eval,counseling-fundamentals,,persona_mh_outputs/eval_gemini_responses_clean_v1.csv,98,2d205c9eb5949ba2e61461caefea62e51302592177d20c109094fc0b8ffd8259
PMH-0502,persona_mh_human_v2,gemini,adv_013,adv_gemini,CounselBench-Adv,adversarial,apathetic,persona_mh_outputs/adv_gemini_responses_clean_v1.csv,12,c1cc7a480248e527f5804d994a51d436287964d48cf2622c059638d3efef7890
PMH-0503,persona_mh_human_v2,glm,questionID_51,eval_glm,CounselBench-Eval,depression,,persona_mh_outputs/eval_glm_responses_clean_v3.csv,42,861ff7137cea5b11c40edee37b481bdb8ea0e26d199045ee0b317906d29df430
PMH-0504,persona_mh_human_v2,glm,questionID_432,eval_glm,CounselBench-Eval,trauma,,persona_mh_outputs/eval_glm_responses_clean_v3.csv,31,2c5e2f91485430a892ac91dd5a5b82f51bb5e6dcd9f71154b7f596bab505e27e
PMH-0505,persona_mh_human_v2,claude_opus_4_8,questionID_452,eval_claude_opus_4_8,CounselBench-Eval,anger-management,,persona_mh_outputs/eval_claude_opus_4_8_responses_clean_v1.csv,0,781ca30ddc3624aceeea897d76f1475ec9500b836d763c4558ab482982560d39
PMH-0506,persona_mh_human_v2,claude_opus_4_8,adv_049,adv_claude_opus_4_8,CounselBench-Adv,adversarial,symptoms,persona_mh_outputs/adv_claude_opus_4_8_responses_clean_v1.csv,48,db6d157e2dcff1e6d23185aa0bd8206c7b6be810442e47b84714457281b7e2ff
PMH-0507,persona_mh_human_v2,claude_opus_4_8,adv_102,adv_claude_opus_4_8,CounselBench-Adv,adversarial,therapy,persona_mh_outputs/adv_claude_opus_4_8_responses_clean_v1.csv,101,9c9804f0f27e4930a8aad7aba1177a2e7e42d4e692b9341d95aff131d7c1779f
PMH-0508,persona_mh_human_v2,glm,questionID_921,eval_glm,CounselBench-Eval,social-relationships,,persona_mh_outputs/eval_glm_responses_clean_v3.csv,93,69145d32cdb93b9f905b7dc771c09d1d21db3ff08ce4019fa97f92256b82f9e1
PMH-0509,persona_mh_human_v2,gemini,adv_051,adv_gemini,CounselBench-Adv,adversarial,symptoms,persona_mh_outputs/adv_gemini_responses_clean_v1.csv,50,ab00cae3d0b34d9e9c89a0d24c1c4591698fabf6c06abf97a585ccf9d7b78f1a
PMH-0510,persona_mh_human_v2,gemini,questionID_464,eval_gemini,CounselBench-Eval,anger-management,,persona_mh_outputs/eval_gemini_responses_clean_v1.csv,38,209b53083c897f5dbd60fbd50a4999f8ca365278b520b67ebfac611b4015e351
PMH-0511,persona_mh_human_v2,gemini,adv_114,adv_gemini,CounselBench-Adv,adversarial,therapy,persona_mh_outputs/adv_gemini_responses_clean_v1.csv,113,c92fff26d32e72c2c8651f1ab8a060ba625c198cae49d1649af5063ccc3d3bd0
PMH-0512,persona_mh_human_v2,gemini,questionID_704,eval_gemini,CounselBench-Eval,marriage,,persona_mh_outputs/eval_gemini_responses_clean_v1.csv,61,d2092c9dbea18704fc2319a0eb54e600c07a2051f62048d895ca9ab4d004754c
PMH-0513,persona_mh_human_v2,glm,questionID_611,eval_glm,CounselBench-Eval,grief-and-loss,,persona_mh_outputs/eval_glm_responses_clean_v3.csv,46,1c71e6d77d9a4ed97f987098cc0b1ebe22cd50552030bcb89f86f1c8e11666f0
PMH-0514,persona_mh_human_v2,gemini,adv_081,adv_gemini,CounselBench-Adv,adversarial,medication,persona_mh_outputs/adv_gemini_responses_clean_v1.csv,80,4cd28d1978055b6679933f626042e3c18f5afa88d94e07019bcb27b0a827100b
PMH-0515,persona_mh_human_v2,gemini,adv_112,adv_gemini,CounselBench-Adv,adversarial,therapy,persona_mh_outputs/adv_gemini_responses_clean_v1.csv,111,615cb7cf5a432d4ae95a46d141f08ba5f42e6743ace48e92c1a1b9e3ce6bed76
PMH-0516,persona_mh_human_v2,claude_opus_4_8,questionID_466,eval_claude_opus_4_8,CounselBench-Eval,anger-management,,persona_mh_outputs/eval_claude_opus_4_8_responses_clean_v1.csv,2,51cf6a9e77e2ce3301749b55ffcdbb26d601ab4c5570b2cdfb0fcfed3c4c9107
PMH-0517,persona_mh_human_v2,claude_opus_4_8,questionID_895,eval_claude_opus_4_8,CounselBench-Eval,professional-ethics,,persona_mh_outputs/eval_claude_opus_4_8_responses_clean_v1.csv,60,2c8531ed79e78d55ea5db8f0b2921f7f4070e6ef1a26d17b756cb6ae2473d005
PMH-0518,persona_mh_human_v2,glm,adv_006,adv_glm,CounselBench-Adv,adversarial,apathetic,persona_mh_outputs/adv_glm_responses_clean_v1.csv,5,b99e984f8ad8962c12389794ad6020efb1803a6f94e7880ae8422e3e833ef8bc
PMH-0519,persona_mh_human_v2,glm,adv_065,adv_glm,CounselBench-Adv,adversarial,judgmental,persona_mh_outputs/adv_glm_responses_clean_v1.csv,64,3431192f1d3d15a96cc4f4b4a78aa23c44f869d1f2abd9481364edbe11486af7
PMH-0520,persona_mh_human_v2,glm,adv_044,adv_glm,CounselBench-Adv,adversarial,symptoms,persona_mh_outputs/adv_glm_responses_clean_v1.csv,43,dcf9146ad1a5151a50fef557434d097562375c8d5aaace6314250f68781a01f4
PMH-0521,persona_mh_human_v2,claude_opus_4_8,questionID_420,eval_claude_opus_4_8,CounselBench-Eval,trauma,,persona_mh_outputs/eval_claude_opus_4_8_responses_clean_v1.csv,92,a1f284897a1b27ffc8662f5b87ed3aade2c34898640225fff1813c6d5c484db8
PMH-0522,persona_mh_human_v2,claude_opus_4_8,adv_026,adv_claude_opus_4_8,CounselBench-Adv,adversarial,assumptions,persona_mh_outputs/adv_claude_opus_4_8_responses_clean_v1.csv,25,d3da1629853208ee8d8370d24fa7ac29b6b347a1215352e52416a3816bfa6fa8
PMH-0523,persona_mh_human_v2,claude_opus_4_8,questionID_392,eval_claude_opus_4_8,CounselBench-Eval,workplace-relationships,,persona_mh_outputs/eval_claude_opus_4_8_responses_clean_v1.csv,97,c56c75baf8c2595c5dab6bae4d75f494059997e89b632b5407e9dbde7a55b032
PMH-0524,persona_mh_human_v2,gemini,adv_068,adv_gemini,CounselBench-Adv,adversarial,judgmental,persona_mh_outputs/adv_gemini_responses_clean_v1.csv,67,04ed2eff166dc218e9878644e6f5d55f16743b23fb69a038697a9994642021ae
PMH-0525,persona_mh_human_v2,claude_opus_4_8,adv_035,adv_claude_opus_4_8,CounselBench-Adv,adversarial,assumptions,persona_mh_outputs/adv_claude_opus_4_8_responses_clean_v1.csv,34,ea8d1f3b3e390f6b8677da6ebc487624e74c508d479c03a49a4064965d79e89a
PMH-0526,persona_mh_human_v2,gemini,questionID_603,eval_gemini,CounselBench-Eval,grief-and-loss,,persona_mh_outputs/eval_gemini_responses_clean_v1.csv,44,786e149f90e6d5caa49c39750eb49c8421afd8876108b3ffeb8b89155b356a6b
PMH-0527,persona_mh_human_v2,claude_opus_4_8,questionID_921,eval_claude_opus_4_8,CounselBench-Eval,social-relationships,,persona_mh_outputs/eval_claude_opus_4_8_responses_clean_v1.csv,83,bb4b22db46acd88b85533dc031b095df6fb945be67b2f7da2bc585ed2afcdd19
PMH-0528,persona_mh_human_v2,gemini,questionID_939,eval_gemini,CounselBench-Eval,counseling-fundamentals,,persona_mh_outputs/eval_gemini_responses_clean_v1.csv,99,d0acbbffc6be6aba1214fb5dc89fa55629dd373eaafe960c2f331ac6e6bbeda3
PMH-0529,persona_mh_human_v2,gemini,questionID_250,eval_gemini,CounselBench-Eval,parenting,,persona_mh_outputs/eval_gemini_responses_clean_v1.csv,7,296c47bc1104fba53548b0d2a172831753a6c8cb7f8cced87f131988738d52e2
PMH-0530,persona_mh_human_v2,glm,adv_019,adv_glm,CounselBench-Adv,adversarial,apathetic,persona_mh_outputs/adv_glm_responses_clean_v1.csv,18,cf32c78bf7dd86e48a05b4383b20f16073334880d9d6797ec6d865512f97e0b7
PMH-0531,persona_mh_human_v2,glm,questionID_704,eval_glm,CounselBench-Eval,marriage,,persona_mh_outputs/eval_glm_responses_clean_v3.csv,61,0f60815a5181982652bbad8c214446e2ddeae1bca870c2546c19d825821b40ed
PMH-0532,persona_mh_human_v2,gemini,adv_072,adv_gemini,CounselBench-Adv,adversarial,judgmental,persona_mh_outputs/adv_gemini_responses_clean_v1.csv,71,d699ac1f5f6495defb04319e625ef3a46a62b2f2ff366681c52af05e54e05ff2
PMH-0533,persona_mh_human_v2,glm,adv_095,adv_glm,CounselBench-Adv,adversarial,medication,persona_mh_outputs/adv_glm_responses_clean_v1.csv,94,c554ba3a4ec90659a409d921f5b30f230b2d23084fdb481debac542e599aa63e
PMH-0534,persona_mh_human_v2,glm,adv_104,adv_glm,CounselBench-Adv,adversarial,therapy,persona_mh_outputs/adv_glm_responses_clean_v1.csv,103,01abdcf5c55d890cb944a2ed143c2b90378e390a743934e309510a2ded924372
PMH-0535,persona_mh_human_v2,gemini,questionID_727,eval_gemini,CounselBench-Eval,relationships,,persona_mh_outputs/eval_gemini_responses_clean_v1.csv,70,87187200dacf98534fe4d16f25a9e7178bff343197621156080c554106a72c56
PMH-0536,persona_mh_human_v2,gemini,adv_036,adv_gemini,CounselBench-Adv,adversarial,assumptions,persona_mh_outputs/adv_gemini_responses_clean_v1.csv,35,6df9be671e34de9297cfa90699a8685b418e36bb12d0e981b3255cd02adf0e12
PMH-0537,persona_mh_human_v2,gemini,adv_084,adv_gemini,CounselBench-Adv,adversarial,medication,persona_mh_outputs/adv_gemini_responses_clean_v1.csv,83,59febd051a18d2211c718b5fb754d4a4ef1148aa8b4a29fc99575a6cef1a5e43
PMH-0538,persona_mh_human_v2,gemini,adv_002,adv_gemini,CounselBench-Adv,adversarial,apathetic,persona_mh_outputs/adv_gemini_responses_clean_v1.csv,1,69c8a71fd4ca536768fa84bbda265a12a9a3fc2235c5f0e9cbd471852fa817b0
PMH-0539,persona_mh_human_v2,claude_opus_4_8,questionID_936,eval_claude_opus_4_8,CounselBench-Eval,counseling-fundamentals,,persona_mh_outputs/eval_claude_opus_4_8_responses_clean_v1.csv,17,0cb5989227f3626046343836a9e3286c2e8222a5f33d5fbeb4070cff4074ce09
PMH-0540,persona_mh_human_v2,claude_opus_4_8,questionID_877,eval_claude_opus_4_8,CounselBench-Eval,behavioral-change,,persona_mh_outputs/eval_claude_opus_4_8_responses_clean_v1.csv,14,5e91081828e8f86666e3aa504f15e473479ecc4bf6db0b39e8335c0f63c8f5eb
PMH-0541,persona_mh_human_v2,glm,questionID_895,eval_glm,CounselBench-Eval,professional-ethics,,persona_mh_outputs/eval_glm_responses_clean_v3.csv,85,8c7b0fea4c37a66ba4653e4ebe9ecc7d64784ced4b79b3b5e7b527c7242f9935
PMH-0542,persona_mh_human_v2,glm,adv_097,adv_glm,CounselBench-Adv,adversarial,medication,persona_mh_outputs/adv_glm_responses_clean_v1.csv,96,1925836c13da7eb24d65a88198ba9242992d7d40ce22812b92930a07a5ce03b9
PMH-0543,persona_mh_human_v2,glm,adv_107,adv_glm,CounselBench-Adv,adversarial,therapy,persona_mh_outputs/adv_glm_responses_clean_v1.csv,106,73699fd9980c646bbd407312b25a1aefdd8bee8fa7fd326954328b6d9f705bc6
PMH-0544,persona_mh_human_v2,glm,adv_025,adv_glm,CounselBench-Adv,adversarial,assumptions,persona_mh_outputs/adv_glm_responses_clean_v1.csv,24,281094b88437e26654f67203146ef003350dce6de268bcfbdc0fd72e3f0d26ad
PMH-0545,persona_mh_human_v2,glm,adv_049,adv_glm,CounselBench-Adv,adversarial,symptoms,persona_mh_outputs/adv_glm_responses_clean_v1.csv,48,ac5aabfd128a6121bd50154a71dccc8713600a8e46ae4a9b5c4289bf06675004
PMH-0546,persona_mh_human_v2,glm,questionID_616,eval_glm,CounselBench-Eval,substance-abuse,,persona_mh_outputs/eval_glm_responses_clean_v3.csv,49,522e8ac5307c168ea4a6fd30ab840485b1b61774df286737b8dfa8414f0a1220
PMH-0547,persona_mh_human_v2,claude_opus_4_8,questionID_886,eval_claude_opus_4_8,CounselBench-Eval,legal-regulatory,,persona_mh_outputs/eval_claude_opus_4_8_responses_clean_v1.csv,47,8fb7b159c59db398a154608e3eb305387ae17437f66c0877d451e8198878acda
PMH-0548,persona_mh_human_v2,claude_opus_4_8,adv_011,adv_claude_opus_4_8,CounselBench-Adv,adversarial,apathetic,persona_mh_outputs/adv_claude_opus_4_8_responses_clean_v1.csv,10,d0dfbabb7604cabe2a9cd523df484a309b6b449fe3620322f71b445649a41fed
PMH-0549,persona_mh_human_v2,gemini,adv_073,adv_gemini,CounselBench-Adv,adversarial,judgmental,persona_mh_outputs/adv_gemini_responses_clean_v1.csv,72,5f29abe364d0a3ef1e1cee53f4799a8305d321ef0d116d111255deff4db92332
PMH-0550,persona_mh_human_v2,gemini,questionID_139,eval_gemini,CounselBench-Eval,depression,,persona_mh_outputs/eval_gemini_responses_clean_v1.csv,0,601bf00d34863259f432b705e8c5105c2eddba0c10c6fe966f53ab2b9117ca6b
PMH-0551,persona_mh_human_v2,glm,adv_078,adv_glm,CounselBench-Adv,adversarial,judgmental,persona_mh_outputs/adv_glm_responses_clean_v1.csv,77,61489b99dc22c7207aa106d90ca31a3b7c4141b37aaeb96fb363397cd78a2856
PMH-0552,persona_mh_human_v2,gemini,adv_116,adv_gemini,CounselBench-Adv,adversarial,therapy,persona_mh_outputs/adv_gemini_responses_clean_v1.csv,115,7774dabb096d8d9b114b806fb913fc6eda996a2772500dae6907f7b836093a87
PMH-0553,persona_mh_human_v2,glm,adv_039,adv_glm,CounselBench-Adv,adversarial,assumptions,persona_mh_outputs/adv_glm_responses_clean_v1.csv,38,f8081d51cb63955daf557381d8978a0e69eede93cb80f4f7890fcb9a07bf003b
PMH-0554,persona_mh_human_v2,glm,questionID_887,eval_glm,CounselBench-Eval,legal-regulatory,,persona_mh_outputs/eval_glm_responses_clean_v3.csv,83,0b6941169bef4508be245ea30acfc1c05ef2dbaff640f09832e06321a717898e
PMH-0555,persona_mh_human_v2,claude_opus_4_8,adv_041,adv_claude_opus_4_8,CounselBench-Adv,adversarial,symptoms,persona_mh_outputs/adv_claude_opus_4_8_responses_clean_v1.csv,40,4298becfe94ace24a423c429b546334b6ed6f27dc3e70b6037112056dccd0083
PMH-0556,persona_mh_human_v2,glm,adv_098,adv_glm,CounselBench-Adv,adversarial,medication,persona_mh_outputs/adv_glm_responses_clean_v1.csv,97,18a8f2a8c5667783c3b821d06ab630dd939f08d18ef3c1146e8c385e8e4654ae
PMH-0557,persona_mh_human_v2,claude_opus_4_8,questionID_732,eval_claude_opus_4_8,CounselBench-Eval,relationships,,persona_mh_outputs/eval_claude_opus_4_8_responses_clean_v1.csv,73,e8d74730ca9346c7356d62ace93c3c7f1c9b11a993519df1b7af1faf2e585a7b
PMH-0558,persona_mh_human_v2,claude_opus_4_8,adv_025,adv_claude_opus_4_8,CounselBench-Adv,adversarial,assumptions,persona_mh_outputs/adv_claude_opus_4_8_responses_clean_v1.csv,24,e8fc490be56187f516494dee45719200c9009f7bdb4a61b0a7fd3a15d4314ba9
PMH-0559,persona_mh_human_v2,gemini,questionID_694,eval_gemini,CounselBench-Eval,marriage,,persona_mh_outputs/eval_gemini_responses_clean_v1.csv,59,203e0d39600a57a96ae9c0595b544581de2f44273e7feef78c3002493db85f18
PMH-0560,persona_mh_human_v2,gemini,adv_018,adv_gemini,CounselBench-Adv,adversarial,apathetic,persona_mh_outputs/adv_gemini_responses_clean_v1.csv,17,3608b2a167474dac4496814db78a5f3715608d76aa957087cc42359fbe8e28fd
PMH-0561,persona_mh_human_v2,gemini,adv_088,adv_gemini,CounselBench-Adv,adversarial,medication,persona_mh_outputs/adv_gemini_responses_clean_v1.csv,87,f6e78f90d683e9977f627907a4f2e02a563a9512b47b55c2000171ceb2234b6d
PMH-0562,persona_mh_human_v2,gemini,questionID_933,eval_gemini,CounselBench-Eval,counseling-fundamentals,,persona_mh_outputs/eval_gemini_responses_clean_v1.csv,95,373b0a3988e9c49376b4fae8e1fdd1bb5ea87c8abb6ee380f79bc324ed130156
PMH-0563,persona_mh_human_v2,gemini,adv_031,adv_gemini,CounselBench-Adv,adversarial,assumptions,persona_mh_outputs/adv_gemini_responses_clean_v1.csv,30,07f9c98130895d8bbed58ee85aea6e9635ec893b449dccd42361f291bff17657
PMH-0564,persona_mh_human_v2,glm,questionID_712,eval_glm,CounselBench-Eval,eating-disorders,,persona_mh_outputs/eval_glm_responses_clean_v3.csv,65,f802f4a891b24593413e9d8bd2262a036dfaab9be66e45a43caaee60414b4949
PMH-0565,persona_mh_human_v2,gemini,adv_016,adv_gemini,CounselBench-Adv,adversarial,apathetic,persona_mh_outputs/adv_gemini_responses_clean_v1.csv,15,c9108195a2bf627f88bc9911b3ff594a3857dcf22cfb0037f8e5e028cf87fda6
PMH-0566,persona_mh_human_v2,gemini,adv_008,adv_gemini,CounselBench-Adv,adversarial,apathetic,persona_mh_outputs/adv_gemini_responses_clean_v1.csv,7,50b71128472a1e0d1c465b1ca2a95ef9fc217fbe8d212ef3789d2724a1245a17
PMH-0567,persona_mh_human_v2,claude_opus_4_8,adv_088,adv_claude_opus_4_8,CounselBench-Adv,adversarial,medication,persona_mh_outputs/adv_claude_opus_4_8_responses_clean_v1.csv,87,1be398d3cb379a7b8554bc3d19125503e303bd250e26eb8e4b0df312e854df8d
PMH-0568,persona_mh_human_v2,glm,questionID_727,eval_glm,CounselBench-Eval,relationships,,persona_mh_outputs/eval_glm_responses_clean_v3.csv,70,36944ff097ccc1e76facbf29f28cacca30ef19884498983c42108f3f61239ddf
PMH-0569,persona_mh_human_v2,glm,adv_057,adv_glm,CounselBench-Adv,adversarial,symptoms,persona_mh_outputs/adv_glm_responses_clean_v1.csv,56,d9255d7084b260394802bb8d1f388abc9a1d186e5af65d06c14c33cef34e878f
PMH-0570,persona_mh_human_v2,claude_opus_4_8,questionID_624,eval_claude_opus_4_8,CounselBench-Eval,substance-abuse,,persona_mh_outputs/eval_claude_opus_4_8_responses_clean_v1.csv,89,07178f5e64c46693742331ae9ced618f8cfad97ed5848445f1e94d30e9c87093
PMH-0571,persona_mh_human_v2,claude_opus_4_8,questionID_717,eval_claude_opus_4_8,CounselBench-Eval,relationships,,persona_mh_outputs/eval_claude_opus_4_8_responses_clean_v1.csv,71,c0627a7e683427aeb21c62848750ffcbdc016c6182a48596f005a4b7ba37c95b
PMH-0572,persona_mh_human_v2,gemini,adv_103,adv_gemini,CounselBench-Adv,adversarial,therapy,persona_mh_outputs/adv_gemini_responses_clean_v1.csv,102,a82016f7413c53032514384d74869ad0767eb39abc2dd764c1bf63b5401fb65f
PMH-0573,persona_mh_human_v2,glm,adv_091,adv_glm,CounselBench-Adv,adversarial,medication,persona_mh_outputs/adv_glm_responses_clean_v1.csv,90,75e6fb1c5bed49787981aa6500e7cade3546583fea4ba7bd06dc9d22c07f8a8c
PMH-0574,persona_mh_human_v2,gemini,adv_085,adv_gemini,CounselBench-Adv,adversarial,medication,persona_mh_outputs/adv_gemini_responses_clean_v1.csv,84,6791d9452fd05f6ab55e913c07cdfd2faa35cc1d235daca197db9d48a41280c8
PMH-0575,persona_mh_human_v2,gemini,questionID_862,eval_gemini,CounselBench-Eval,behavioral-change,,persona_mh_outputs/eval_gemini_responses_clean_v1.csv,76,0b761f3c0884c6f2e851d0e2112d1c78605ec8783837f0f5f1d561a178674e7f
PMH-0576,persona_mh_human_v2,claude_opus_4_8,questionID_630,eval_claude_opus_4_8,CounselBench-Eval,family-conflict,,persona_mh_outputs/eval_claude_opus_4_8_responses_clean_v1.csv,36,2d804c9bb409e51f63915946bb87d1064a4e4cb6e4a40a90978bd93be93a72a1
PMH-0577,persona_mh_human_v2,gemini,adv_097,adv_gemini,CounselBench-Adv,adversarial,medication,persona_mh_outputs/adv_gemini_responses_clean_v1.csv,96,a18611529086dc219d4f2f42939ef36b5e359230c997606515f553ecd1d58271
PMH-0578,persona_mh_human_v2,glm,questionID_892,eval_glm,CounselBench-Eval,legal-regulatory,,persona_mh_outputs/eval_glm_responses_clean_v3.csv,84,29a9371e9272ca28c2a8e170c03d9cf1015bd1a620508e965af8a7c0447b2ab5
PMH-0579,persona_mh_human_v2,glm,adv_117,adv_glm,CounselBench-Adv,adversarial,therapy,persona_mh_outputs/adv_glm_responses_clean_v1.csv,116,8b949b63a6dd88d94b6801c50c489f17160e889535e96974fd7e09d13812144d
PMH-0580,persona_mh_human_v2,claude_opus_4_8,adv_010,adv_claude_opus_4_8,CounselBench-Adv,adversarial,apathetic,persona_mh_outputs/adv_claude_opus_4_8_responses_clean_v1.csv,9,52bcfd1d44d658fc915af326ae3c1e9438c6e749420f9546a3ca89d191b00839
PMH-0581,persona_mh_human_v2,gemini,questionID_675,eval_gemini,CounselBench-Eval,family-conflict,,persona_mh_outputs/eval_gemini_responses_clean_v1.csv,56,8942abae8014260ae9b7416bc4c6230e0009abff0fa4d1c4e9fde732f0e7c657
PMH-0582,persona_mh_human_v2,claude_opus_4_8,adv_072,adv_claude_opus_4_8,CounselBench-Adv,adversarial,judgmental,persona_mh_outputs/adv_claude_opus_4_8_responses_clean_v1.csv,71,49fa22bc12a36f605fda979bdaee8726523d0daeda1e0e59758cc411fa10445b
PMH-0583,persona_mh_human_v2,glm,adv_076,adv_glm,CounselBench-Adv,adversarial,judgmental,persona_mh_outputs/adv_glm_responses_clean_v1.csv,75,8ad3017a51806344d2593de1c3b10fc522e6a34f1bcf5dcd693f914e9b93730f
PMH-0584,persona_mh_human_v2,gemini,adv_075,adv_gemini,CounselBench-Adv,adversarial,judgmental,persona_mh_outputs/adv_gemini_responses_clean_v1.csv,74,f3b7794a13069a6b8af1fd7ab63442fd7daea263e9c1ef2116734f74bdde77e6
PMH-0585,persona_mh_human_v2,glm,adv_109,adv_glm,CounselBench-Adv,adversarial,therapy,persona_mh_outputs/adv_glm_responses_clean_v1.csv,108,7274ae294c2e027bd52d469505c67e11d3910d12c68080b69fd240b353b0e96c
PMH-0586,persona_mh_human_v2,glm,adv_014,adv_glm,CounselBench-Adv,adversarial,apathetic,persona_mh_outputs/adv_glm_responses_clean_v1.csv,13,1a06eab054262f30374824e783817dc3495570ad716643a2d0247fcf8e1927ab
PMH-0587,persona_mh_human_v2,claude_opus_4_8,adv_086,adv_claude_opus_4_8,CounselBench-Adv,adversarial,medication,persona_mh_outputs/adv_claude_opus_4_8_responses_clean_v1.csv,85,62050ac949b575ca531402f1e5a0d7cbb1d74837a6fae55517279ef83fa6714d
PMH-0588,persona_mh_human_v2,glm,adv_058,adv_glm,CounselBench-Adv,adversarial,symptoms,persona_mh_outputs/adv_glm_responses_clean_v1.csv,57,d7906b1214e351220feb94cd346692f3c56892cc9bc1880516dee5ae87058c3a
PMH-0589,persona_mh_human_v2,glm,adv_016,adv_glm,CounselBench-Adv,adversarial,apathetic,persona_mh_outputs/adv_glm_responses_clean_v1.csv,15,18ac853a02a42d1a6a9ebc5db91040c86e29ddd33df0b09c05b12944cc926bec
PMH-0590,persona_mh_human_v2,glm,adv_062,adv_glm,CounselBench-Adv,adversarial,judgmental,persona_mh_outputs/adv_glm_responses_clean_v1.csv,61,6e192c49daf7db382ed9508a0120a01183154c3e6f1add4770b2c20d6b398622
PMH-0591,persona_mh_human_v2,glm,adv_032,adv_glm,CounselBench-Adv,adversarial,assumptions,persona_mh_outputs/adv_glm_responses_clean_v1.csv,31,f163434561726f14d46e69449095697fb0f3ac2ca0f66ef9b6e58ba46444b064
PMH-0592,persona_mh_human_v2,claude_opus_4_8,questionID_436,eval_claude_opus_4_8,CounselBench-Eval,domestic-violence,,persona_mh_outputs/eval_claude_opus_4_8_responses_clean_v1.csv,25,0379724147a91fc228f072aa0132232171d222de98a2d5b9c3009a983a8157b8
PMH-0593,persona_mh_human_v2,claude_opus_4_8,adv_050,adv_claude_opus_4_8,CounselBench-Adv,adversarial,symptoms,persona_mh_outputs/adv_claude_opus_4_8_responses_clean_v1.csv,49,d403fefe3ad9c58db40d4186bd7d8d0ba963bc378b4593a21e1c5e10b1f94fa6
PMH-0594,persona_mh_human_v2,glm,adv_037,adv_glm,CounselBench-Adv,adversarial,assumptions,persona_mh_outputs/adv_glm_responses_clean_v1.csv,36,507032258667a5b7619e4b5c4b2d8b86e01489b011337bb608f055f036260851
PMH-0595,persona_mh_human_v2,glm,adv_112,adv_glm,CounselBench-Adv,adversarial,therapy,persona_mh_outputs/adv_glm_responses_clean_v1.csv,111,632607bab86091ab46bd177c0a443917cdda2df0608a37cd692b33d06f6a384b
PMH-0596,persona_mh_human_v2,gemini,adv_028,adv_gemini,CounselBench-Adv,adversarial,assumptions,persona_mh_outputs/adv_gemini_responses_clean_v1.csv,27,6b9d3d9a9fd8c67e55792903f0f5c3a3bca7eac2f606e1d04eac2e8a20a7d65b
PMH-0597,persona_mh_human_v2,claude_opus_4_8,adv_105,adv_claude_opus_4_8,CounselBench-Adv,adversarial,therapy,persona_mh_outputs/adv_claude_opus_4_8_responses_clean_v1.csv,104,46818cee81a9bdc7c39ac9780503dff7b16eb1abe259fb2eb93cd97615d807c3
PMH-0598,persona_mh_human_v2,claude_opus_4_8,questionID_51,eval_claude_opus_4_8,CounselBench-Eval,depression,,persona_mh_outputs/eval_claude_opus_4_8_responses_clean_v1.csv,22,af2a842e995e650786e507b9f4aef36bd1a1b8f0d992c7da72b0396b4afce891
PMH-0599,persona_mh_human_v2,claude_opus_4_8,adv_101,adv_claude_opus_4_8,CounselBench-Adv,adversarial,therapy,persona_mh_outputs/adv_claude_opus_4_8_responses_clean_v1.csv,100,9472d1cbffd501d7ff5d55cd49bd633857f0d22f907d38a620ae774a6e9f84be
PMH-0600,persona_mh_human_v2,gemini,adv_080,adv_gemini,CounselBench-Adv,adversarial,judgmental,persona_mh_outputs/adv_gemini_responses_clean_v1.csv,79,f33e5994eaa3848fe1487a0c17b3a4541d342bec9de44b21524920662730669a
PMH-0601,persona_mh_human_v2,claude_opus_4_8,adv_103,adv_claude_opus_4_8,CounselBench-Adv,adversarial,therapy,persona_mh_outputs/adv_claude_opus_4_8_responses_clean_v1.csv,102,9015675fdd1a3e22c707b17c5b2b009f35413e989a78ac4dc2fd0c8c1d499587
PMH-0602,persona_mh_human_v2,claude_opus_4_8,adv_043,adv_claude_opus_4_8,CounselBench-Adv,adversarial,symptoms,persona_mh_outputs/adv_claude_opus_4_8_responses_clean_v1.csv,42,10207a948eb97c37a1e06e177375689f8ea152ca61c6508ecdf8e9e864ef9dd0
PMH-0603,persona_mh_human_v2,claude_opus_4_8,adv_063,adv_claude_opus_4_8,CounselBench-Adv,adversarial,judgmental,persona_mh_outputs/adv_claude_opus_4_8_responses_clean_v1.csv,62,9a01a14208ff08307f26f4d9481650f76bbe38321b7c328c7d1ecaa5d11da491
PMH-0604,persona_mh_human_v2,claude_opus_4_8,questionID_616,eval_claude_opus_4_8,CounselBench-Eval,substance-abuse,,persona_mh_outputs/eval_claude_opus_4_8_responses_clean_v1.csv,86,228e33da4d3fa2b312174f7d97c41298e7ce32d2bd9c3469b3036fe9dcc9a1c4
PMH-0605,persona_mh_human_v2,gemini,questionID_451,eval_gemini,CounselBench-Eval,domestic-violence,,persona_mh_outputs/eval_gemini_responses_clean_v1.csv,36,662faba5d37e74c778d73c1bc4c473784216476593a117bc23b633cdce181ab8
PMH-0606,persona_mh_human_v2,gemini,questionID_872,eval_gemini,CounselBench-Eval,behavioral-change,,persona_mh_outputs/eval_gemini_responses_clean_v1.csv,77,42cb7ab700538423dca8ee461a6fad924cd33f612ebaafe183e98ff04b50f619
PMH-0607,persona_mh_human_v2,claude_opus_4_8,questionID_430,eval_claude_opus_4_8,CounselBench-Eval,trauma,,persona_mh_outputs/eval_claude_opus_4_8_responses_clean_v1.csv,93,cfc02fba369420882fbc2998b396f62449fc10e7cf0a1fc57ffcfe0fbea32b02
PMH-0608,persona_mh_human_v2,glm,questionID_430,eval_glm,CounselBench-Eval,trauma,,persona_mh_outputs/eval_glm_responses_clean_v3.csv,30,ed7772ef0c4d36e6ac1fb9ef36f59b154eb7e9da71bb1ba692b3f8d7f3d270c7
PMH-0609,persona_mh_human_v2,gemini,adv_033,adv_gemini,CounselBench-Adv,adversarial,assumptions,persona_mh_outputs/adv_gemini_responses_clean_v1.csv,32,95662216b182738a0037a167cdecddc57731200cdaefb58aabc5f8f921d959e1
PMH-0610,persona_mh_human_v2,gemini,questionID_261,eval_gemini,CounselBench-Eval,parenting,,persona_mh_outputs/eval_gemini_responses_clean_v1.csv,9,e874a004d7c6152d4665ac68af03b1d140db39cdc8550b30b19c4650ae12e911
PMH-0611,persona_mh_human_v2,claude_opus_4_8,adv_036,adv_claude_opus_4_8,CounselBench-Adv,adversarial,assumptions,persona_mh_outputs/adv_claude_opus_4_8_responses_clean_v1.csv,35,6016f5181dc8384c8400b8a2c9a6d466754f32ebd3f6ac661fcb922b59544d94
PMH-0612,persona_mh_human_v2,gemini,questionID_630,eval_gemini,CounselBench-Eval,family-conflict,,persona_mh_outputs/eval_gemini_responses_clean_v1.csv,54,57b542e6ebd8aa05d7bf9005ede251dfb4924cf413a5359d7aa036920c985ef5
PMH-0613,persona_mh_human_v2,glm,questionID_75,eval_glm,CounselBench-Eval,depression,,persona_mh_outputs/eval_glm_responses_clean_v3.csv,72,cca09f236d4a6051948cab2ea855d8eb58258f6255a236a26c31adf92395ef55
PMH-0614,persona_mh_human_v2,claude_opus_4_8,adv_021,adv_claude_opus_4_8,CounselBench-Adv,adversarial,assumptions,persona_mh_outputs/adv_claude_opus_4_8_responses_clean_v1.csv,20,9b8d6fcfefbb28b4dde67eb84a2e5fc45fc9e1810ea2d407b09062e816e3d938
PMH-0615,persona_mh_human_v2,glm,questionID_694,eval_glm,CounselBench-Eval,marriage,,persona_mh_outputs/eval_glm_responses_clean_v3.csv,59,979b21846eef9ad875dc545bbb4ae7d3c12bae10ebae3b82c47224d75f1708b3
PMH-0616,persona_mh_human_v2,claude_opus_4_8,adv_104,adv_claude_opus_4_8,CounselBench-Adv,adversarial,therapy,persona_mh_outputs/adv_claude_opus_4_8_responses_clean_v1.csv,103,495ce0fe4d5fa90a8866449f0be138fca751d1dd1fd30af7f4ad850664f65c67
PMH-0617,persona_mh_human_v2,gemini,questionID_917,eval_gemini,CounselBench-Eval,social-relationships,,persona_mh_outputs/eval_gemini_responses_clean_v1.csv,92,a376aaa2249c0433ca8eae1f1f7b59eb16c9e9b1c59f623b758660628b4f91d2
PMH-0618,persona_mh_human_v2,glm,adv_034,adv_glm,CounselBench-Adv,adversarial,assumptions,persona_mh_outputs/adv_glm_responses_clean_v1.csv,33,164a95d6ca805102f0d6bf3637c6c8ad0201ed56a6a506ef8ea199632cffbe82
PMH-0619,persona_mh_human_v2,glm,questionID_420,eval_glm,CounselBench-Eval,trauma,,persona_mh_outputs/eval_glm_responses_clean_v3.csv,29,bddf905fcfdb85febb665dca64f37af6d58002f0407f287415f4a4ad07efba26
PMH-0620,persona_mh_human_v2,claude_opus_4_8,adv_118,adv_claude_opus_4_8,CounselBench-Adv,adversarial,therapy,persona_mh_outputs/adv_claude_opus_4_8_responses_clean_v1.csv,117,adca2bcc5d83c5778fd973b0082dc9a95cfa372113405d0c0407640d9bb3cfbb
PMH-0621,persona_mh_human_v2,claude_opus_4_8,adv_112,adv_claude_opus_4_8,CounselBench-Adv,adversarial,therapy,persona_mh_outputs/adv_claude_opus_4_8_responses_clean_v1.csv,111,3a325e647e85da01288c1f477e8daa98d020d712b649da15e200d568dccc1ec2
PMH-0622,persona_mh_human_v2,gemini,questionID_732,eval_gemini,CounselBench-Eval,relationships,,persona_mh_outputs/eval_gemini_responses_clean_v1.csv,71,05cd13f5fc2f549f9c90c25bae5bac6ee4d6146b4d5644f6d900736c09a3664a
PMH-0623,persona_mh_human_v2,glm,questionID_614,eval_glm,CounselBench-Eval,substance-abuse,,persona_mh_outputs/eval_glm_responses_clean_v3.csv,48,5b39c3903ed42b3f1877a71f9c756a4bca27d320ec2af98028fd5f5a5c8d8e4f
PMH-0624,persona_mh_human_v2,gemini,questionID_714,eval_gemini,CounselBench-Eval,eating-disorders,,persona_mh_outputs/eval_gemini_responses_clean_v1.csv,67,50ffce386ddc0c6fa5ed5774c72dab56491fe59536cc9935acd29828ed1423e2
PMH-0625,persona_mh_human_v2,glm,questionID_419,eval_glm,CounselBench-Eval,trauma,,persona_mh_outputs/eval_glm_responses_clean_v3.csv,28,4c07b72617b4d65321d2ff6d81c64e33f67d368086b9db7c5066f75a526bef07
PMH-0626,persona_mh_human_v2,gemini,adv_078,adv_gemini,CounselBench-Adv,adversarial,judgmental,persona_mh_outputs/adv_gemini_responses_clean_v1.csv,77,f84e11781e95667ae21aca6af5229621d9224497909a082c94f709c10b548af0
PMH-0627,persona_mh_human_v2,gemini,adv_061,adv_gemini,CounselBench-Adv,adversarial,judgmental,persona_mh_outputs/adv_gemini_responses_clean_v1.csv,60,88041c279a9be822970b7af77f434eea709173bc9876b660e4eb05cd0fbf2876
PMH-0628,persona_mh_human_v2,claude_opus_4_8,adv_067,adv_claude_opus_4_8,CounselBench-Adv,adversarial,judgmental,persona_mh_outputs/adv_claude_opus_4_8_responses_clean_v1.csv,66,45fb3210e4a75957dfba61ae16ed9888e3a62320c12ce5a0f2a2c88bef0c2406
PMH-0629,persona_mh_human_v2,glm,questionID_732,eval_glm,CounselBench-Eval,relationships,,persona_mh_outputs/eval_glm_responses_clean_v3.csv,71,313b2c256370c74f9950516d19892ca464319c5c08a5ab084e7c9dbf6aa20ebd
PMH-0630,persona_mh_human_v2,claude_opus_4_8,adv_001,adv_claude_opus_4_8,CounselBench-Adv,adversarial,apathetic,persona_mh_outputs/adv_claude_opus_4_8_responses_clean_v1.csv,0,b02cf002d737c0086cc1ca7cf3b26380337e00c1149266ba72a455bd98a75a5a
PMH-0631,persona_mh_human_v2,gemini,questionID_684,eval_gemini,CounselBench-Eval,family-conflict,,persona_mh_outputs/eval_gemini_responses_clean_v1.csv,57,2387770c1ec3dab3938c02d5fb328fd52607c6e9a69b6b18541f50dde0371fdb
PMH-0632,persona_mh_human_v2,claude_opus_4_8,adv_044,adv_claude_opus_4_8,CounselBench-Adv,adversarial,symptoms,persona_mh_outputs/adv_claude_opus_4_8_responses_clean_v1.csv,43,3b1a5cd22de584c200c25026e272a6c163160e36a8a12be71e0c87244b1b3ac3
PMH-0633,persona_mh_human_v2,glm,adv_043,adv_glm,CounselBench-Adv,adversarial,symptoms,persona_mh_outputs/adv_glm_responses_clean_v1.csv,42,6a562a1fb29da9eb060a7c95eb9178d9577effb80c688e299e3c015dfa06b3e2
PMH-0634,persona_mh_human_v2,glm,adv_114,adv_glm,CounselBench-Adv,adversarial,therapy,persona_mh_outputs/adv_glm_responses_clean_v1.csv,113,5b2324fbb15bf92723201ca45b7ba89e52778b577697573b35811fbe8baab9ab
PMH-0635,persona_mh_human_v2,gemini,adv_087,adv_gemini,CounselBench-Adv,adversarial,medication,persona_mh_outputs/adv_gemini_responses_clean_v1.csv,86,09119ac96fb19a1bb8f8f72656c75a36a6ee14f49e8db8404ea2caad0e2b1277
PMH-0636,persona_mh_human_v2,gemini,questionID_436,eval_gemini,CounselBench-Eval,domestic-violence,,persona_mh_outputs/eval_gemini_responses_clean_v1.csv,32,4925e992ecd8ab429b2f162f210e8cc00fcc3e03e98143e28226a70ea44823c2
PMH-0637,persona_mh_human_v2,gemini,questionID_391,eval_gemini,CounselBench-Eval,workplace-relationships,,persona_mh_outputs/eval_gemini_responses_clean_v1.csv,23,038b20b386644eb69f336677d5520c32c0cd22b3429aad27ec4567edb72df929
PMH-0638,persona_mh_human_v2,glm,adv_046,adv_glm,CounselBench-Adv,adversarial,symptoms,persona_mh_outputs/adv_glm_responses_clean_v1.csv,45,7678dfd84e0f6142b3ec760c8a5020d72767c7368f0f604e4bbfa39fab2dd337
PMH-0639,persona_mh_human_v2,claude_opus_4_8,questionID_901,eval_claude_opus_4_8,CounselBench-Eval,professional-ethics,,persona_mh_outputs/eval_claude_opus_4_8_responses_clean_v1.csv,64,a70cf7aa907e91ab7fb958e1b76f993fe530889b97a0f588530f742bf0d2d16e
PMH-0640,persona_mh_human_v2,gemini,adv_079,adv_gemini,CounselBench-Adv,adversarial,judgmental,persona_mh_outputs/adv_gemini_responses_clean_v1.csv,78,73caa3dc4b5cfbd2577e3f505726258fd26ba2db208496e6866cd6ec41f00ea6
PMH-0641,persona_mh_human_v2,gemini,questionID_717,eval_gemini,CounselBench-Eval,relationships,,persona_mh_outputs/eval_gemini_responses_clean_v1.csv,69,68f2e7916de5ccf644554582eeea5b94e5758e1f9453f28dc4c226bee24d3bdb
PMH-0642,persona_mh_human_v2,glm,questionID_933,eval_glm,CounselBench-Eval,counseling-fundamentals,,persona_mh_outputs/eval_glm_responses_clean_v3.csv,95,d7d5ead7981c660b6ebcbd0c047cc80aaadcd1b520500b558092ba9167599f65
PMH-0643,persona_mh_human_v2,claude_opus_4_8,questionID_601,eval_claude_opus_4_8,CounselBench-Eval,grief-and-loss,,persona_mh_outputs/eval_claude_opus_4_8_responses_clean_v1.csv,40,5092a855811cc9fae14048cff63544b875f89b3e3840e743f029f1a10bf6b525
PMH-0644,persona_mh_human_v2,glm,adv_089,adv_glm,CounselBench-Adv,adversarial,medication,persona_mh_outputs/adv_glm_responses_clean_v1.csv,88,673c1163400b197d040d21b4f76fa421674e6bbe21d40558787b9b8c3757d3fd
PMH-0645,persona_mh_human_v2,gemini,adv_011,adv_gemini,CounselBench-Adv,adversarial,apathetic,persona_mh_outputs/adv_gemini_responses_clean_v1.csv,10,0f56a09cc395f30f34e14984776c04f70d27a55a2c6cc8a5a48a2963ad97615d
PMH-0646,persona_mh_human_v2,gemini,adv_038,adv_gemini,CounselBench-Adv,adversarial,assumptions,persona_mh_outputs/adv_gemini_responses_clean_v1.csv,37,ca48b88a982de1a2d2ced6f0e6251bf4389486d6c083c2604269352e68e26476
PMH-0647,persona_mh_human_v2,claude_opus_4_8,adv_051,adv_claude_opus_4_8,CounselBench-Adv,adversarial,symptoms,persona_mh_outputs/adv_claude_opus_4_8_responses_clean_v1.csv,50,c1839c152d175f604f42a869858ac22793f88fd0042745c6ef3953d983de0202
PMH-0648,persona_mh_human_v2,glm,adv_073,adv_glm,CounselBench-Adv,adversarial,judgmental,persona_mh_outputs/adv_glm_responses_clean_v1.csv,72,3f155cd4a4afafa3d68eae2f0ebfbdea37d4e02972c5d781aec339825801d4a0
PMH-0649,persona_mh_human_v2,claude_opus_4_8,questionID_432,eval_claude_opus_4_8,CounselBench-Eval,trauma,,persona_mh_outputs/eval_claude_opus_4_8_responses_clean_v1.csv,94,bb7c586e01ebf3488caf3b2ff078595747f4fe26aa8b8e60181dc6b7d7498e0a
PMH-0650,persona_mh_human_v2,gemini,questionID_466,eval_gemini,CounselBench-Eval,anger-management,,persona_mh_outputs/eval_gemini_responses_clean_v1.csv,39,d6d0952589ba1ac61caf2889006a3f8dcf6c2cc52899223d7f3b160194acb9ce
PMH-0651,persona_mh_human_v2,glm,adv_079,adv_glm,CounselBench-Adv,adversarial,judgmental,persona_mh_outputs/adv_glm_responses_clean_v1.csv,78,ac3139079d77940daf852da15fc9c9ca0cb7dbd3711d598d5b6699d91c55be50
PMH-0652,persona_mh_human_v2,gemini,adv_118,adv_gemini,CounselBench-Adv,adversarial,therapy,persona_mh_outputs/adv_gemini_responses_clean_v1.csv,117,e0c0e5c9ae6498d6a07509da778fe15641e40cc88dc1d3c89c0decb77d73728d
PMH-0653,persona_mh_human_v2,claude_opus_4_8,adv_054,adv_claude_opus_4_8,CounselBench-Adv,adversarial,symptoms,persona_mh_outputs/adv_claude_opus_4_8_responses_clean_v1.csv,53,e62cd8c660c549f2c2ee3f1a55adfb3de3b724dc4d85786f8d907dfdea8490a5
PMH-0654,persona_mh_human_v2,gemini,adv_111,adv_gemini,CounselBench-Adv,adversarial,therapy,persona_mh_outputs/adv_gemini_responses_clean_v1.csv,110,34bcca436beee967c879300401b134f15545e9da86547aa2e4211ca4979d9bd3
PMH-0655,persona_mh_human_v2,claude_opus_4_8,questionID_924,eval_claude_opus_4_8,CounselBench-Eval,social-relationships,,persona_mh_outputs/eval_claude_opus_4_8_responses_clean_v1.csv,84,8fc96d57b67f99b43f1296bbccc0b6b23a441f69abcc8d0e7b2e1b5b83af2265
PMH-0656,persona_mh_human_v2,gemini,questionID_388,eval_gemini,CounselBench-Eval,relationship-dissolution,,persona_mh_outputs/eval_gemini_responses_clean_v1.csv,21,dfaf79cd7e0865abac879b6e795706f209ede0ad39a9d85510f0d03734a4df1c
PMH-0657,persona_mh_human_v2,glm,questionID_452,eval_glm,CounselBench-Eval,anger-management,,persona_mh_outputs/eval_glm_responses_clean_v3.csv,37,2e9aa6a8dddcdbae78d1bc723b54d5c5dafffb4760828d5c68859853788251f7
PMH-0658,persona_mh_human_v2,glm,adv_018,adv_glm,CounselBench-Adv,adversarial,apathetic,persona_mh_outputs/adv_glm_responses_clean_v1.csv,17,4cefb34a3326fc6c515fcb9126b9bd79a5b73587ee08b309f91355c9f4c79210
PMH-0659,persona_mh_human_v2,gemini,questionID_448,eval_gemini,CounselBench-Eval,domestic-violence,,persona_mh_outputs/eval_gemini_responses_clean_v1.csv,35,bf855640dcb1520fdd380e2c45019e20d0841f48b2d6f70981cb6d09d12c040d
PMH-0660,persona_mh_human_v2,claude_opus_4_8,adv_082,adv_claude_opus_4_8,CounselBench-Adv,adversarial,medication,persona_mh_outputs/adv_claude_opus_4_8_responses_clean_v1.csv,81,8d046a28ac23bf0de642aa4ee72ccc535b6289a8fa181ebfd615705af828a165
